                                                                        S0000001
,,31HOpen CASCADE IGES processor 7.7,13HFilename.iges,                  G0000001
16HOpen CASCADE 7.7,31HOpen CASCADE IGES processor 7.7,32,308,15,308,15,G0000002
,1.,2,2HMM,1,0.01,15H20260204.201058,3.9205E-06,20.650083,6HSYSTEM,,11, G0000003
0,15H20260204.201058,;                                                  G0000004
     402       1       0       0       0       0       0       000000000D0000001
     402       0       0      21       1                C-230184        D0000002
     144      22       0       0       0       0       0       000020000D0000003
     144       0       0       1       0                               0D0000004
     120      23       0       0       0       0       7       000010000D0000005
     120       0       0       1       0                               0D0000006
     124      24       0       0       0       0       0       000000000D0000007
     124       0       0       1       1                               0D0000008
     110      25       0       0       0       0       0       000010000D0000009
     110       0       0       1       0                               0D0000010
     110      26       0       0       0       0       0       000010000D0000011
     110       0       0       1       0                               0D0000012
     142      27       0       0       0       0       0       000010500D0000013
     142       0       0       1       0                               0D0000014
     102      28       0       0       0       0       0       000010000D0000015
     102       0       0       1       0                               0D0000016
     110      29       0       0       0       0       0       000010000D0000017
     110       0       0       2       0                               0D0000018
     110      31       0       0       0       0       0       000010000D0000019
     110       0       0       1       0                               0D0000020
     110      32       0       0       0       0       0       000010000D0000021
     110       0       0       1       0                               0D0000022
     110      33       0       0       0       0       0       000010000D0000023
     110       0       0       1       0                               0D0000024
     102      34       0       0       0       0       0       000010000D0000025
     102       0       0       1       0                               0D0000026
     100      35       0       0       0       0      29       000010000D0000027
     100       0       0       1       0                               0D0000028
     124      36       0       0       0       0       0       000000000D0000029
     124       0       0       2       0                               0D0000030
     110      38       0       0       0       0       0       000010000D0000031
     110       0       0       1       0                               0D0000032
     100      39       0       0       0       0      35       000010000D0000033
     100       0       0       1       0                               0D0000034
     124      40       0       0       0       0       0       000000000D0000035
     124       0       0       1       0                               0D0000036
     110      41       0       0       0       0       0       000010000D0000037
     110       0       0       1       0                               0D0000038
     144      42       0       0       0       0       0       000020000D0000039
     144       0       0       1       0                               0D0000040
     108      43       0       0       0       0       0       000010000D0000041
     108       0       0       2       0                               0D0000042
     142      45       0       0       0       0       0       000010500D0000043
     142       0       0       1       0                               0D0000044
     102      46       0       0       0       0       0       000010000D0000045
     102       0       0       1       0                               0D0000046
     110      47       0       0       0       0       0       000010000D0000047
     110       0       0       1       0                               0D0000048
     110      48       0       0       0       0       0       000010000D0000049
     110       0       0       1       0                               0D0000050
     110      49       0       0       0       0       0       000010000D0000051
     110       0       0       1       0                               0D0000052
     110      50       0       0       0       0       0       000010000D0000053
     110       0       0       1       0                               0D0000054
     144      51       0       0       0       0       0       000020000D0000055
     144       0       0       1       0                               0D0000056
     108      52       0       0       0       0       0       000010000D0000057
     108       0       0       1       0                               0D0000058
     142      53       0       0       0       0       0       000010500D0000059
     142       0       0       1       0                               0D0000060
     102      54       0       0       0       0       0       000010000D0000061
     102       0       0       1       0                               0D0000062
     110      55       0       0       0       0       0       000010000D0000063
     110       0       0       1       0                               0D0000064
     100      56       0       0       0       0      67       000010000D0000065
     100       0       0       1       0                               0D0000066
     124      57       0       0       0       0       0       000000000D0000067
     124       0       0       1       0                               0D0000068
     110      58       0       0       0       0       0       000010000D0000069
     110       0       0       1       0                               0D0000070
     100      59       0       0       0       0      73       000010000D0000071
     100       0       0       1       0                               0D0000072
     124      60       0       0       0       0       0       000000000D0000073
     124       0       0       1       0                               0D0000074
     110      61       0       0       0       0       0       000010000D0000075
     110       0       0       1       0                               0D0000076
     100      62       0       0       0       0      79       000010000D0000077
     100       0       0       1       0                               0D0000078
     124      63       0       0       0       0       0       000000000D0000079
     124       0       0       1       0                               0D0000080
     110      64       0       0       0       0       0       000010000D0000081
     110       0       0       1       0                               0D0000082
     100      65       0       0       0       0      85       000010000D0000083
     100       0       0       1       0                               0D0000084
     124      66       0       0       0       0       0       000000000D0000085
     124       0       0       1       0                               0D0000086
     142      67       0       0       0       0       0       000010500D0000087
     142       0       0       1       0                               0D0000088
     102      68       0       0       0       0       0       000010000D0000089
     102       0       0       1       0                               0D0000090
     110      69       0       0       0       0       0       000010000D0000091
     110       0       0       1       0                               0D0000092
     100      70       0       0       0       0      95       000010000D0000093
     100       0       0       1       0                               0D0000094
     124      71       0       0       0       0       0       000000000D0000095
     124       0       0       2       0                               0D0000096
     110      73       0       0       0       0       0       000010000D0000097
     110       0       0       1       0                               0D0000098
     100      74       0       0       0       0     101       000010000D0000099
     100       0       0       1       0                               0D0000100
     124      75       0       0       0       0       0       000000000D0000101
     124       0       0       1       0                               0D0000102
     110      76       0       0       0       0       0       000010000D0000103
     110       0       0       1       0                               0D0000104
     100      77       0       0       0       0     107       000010000D0000105
     100       0       0       1       0                               0D0000106
     124      78       0       0       0       0       0       000000000D0000107
     124       0       0       2       0                               0D0000108
     110      80       0       0       0       0       0       000010000D0000109
     110       0       0       1       0                               0D0000110
     100      81       0       0       0       0     113       000010000D0000111
     100       0       0       1       0                               0D0000112
     124      82       0       0       0       0       0       000000000D0000113
     124       0       0       1       0                               0D0000114
     142      83       0       0       0       0       0       000010500D0000115
     142       0       0       1       0                               0D0000116
     102      84       0       0       0       0       0       000010000D0000117
     102       0       0       1       0                               0D0000118
     110      85       0       0       0       0       0       000010000D0000119
     110       0       0       1       0                               0D0000120
     100      86       0       0       0       0     123       000010000D0000121
     100       0       0       1       0                               0D0000122
     124      87       0       0       0       0       0       000000000D0000123
     124       0       0       2       0                               0D0000124
     110      89       0       0       0       0       0       000010000D0000125
     110       0       0       1       0                               0D0000126
     100      90       0       0       0       0     129       000010000D0000127
     100       0       0       1       0                               0D0000128
     124      91       0       0       0       0       0       000000000D0000129
     124       0       0       2       0                               0D0000130
     110      93       0       0       0       0       0       000010000D0000131
     110       0       0       1       0                               0D0000132
     100      94       0       0       0       0     135       000010000D0000133
     100       0       0       1       0                               0D0000134
     124      95       0       0       0       0       0       000000000D0000135
     124       0       0       2       0                               0D0000136
     110      97       0       0       0       0       0       000010000D0000137
     110       0       0       1       0                               0D0000138
     100      98       0       0       0       0     141       000010000D0000139
     100       0       0       1       0                               0D0000140
     124      99       0       0       0       0       0       000000000D0000141
     124       0       0       2       0                               0D0000142
     110     101       0       0       0       0       0       000010000D0000143
     110       0       0       1       0                               0D0000144
     100     102       0       0       0       0     147       000010000D0000145
     100       0       0       1       0                               0D0000146
     124     103       0       0       0       0       0       000000000D0000147
     124       0       0       2       0                               0D0000148
     110     105       0       0       0       0       0       000010000D0000149
     110       0       0       1       0                               0D0000150
     100     106       0       0       0       0     153       000010000D0000151
     100       0       0       1       0                               0D0000152
     124     107       0       0       0       0       0       000000000D0000153
     124       0       0       2       0                               0D0000154
     142     109       0       0       0       0       0       000010500D0000155
     142       0       0       1       0                               0D0000156
     102     110       0       0       0       0       0       000010000D0000157
     102       0       0       1       0                               0D0000158
     110     111       0       0       0       0       0       000010000D0000159
     110       0       0       2       0                               0D0000160
     100     113       0       0       0       0     163       000010000D0000161
     100       0       0       1       0                               0D0000162
     124     114       0       0       0       0       0       000000000D0000163
     124       0       0       2       0                               0D0000164
     110     116       0       0       0       0       0       000010000D0000165
     110       0       0       1       0                               0D0000166
     100     117       0       0       0       0     169       000010000D0000167
     100       0       0       1       0                               0D0000168
     124     118       0       0       0       0       0       000000000D0000169
     124       0       0       2       0                               0D0000170
     110     120       0       0       0       0       0       000010000D0000171
     110       0       0       2       0                               0D0000172
     100     122       0       0       0       0     175       000010000D0000173
     100       0       0       1       0                               0D0000174
     124     123       0       0       0       0       0       000000000D0000175
     124       0       0       2       0                               0D0000176
     110     125       0       0       0       0       0       000010000D0000177
     110       0       0       1       0                               0D0000178
     100     126       0       0       0       0     181       000010000D0000179
     100       0       0       1       0                               0D0000180
     124     127       0       0       0       0       0       000000000D0000181
     124       0       0       2       0                               0D0000182
     110     129       0       0       0       0       0       000010000D0000183
     110       0       0       1       0                               0D0000184
     100     130       0       0       0       0     187       000010000D0000185
     100       0       0       1       0                               0D0000186
     124     131       0       0       0       0       0       000000000D0000187
     124       0       0       2       0                               0D0000188
     110     133       0       0       0       0       0       000010000D0000189
     110       0       0       1       0                               0D0000190
     100     134       0       0       0       0     193       000010000D0000191
     100       0       0       1       0                               0D0000192
     124     135       0       0       0       0       0       000000000D0000193
     124       0       0       2       0                               0D0000194
     144     137       0       0       0       0       0       000020000D0000195
     144       0       0       1       0                               0D0000196
     108     138       0       0       0       0       0       000010000D0000197
     108       0       0       1       0                               0D0000198
     142     139       0       0       0       0       0       000010500D0000199
     142       0       0       1       0                               0D0000200
     102     140       0       0       0       0       0       000010000D0000201
     102       0       0       1       0                               0D0000202
     100     141       0       0       0       0     205       000010000D0000203
     100       0       0       1       0                               0D0000204
     124     142       0       0       0       0       0       000000000D0000205
     124       0       0       1       0                               0D0000206
     110     143       0       0       0       0       0       000010000D0000207
     110       0       0       1       0                               0D0000208
     100     144       0       0       0       0     211       000010000D0000209
     100       0       0       1       0                               0D0000210
     124     145       0       0       0       0       0       000000000D0000211
     124       0       0       2       0                               0D0000212
     110     147       0       0       0       0       0       000010000D0000213
     110       0       0       1       0                               0D0000214
     100     148       0       0       0       0     217       000010000D0000215
     100       0       0       1       0                               0D0000216
     124     149       0       0       0       0       0       000000000D0000217
     124       0       0       1       0                               0D0000218
     110     150       0       0       0       0       0       000010000D0000219
     110       0       0       1       0                               0D0000220
     100     151       0       0       0       0     223       000010000D0000221
     100       0       0       1       0                               0D0000222
     124     152       0       0       0       0       0       000000000D0000223
     124       0       0       2       0                               0D0000224
     110     154       0       0       0       0       0       000010000D0000225
     110       0       0       1       0                               0D0000226
     142     155       0       0       0       0       0       000010500D0000227
     142       0       0       1       0                               0D0000228
     102     156       0       0       0       0       0       000010000D0000229
     102       0       0       1       0                               0D0000230
     100     157       0       0       0       0     233       000010000D0000231
     100       0       0       1       0                               0D0000232
     124     158       0       0       0       0       0       000000000D0000233
     124       0       0       1       0                               0D0000234
     100     159       0       0       0       0     237       000010000D0000235
     100       0       0       1       0                               0D0000236
     124     160       0       0       0       0       0       000000000D0000237
     124       0       0       1       0                               0D0000238
     142     161       0       0       0       0       0       000010500D0000239
     142       0       0       1       0                               0D0000240
     102     162       0       0       0       0       0       000010000D0000241
     102       0       0       1       0                               0D0000242
     100     163       0       0       0       0     245       000010000D0000243
     100       0       0       1       0                               0D0000244
     124     164       0       0       0       0       0       000000000D0000245
     124       0       0       1       0                               0D0000246
     100     165       0       0       0       0     249       000010000D0000247
     100       0       0       1       0                               0D0000248
     124     166       0       0       0       0       0       000000000D0000249
     124       0       0       1       0                               0D0000250
     142     167       0       0       0       0       0       000010500D0000251
     142       0       0       1       0                               0D0000252
     102     168       0       0       0       0       0       000010000D0000253
     102       0       0       1       0                               0D0000254
     100     169       0       0       0       0     257       000010000D0000255
     100       0       0       1       0                               0D0000256
     124     170       0       0       0       0       0       000000000D0000257
     124       0       0       1       0                               0D0000258
     100     171       0       0       0       0     261       000010000D0000259
     100       0       0       1       0                               0D0000260
     124     172       0       0       0       0       0       000000000D0000261
     124       0       0       1       0                               0D0000262
     142     173       0       0       0       0       0       000010500D0000263
     142       0       0       1       0                               0D0000264
     102     174       0       0       0       0       0       000010000D0000265
     102       0       0       1       0                               0D0000266
     100     175       0       0       0       0     269       000010000D0000267
     100       0       0       1       0                               0D0000268
     124     176       0       0       0       0       0       000000000D0000269
     124       0       0       1       0                               0D0000270
     100     177       0       0       0       0     273       000010000D0000271
     100       0       0       1       0                               0D0000272
     124     178       0       0       0       0       0       000000000D0000273
     124       0       0       1       0                               0D0000274
     142     179       0       0       0       0       0       000010500D0000275
     142       0       0       1       0                               0D0000276
     102     180       0       0       0       0       0       000010000D0000277
     102       0       0       1       0                               0D0000278
     100     181       0       0       0       0     281       000010000D0000279
     100       0       0       1       0                               0D0000280
     124     182       0       0       0       0       0       000000000D0000281
     124       0       0       1       0                               0D0000282
     100     183       0       0       0       0     285       000010000D0000283
     100       0       0       1       0                               0D0000284
     124     184       0       0       0       0       0       000000000D0000285
     124       0       0       1       0                               0D0000286
     142     185       0       0       0       0       0       000010500D0000287
     142       0       0       1       0                               0D0000288
     102     186       0       0       0       0       0       000010000D0000289
     102       0       0       1       0                               0D0000290
     100     187       0       0       0       0     293       000010000D0000291
     100       0       0       1       0                               0D0000292
     124     188       0       0       0       0       0       000000000D0000293
     124       0       0       1       0                               0D0000294
     100     189       0       0       0       0     297       000010000D0000295
     100       0       0       1       0                               0D0000296
     124     190       0       0       0       0       0       000000000D0000297
     124       0       0       1       0                               0D0000298
     142     191       0       0       0       0       0       000010500D0000299
     142       0       0       1       0                               0D0000300
     102     192       0       0       0       0       0       000010000D0000301
     102       0       0       1       0                               0D0000302
     100     193       0       0       0       0     305       000010000D0000303
     100       0       0       1       0                               0D0000304
     124     194       0       0       0       0       0       000000000D0000305
     124       0       0       1       0                               0D0000306
     100     195       0       0       0       0     309       000010000D0000307
     100       0       0       1       0                               0D0000308
     124     196       0       0       0       0       0       000000000D0000309
     124       0       0       1       0                               0D0000310
     142     197       0       0       0       0       0       000010500D0000311
     142       0       0       1       0                               0D0000312
     102     198       0       0       0       0       0       000010000D0000313
     102       0       0       1       0                               0D0000314
     100     199       0       0       0       0     317       000010000D0000315
     100       0       0       1       0                               0D0000316
     124     200       0       0       0       0       0       000000000D0000317
     124       0       0       1       0                               0D0000318
     100     201       0       0       0       0     321       000010000D0000319
     100       0       0       1       0                               0D0000320
     124     202       0       0       0       0       0       000000000D0000321
     124       0       0       1       0                               0D0000322
     142     203       0       0       0       0       0       000010500D0000323
     142       0       0       1       0                               0D0000324
     102     204       0       0       0       0       0       000010000D0000325
     102       0       0       1       0                               0D0000326
     100     205       0       0       0       0     329       000010000D0000327
     100       0       0       1       0                               0D0000328
     124     206       0       0       0       0       0       000000000D0000329
     124       0       0       1       0                               0D0000330
     100     207       0       0       0       0     333       000010000D0000331
     100       0       0       1       0                               0D0000332
     124     208       0       0       0       0       0       000000000D0000333
     124       0       0       1       0                               0D0000334
     144     209       0       0       0       0       0       000020000D0000335
     144       0       0       1       0                               0D0000336
     120     210       0       0       0       0     339       000010000D0000337
     120       0       0       1       0                               0D0000338
     124     211       0       0       0       0       0       000000000D0000339
     124       0       0       1       0                               0D0000340
     110     212       0       0       0       0       0       000010000D0000341
     110       0       0       1       0                               0D0000342
     110     213       0       0       0       0       0       000010000D0000343
     110       0       0       1       0                               0D0000344
     142     214       0       0       0       0       0       000010500D0000345
     142       0       0       1       0                               0D0000346
     102     215       0       0       0       0       0       000010000D0000347
     102       0       0       1       0                               0D0000348
     110     216       0       0       0       0       0       000010000D0000349
     110       0       0       1       0                               0D0000350
     110     217       0       0       0       0       0       000010000D0000351
     110       0       0       2       0                               0D0000352
     110     219       0       0       0       0       0       000010000D0000353
     110       0       0       1       0                               0D0000354
     110     220       0       0       0       0       0       000010000D0000355
     110       0       0       1       0                               0D0000356
     102     221       0       0       0       0       0       000010000D0000357
     102       0       0       1       0                               0D0000358
     110     222       0       0       0       0       0       000010000D0000359
     110       0       0       1       0                               0D0000360
     100     223       0       0       0       0     363       000010000D0000361
     100       0       0       1       0                               0D0000362
     124     224       0       0       0       0       0       000000000D0000363
     124       0       0       1       0                               0D0000364
     110     225       0       0       0       0       0       000010000D0000365
     110       0       0       1       0                               0D0000366
     100     226       0       0       0       0     369       000010000D0000367
     100       0       0       1       0                               0D0000368
     124     227       0       0       0       0       0       000000000D0000369
     124       0       0       1       0                               0D0000370
     144     228       0       0       0       0       0       000020000D0000371
     144       0       0       1       0                               0D0000372
     108     229       0       0       0       0       0       000010000D0000373
     108       0       0       1       0                               0D0000374
     142     230       0       0       0       0       0       000010500D0000375
     142       0       0       1       0                               0D0000376
     102     231       0       0       0       0       0       000010000D0000377
     102       0       0       1       0                               0D0000378
     110     232       0       0       0       0       0       000010000D0000379
     110       0       0       1       0                               0D0000380
     110     233       0       0       0       0       0       000010000D0000381
     110       0       0       1       0                               0D0000382
     110     234       0       0       0       0       0       000010000D0000383
     110       0       0       1       0                               0D0000384
     100     235       0       0       0       0     387       000010000D0000385
     100       0       0       1       0                               0D0000386
     124     236       0       0       0       0       0       000000000D0000387
     124       0       0       1       0                               0D0000388
     110     237       0       0       0       0       0       000010000D0000389
     110       0       0       1       0                               0D0000390
     100     238       0       0       0       0     393       000010000D0000391
     100       0       0       1       0                               0D0000392
     124     239       0       0       0       0       0       000000000D0000393
     124       0       0       1       0                               0D0000394
     144     240       0       0       0       0       0       000020000D0000395
     144       0       0       1       0                               0D0000396
     108     241       0       0       0       0       0       000010000D0000397
     108       0       0       1       0                               0D0000398
     142     242       0       0       0       0       0       000010500D0000399
     142       0       0       1       0                               0D0000400
     102     243       0       0       0       0       0       000010000D0000401
     102       0       0       1       0                               0D0000402
     110     244       0       0       0       0       0       000010000D0000403
     110       0       0       1       0                               0D0000404
     110     245       0       0       0       0       0       000010000D0000405
     110       0       0       1       0                               0D0000406
     110     246       0       0       0       0       0       000010000D0000407
     110       0       0       1       0                               0D0000408
     110     247       0       0       0       0       0       000010000D0000409
     110       0       0       1       0                               0D0000410
     144     248       0       0       0       0       0       000020000D0000411
     144       0       0       1       0                               0D0000412
     120     249       0       0       0       0     415       000010000D0000413
     120       0       0       1       0                               0D0000414
     124     250       0       0       0       0       0       000000000D0000415
     124       0       0       1       0                               0D0000416
     110     251       0       0       0       0       0       000010000D0000417
     110       0       0       1       0                               0D0000418
     110     252       0       0       0       0       0       000010000D0000419
     110       0       0       1       0                               0D0000420
     142     253       0       0       0       0       0       000010500D0000421
     142       0       0       1       0                               0D0000422
     102     254       0       0       0       0       0       000010000D0000423
     102       0       0       1       0                               0D0000424
     110     255       0       0       0       0       0       000010000D0000425
     110       0       0       1       0                               0D0000426
     110     256       0       0       0       0       0       000010000D0000427
     110       0       0       1       0                               0D0000428
     110     257       0       0       0       0       0       000010000D0000429
     110       0       0       1       0                               0D0000430
     110     258       0       0       0       0       0       000010000D0000431
     110       0       0       1       0                               0D0000432
     102     259       0       0       0       0       0       000010000D0000433
     102       0       0       1       0                               0D0000434
     110     260       0       0       0       0       0       000010000D0000435
     110       0       0       1       0                               0D0000436
     100     261       0       0       0       0     439       000010000D0000437
     100       0       0       1       0                               0D0000438
     124     262       0       0       0       0       0       000000000D0000439
     124       0       0       1       0                               0D0000440
     110     263       0       0       0       0       0       000010000D0000441
     110       0       0       1       0                               0D0000442
     100     264       0       0       0       0     445       000010000D0000443
     100       0       0       1       0                               0D0000444
     124     265       0       0       0       0       0       000000000D0000445
     124       0       0       1       0                               0D0000446
     144     266       0       0       0       0       0       000020000D0000447
     144       0       0       1       0                               0D0000448
     108     267       0       0       0       0       0       000010000D0000449
     108       0       0       1       0                               0D0000450
     142     268       0       0       0       0       0       000010500D0000451
     142       0       0       1       0                               0D0000452
     102     269       0       0       0       0       0       000010000D0000453
     102       0       0       1       0                               0D0000454
     110     270       0       0       0       0       0       000010000D0000455
     110       0       0       1       0                               0D0000456
     110     271       0       0       0       0       0       000010000D0000457
     110       0       0       1       0                               0D0000458
     110     272       0       0       0       0       0       000010000D0000459
     110       0       0       1       0                               0D0000460
     110     273       0       0       0       0       0       000010000D0000461
     110       0       0       1       0                               0D0000462
     110     274       0       0       0       0       0       000010000D0000463
     110       0       0       1       0                               0D0000464
     110     275       0       0       0       0       0       000010000D0000465
     110       0       0       1       0                               0D0000466
     110     276       0       0       0       0       0       000010000D0000467
     110       0       0       1       0                               0D0000468
     110     277       0       0       0       0       0       000010000D0000469
     110       0       0       1       0                               0D0000470
     110     278       0       0       0       0       0       000010000D0000471
     110       0       0       1       0                               0D0000472
     110     279       0       0       0       0       0       000010000D0000473
     110       0       0       1       0                               0D0000474
     110     280       0       0       0       0       0       000010000D0000475
     110       0       0       1       0                               0D0000476
     110     281       0       0       0       0       0       000010000D0000477
     110       0       0       1       0                               0D0000478
     144     282       0       0       0       0       0       000020000D0000479
     144       0       0       1       0                               0D0000480
     108     283       0       0       0       0       0       000010000D0000481
     108       0       0       1       0                               0D0000482
     142     284       0       0       0       0       0       000010500D0000483
     142       0       0       1       0                               0D0000484
     102     285       0       0       0       0       0       000010000D0000485
     102       0       0       1       0                               0D0000486
     110     286       0       0       0       0       0       000010000D0000487
     110       0       0       1       0                               0D0000488
     110     287       0       0       0       0       0       000010000D0000489
     110       0       0       1       0                               0D0000490
     110     288       0       0       0       0       0       000010000D0000491
     110       0       0       1       0                               0D0000492
     110     289       0       0       0       0       0       000010000D0000493
     110       0       0       1       0                               0D0000494
     110     290       0       0       0       0       0       000010000D0000495
     110       0       0       1       0                               0D0000496
     110     291       0       0       0       0       0       000010000D0000497
     110       0       0       1       0                               0D0000498
     100     292       0       0       0       0     501       000010000D0000499
     100       0       0       1       0                               0D0000500
     124     293       0       0       0       0       0       000000000D0000501
     124       0       0       1       0                               0D0000502
     110     294       0       0       0       0       0       000010000D0000503
     110       0       0       1       0                               0D0000504
     144     295       0       0       0       0       0       000020000D0000505
     144       0       0       1       0                               0D0000506
     108     296       0       0       0       0       0       000010000D0000507
     108       0       0       1       0                               0D0000508
     142     297       0       0       0       0       0       000010500D0000509
     142       0       0       1       0                               0D0000510
     102     298       0       0       0       0       0       000010000D0000511
     102       0       0       1       0                               0D0000512
     100     299       0       0       0       0     515       000010000D0000513
     100       0       0       1       0                               0D0000514
     124     300       0       0       0       0       0       000000000D0000515
     124       0       0       2       0                               0D0000516
     110     302       0       0       0       0       0       000010000D0000517
     110       0       0       1       0                               0D0000518
     110     303       0       0       0       0       0       000010000D0000519
     110       0       0       1       0                               0D0000520
     110     304       0       0       0       0       0       000010000D0000521
     110       0       0       1       0                               0D0000522
     110     305       0       0       0       0       0       000010000D0000523
     110       0       0       1       0                               0D0000524
     110     306       0       0       0       0       0       000010000D0000525
     110       0       0       1       0                               0D0000526
     144     307       0       0       0       0       0       000020000D0000527
     144       0       0       1       0                               0D0000528
     108     308       0       0       0       0       0       000010000D0000529
     108       0       0       1       0                               0D0000530
     142     309       0       0       0       0       0       000010500D0000531
     142       0       0       1       0                               0D0000532
     102     310       0       0       0       0       0       000010000D0000533
     102       0       0       1       0                               0D0000534
     110     311       0       0       0       0       0       000010000D0000535
     110       0       0       1       0                               0D0000536
     100     312       0       0       0       0     539       000010000D0000537
     100       0       0       1       0                               0D0000538
     124     313       0       0       0       0       0       000000000D0000539
     124       0       0       2       0                               0D0000540
     110     315       0       0       0       0       0       000010000D0000541
     110       0       0       1       0                               0D0000542
     110     316       0       0       0       0       0       000010000D0000543
     110       0       0       1       0                               0D0000544
     110     317       0       0       0       0       0       000010000D0000545
     110       0       0       1       0                               0D0000546
     110     318       0       0       0       0       0       000010000D0000547
     110       0       0       1       0                               0D0000548
     100     319       0       0       0       0     551       000010000D0000549
     100       0       0       1       0                               0D0000550
     124     320       0       0       0       0       0       000000000D0000551
     124       0       0       1       0                               0D0000552
     110     321       0       0       0       0       0       000010000D0000553
     110       0       0       1       0                               0D0000554
     110     322       0       0       0       0       0       000010000D0000555
     110       0       0       1       0                               0D0000556
     144     323       0       0       0       0       0       000020000D0000557
     144       0       0       1       0                               0D0000558
     108     324       0       0       0       0       0       000010000D0000559
     108       0       0       2       0                               0D0000560
     142     326       0       0       0       0       0       000010500D0000561
     142       0       0       1       0                               0D0000562
     102     327       0       0       0       0       0       000010000D0000563
     102       0       0       1       0                               0D0000564
     110     328       0       0       0       0       0       000010000D0000565
     110       0       0       1       0                               0D0000566
     110     329       0       0       0       0       0       000010000D0000567
     110       0       0       1       0                               0D0000568
     110     330       0       0       0       0       0       000010000D0000569
     110       0       0       2       0                               0D0000570
     110     332       0       0       0       0       0       000010000D0000571
     110       0       0       1       0                               0D0000572
     144     333       0       0       0       0       0       000020000D0000573
     144       0       0       1       0                               0D0000574
     108     334       0       0       0       0       0       000010000D0000575
     108       0       0       1       0                               0D0000576
     142     335       0       0       0       0       0       000010500D0000577
     142       0       0       1       0                               0D0000578
     102     336       0       0       0       0       0       000010000D0000579
     102       0       0       1       0                               0D0000580
     110     337       0       0       0       0       0       000010000D0000581
     110       0       0       1       0                               0D0000582
     110     338       0       0       0       0       0       000010000D0000583
     110       0       0       1       0                               0D0000584
     110     339       0       0       0       0       0       000010000D0000585
     110       0       0       1       0                               0D0000586
     110     340       0       0       0       0       0       000010000D0000587
     110       0       0       1       0                               0D0000588
     110     341       0       0       0       0       0       000010000D0000589
     110       0       0       1       0                               0D0000590
     100     342       0       0       0       0     593       000010000D0000591
     100       0       0       1       0                               0D0000592
     124     343       0       0       0       0       0       000000000D0000593
     124       0       0       2       0                               0D0000594
     110     345       0       0       0       0       0       000010000D0000595
     110       0       0       1       0                               0D0000596
     144     346       0       0       0       0       0       000020000D0000597
     144       0       0       1       0                               0D0000598
     108     347       0       0       0       0       0       000010000D0000599
     108       0       0       1       0                               0D0000600
     142     348       0       0       0       0       0       000010500D0000601
     142       0       0       1       0                               0D0000602
     102     349       0       0       0       0       0       000010000D0000603
     102       0       0       1       0                               0D0000604
     100     350       0       0       0       0     607       000010000D0000605
     100       0       0       1       0                               0D0000606
     124     351       0       0       0       0       0       000000000D0000607
     124       0       0       2       0                               0D0000608
     110     353       0       0       0       0       0       000010000D0000609
     110       0       0       1       0                               0D0000610
     110     354       0       0       0       0       0       000010000D0000611
     110       0       0       1       0                               0D0000612
     110     355       0       0       0       0       0       000010000D0000613
     110       0       0       1       0                               0D0000614
     110     356       0       0       0       0       0       000010000D0000615
     110       0       0       1       0                               0D0000616
     110     357       0       0       0       0       0       000010000D0000617
     110       0       0       1       0                               0D0000618
     110     358       0       0       0       0       0       000010000D0000619
     110       0       0       1       0                               0D0000620
     144     359       0       0       0       0       0       000020000D0000621
     144       0       0       1       0                               0D0000622
     108     360       0       0       0       0       0       000010000D0000623
     108       0       0       2       0                               0D0000624
     142     362       0       0       0       0       0       000010500D0000625
     142       0       0       1       0                               0D0000626
     102     363       0       0       0       0       0       000010000D0000627
     102       0       0       1       0                               0D0000628
     110     364       0       0       0       0       0       000010000D0000629
     110       0       0       2       0                               0D0000630
     110     366       0       0       0       0       0       000010000D0000631
     110       0       0       1       0                               0D0000632
     110     367       0       0       0       0       0       000010000D0000633
     110       0       0       1       0                               0D0000634
     110     368       0       0       0       0       0       000010000D0000635
     110       0       0       1       0                               0D0000636
     144     369       0       0       0       0       0       000020000D0000637
     144       0       0       1       0                               0D0000638
     108     370       0       0       0       0       0       000010000D0000639
     108       0       0       1       0                               0D0000640
     142     371       0       0       0       0       0       000010500D0000641
     142       0       0       1       0                               0D0000642
     102     372       0       0       0       0       0       000010000D0000643
     102       0       0       1       0                               0D0000644
     110     373       0       0       0       0       0       000010000D0000645
     110       0       0       1       0                               0D0000646
     110     374       0       0       0       0       0       000010000D0000647
     110       0       0       1       0                               0D0000648
     110     375       0       0       0       0       0       000010000D0000649
     110       0       0       1       0                               0D0000650
     110     376       0       0       0       0       0       000010000D0000651
     110       0       0       1       0                               0D0000652
     144     377       0       0       0       0       0       000020000D0000653
     144       0       0       1       0                               0D0000654
     108     378       0       0       0       0       0       000010000D0000655
     108       0       0       1       0                               0D0000656
     142     379       0       0       0       0       0       000010500D0000657
     142       0       0       1       0                               0D0000658
     102     380       0       0       0       0       0       000010000D0000659
     102       0       0       1       0                               0D0000660
     110     381       0       0       0       0       0       000010000D0000661
     110       0       0       1       0                               0D0000662
     110     382       0       0       0       0       0       000010000D0000663
     110       0       0       1       0                               0D0000664
     110     383       0       0       0       0       0       000010000D0000665
     110       0       0       1       0                               0D0000666
     110     384       0       0       0       0       0       000010000D0000667
     110       0       0       1       0                               0D0000668
     144     385       0       0       0       0       0       000020000D0000669
     144       0       0       1       0                               0D0000670
     108     386       0       0       0       0       0       000010000D0000671
     108       0       0       1       0                               0D0000672
     142     387       0       0       0       0       0       000010500D0000673
     142       0       0       1       0                               0D0000674
     102     388       0       0       0       0       0       000010000D0000675
     102       0       0       1       0                               0D0000676
     110     389       0       0       0       0       0       000010000D0000677
     110       0       0       1       0                               0D0000678
     100     390       0       0       0       0     681       000010000D0000679
     100       0       0       1       0                               0D0000680
     124     391       0       0       0       0       0       000000000D0000681
     124       0       0       2       0                               0D0000682
     110     393       0       0       0       0       0       000010000D0000683
     110       0       0       1       0                               0D0000684
     110     394       0       0       0       0       0       000010000D0000685
     110       0       0       1       0                               0D0000686
     110     395       0       0       0       0       0       000010000D0000687
     110       0       0       1       0                               0D0000688
     100     396       0       0       0       0     691       000010000D0000689
     100       0       0       1       0                               0D0000690
     124     397       0       0       0       0       0       000000000D0000691
     124       0       0       2       0                               0D0000692
     110     399       0       0       0       0       0       000010000D0000693
     110       0       0       1       0                               0D0000694
     110     400       0       0       0       0       0       000010000D0000695
     110       0       0       1       0                               0D0000696
     144     401       0       0       0       0       0       000020000D0000697
     144       0       0       1       0                               0D0000698
     120     402       0       0       0       0     701       000010000D0000699
     120       0       0       1       0                               0D0000700
     124     403       0       0       0       0       0       000000000D0000701
     124       0       0       1       1                               0D0000702
     110     404       0       0       0       0       0       000010000D0000703
     110       0       0       1       0                               0D0000704
     110     405       0       0       0       0       0       000010000D0000705
     110       0       0       1       0                               0D0000706
     142     406       0       0       0       0       0       000010500D0000707
     142       0       0       1       0                               0D0000708
     102     407       0       0       0       0       0       000010000D0000709
     102       0       0       1       0                               0D0000710
     110     408       0       0       0       0       0       000010000D0000711
     110       0       0       1       0                               0D0000712
     110     409       0       0       0       0       0       000010000D0000713
     110       0       0       1       0                               0D0000714
     110     410       0       0       0       0       0       000010000D0000715
     110       0       0       2       0                               0D0000716
     110     412       0       0       0       0       0       000010000D0000717
     110       0       0       1       0                               0D0000718
     102     413       0       0       0       0       0       000010000D0000719
     102       0       0       1       0                               0D0000720
     100     414       0       0       0       0     723       000010000D0000721
     100       0       0       1       0                               0D0000722
     124     415       0       0       0       0       0       000000000D0000723
     124       0       0       1       0                               0D0000724
     110     416       0       0       0       0       0       000010000D0000725
     110       0       0       1       0                               0D0000726
     100     417       0       0       0       0     729       000010000D0000727
     100       0       0       1       0                               0D0000728
     124     418       0       0       0       0       0       000000000D0000729
     124       0       0       1       0                               0D0000730
     110     419       0       0       0       0       0       000010000D0000731
     110       0       0       1       0                               0D0000732
     144     420       0       0       0       0       0       000020000D0000733
     144       0       0       1       0                               0D0000734
     108     421       0       0       0       0       0       000010000D0000735
     108       0       0       1       0                               0D0000736
     142     422       0       0       0       0       0       000010500D0000737
     142       0       0       1       0                               0D0000738
     102     423       0       0       0       0       0       000010000D0000739
     102       0       0       2       0                               0D0000740
     110     425       0       0       0       0       0       000010000D0000741
     110       0       0       1       0                               0D0000742
     110     426       0       0       0       0       0       000010000D0000743
     110       0       0       1       0                               0D0000744
     110     427       0       0       0       0       0       000010000D0000745
     110       0       0       1       0                               0D0000746
     110     428       0       0       0       0       0       000010000D0000747
     110       0       0       1       0                               0D0000748
     110     429       0       0       0       0       0       000010000D0000749
     110       0       0       1       0                               0D0000750
     110     430       0       0       0       0       0       000010000D0000751
     110       0       0       1       0                               0D0000752
     110     431       0       0       0       0       0       000010000D0000753
     110       0       0       1       0                               0D0000754
     110     432       0       0       0       0       0       000010000D0000755
     110       0       0       1       0                               0D0000756
     110     433       0       0       0       0       0       000010000D0000757
     110       0       0       1       0                               0D0000758
     110     434       0       0       0       0       0       000010000D0000759
     110       0       0       1       0                               0D0000760
     110     435       0       0       0       0       0       000010000D0000761
     110       0       0       1       0                               0D0000762
     110     436       0       0       0       0       0       000010000D0000763
     110       0       0       1       0                               0D0000764
     110     437       0       0       0       0       0       000010000D0000765
     110       0       0       1       0                               0D0000766
     110     438       0       0       0       0       0       000010000D0000767
     110       0       0       1       0                               0D0000768
     110     439       0       0       0       0       0       000010000D0000769
     110       0       0       1       0                               0D0000770
     100     440       0       0       0       0     773       000010000D0000771
     100       0       0       1       0                               0D0000772
     124     441       0       0       0       0       0       000000000D0000773
     124       0       0       1       0                               0D0000774
     144     442       0       0       0       0       0       000020000D0000775
     144       0       0       1       0                               0D0000776
     120     443       0       0       0       0     779       000010000D0000777
     120       0       0       1       0                               0D0000778
     124     444       0       0       0       0       0       000000000D0000779
     124       0       0       1       0                               0D0000780
     110     445       0       0       0       0       0       000010000D0000781
     110       0       0       1       0                               0D0000782
     110     446       0       0       0       0       0       000010000D0000783
     110       0       0       1       0                               0D0000784
     142     447       0       0       0       0       0       000010500D0000785
     142       0       0       1       0                               0D0000786
     102     448       0       0       0       0       0       000010000D0000787
     102       0       0       1       0                               0D0000788
     110     449       0       0       0       0       0       000010000D0000789
     110       0       0       1       0                               0D0000790
     110     450       0       0       0       0       0       000010000D0000791
     110       0       0       2       0                               0D0000792
     110     452       0       0       0       0       0       000010000D0000793
     110       0       0       1       0                               0D0000794
     110     453       0       0       0       0       0       000010000D0000795
     110       0       0       1       0                               0D0000796
     102     454       0       0       0       0       0       000010000D0000797
     102       0       0       1       0                               0D0000798
     110     455       0       0       0       0       0       000010000D0000799
     110       0       0       1       0                               0D0000800
     100     456       0       0       0       0     803       000010000D0000801
     100       0       0       1       0                               0D0000802
     124     457       0       0       0       0       0       000000000D0000803
     124       0       0       2       0                               0D0000804
     110     459       0       0       0       0       0       000010000D0000805
     110       0       0       1       0                               0D0000806
     100     460       0       0       0       0     809       000010000D0000807
     100       0       0       1       0                               0D0000808
     124     461       0       0       0       0       0       000000000D0000809
     124       0       0       2       0                               0D0000810
     144     463       0       0       0       0       0       000020000D0000811
     144       0       0       1       0                               0D0000812
     120     464       0       0       0       0     815       000010000D0000813
     120       0       0       1       0                               0D0000814
     124     465       0       0       0       0       0       000000000D0000815
     124       0       0       1       0                               0D0000816
     110     466       0       0       0       0       0       000010000D0000817
     110       0       0       1       0                               0D0000818
     110     467       0       0       0       0       0       000010000D0000819
     110       0       0       1       0                               0D0000820
     142     468       0       0       0       0       0       000010500D0000821
     142       0       0       1       0                               0D0000822
     102     469       0       0       0       0       0       000010000D0000823
     102       0       0       1       0                               0D0000824
     110     470       0       0       0       0       0       000010000D0000825
     110       0       0       1       0                               0D0000826
     110     471       0       0       0       0       0       000010000D0000827
     110       0       0       1       0                               0D0000828
     110     472       0       0       0       0       0       000010000D0000829
     110       0       0       1       0                               0D0000830
     110     473       0       0       0       0       0       000010000D0000831
     110       0       0       2       0                               0D0000832
     102     475       0       0       0       0       0       000010000D0000833
     102       0       0       1       0                               0D0000834
     110     476       0       0       0       0       0       000010000D0000835
     110       0       0       1       0                               0D0000836
     100     477       0       0       0       0     839       000010000D0000837
     100       0       0       1       0                               0D0000838
     124     478       0       0       0       0       0       000000000D0000839
     124       0       0       2       0                               0D0000840
     110     480       0       0       0       0       0       000010000D0000841
     110       0       0       1       0                               0D0000842
     100     481       0       0       0       0     845       000010000D0000843
     100       0       0       1       0                               0D0000844
     124     482       0       0       0       0       0       000000000D0000845
     124       0       0       2       0                               0D0000846
     144     484       0       0       0       0       0       000020000D0000847
     144       0       0       1       0                               0D0000848
     108     485       0       0       0       0       0       000010000D0000849
     108       0       0       1       0                               0D0000850
     142     486       0       0       0       0       0       000010500D0000851
     142       0       0       1       0                               0D0000852
     102     487       0       0       0       0       0       000010000D0000853
     102       0       0       1       0                               0D0000854
     110     488       0       0       0       0       0       000010000D0000855
     110       0       0       1       0                               0D0000856
     100     489       0       0       0       0     859       000010000D0000857
     100       0       0       1       0                               0D0000858
     124     490       0       0       0       0       0       000000000D0000859
     124       0       0       2       0                               0D0000860
     110     492       0       0       0       0       0       000010000D0000861
     110       0       0       1       0                               0D0000862
     110     493       0       0       0       0       0       000010000D0000863
     110       0       0       1       0                               0D0000864
     110     494       0       0       0       0       0       000010000D0000865
     110       0       0       1       0                               0D0000866
     100     495       0       0       0       0     869       000010000D0000867
     100       0       0       1       0                               0D0000868
     124     496       0       0       0       0       0       000000000D0000869
     124       0       0       2       0                               0D0000870
     110     498       0       0       0       0       0       000010000D0000871
     110       0       0       1       0                               0D0000872
     110     499       0       0       0       0       0       000010000D0000873
     110       0       0       1       0                               0D0000874
     144     500       0       0       0       0       0       000020000D0000875
     144       0       0       1       0                               0D0000876
     108     501       0       0       0       0       0       000010000D0000877
     108       0       0       1       0                               0D0000878
     142     502       0       0       0       0       0       000010500D0000879
     142       0       0       1       0                               0D0000880
     102     503       0       0       0       0       0       000010000D0000881
     102       0       0       1       0                               0D0000882
     100     504       0       0       0       0     885       000010000D0000883
     100       0       0       1       0                               0D0000884
     124     505       0       0       0       0       0       000000000D0000885
     124       0       0       2       0                               0D0000886
     110     507       0       0       0       0       0       000010000D0000887
     110       0       0       1       0                               0D0000888
     110     508       0       0       0       0       0       000010000D0000889
     110       0       0       1       0                               0D0000890
     110     509       0       0       0       0       0       000010000D0000891
     110       0       0       1       0                               0D0000892
     110     510       0       0       0       0       0       000010000D0000893
     110       0       0       1       0                               0D0000894
     110     511       0       0       0       0       0       000010000D0000895
     110       0       0       1       0                               0D0000896
     110     512       0       0       0       0       0       000010000D0000897
     110       0       0       1       0                               0D0000898
     144     513       0       0       0       0       0       000020000D0000899
     144       0       0       1       0                               0D0000900
     108     514       0       0       0       0       0       000010000D0000901
     108       0       0       1       0                               0D0000902
     142     515       0       0       0       0       0       000010500D0000903
     142       0       0       1       0                               0D0000904
     102     516       0       0       0       0       0       000010000D0000905
     102       0       0       1       0                               0D0000906
     110     517       0       0       0       0       0       000010000D0000907
     110       0       0       1       0                               0D0000908
     110     518       0       0       0       0       0       000010000D0000909
     110       0       0       1       0                               0D0000910
     110     519       0       0       0       0       0       000010000D0000911
     110       0       0       1       0                               0D0000912
     110     520       0       0       0       0       0       000010000D0000913
     110       0       0       1       0                               0D0000914
     110     521       0       0       0       0       0       000010000D0000915
     110       0       0       1       0                               0D0000916
     100     522       0       0       0       0     919       000010000D0000917
     100       0       0       1       0                               0D0000918
     124     523       0       0       0       0       0       000000000D0000919
     124       0       0       2       0                               0D0000920
     110     525       0       0       0       0       0       000010000D0000921
     110       0       0       1       0                               0D0000922
     144     526       0       0       0       0       0       000020000D0000923
     144       0       0       1       0                               0D0000924
     120     527       0       0       0       0     927       000010000D0000925
     120       0       0       1       0                               0D0000926
     124     528       0       0       0       0       0       000000000D0000927
     124       0       0       1       1                               0D0000928
     110     529       0       0       0       0       0       000010000D0000929
     110       0       0       1       0                               0D0000930
     110     530       0       0       0       0       0       000010000D0000931
     110       0       0       1       0                               0D0000932
     142     531       0       0       0       0       0       000010500D0000933
     142       0       0       1       0                               0D0000934
     102     532       0       0       0       0       0       000010000D0000935
     102       0       0       1       0                               0D0000936
     110     533       0       0       0       0       0       000010000D0000937
     110       0       0       1       0                               0D0000938
     110     534       0       0       0       0       0       000010000D0000939
     110       0       0       2       0                               0D0000940
     110     536       0       0       0       0       0       000010000D0000941
     110       0       0       1       0                               0D0000942
     110     537       0       0       0       0       0       000010000D0000943
     110       0       0       1       0                               0D0000944
     102     538       0       0       0       0       0       000010000D0000945
     102       0       0       1       0                               0D0000946
     110     539       0       0       0       0       0       000010000D0000947
     110       0       0       1       0                               0D0000948
     100     540       0       0       0       0     951       000010000D0000949
     100       0       0       1       0                               0D0000950
     124     541       0       0       0       0       0       000000000D0000951
     124       0       0       1       0                               0D0000952
     110     542       0       0       0       0       0       000010000D0000953
     110       0       0       1       0                               0D0000954
     100     543       0       0       0       0     957       000010000D0000955
     100       0       0       1       0                               0D0000956
     124     544       0       0       0       0       0       000000000D0000957
     124       0       0       2       0                               0D0000958
     144     546       0       0       0       0       0       000020000D0000959
     144       0       0       1       0                               0D0000960
     120     547       0       0       0       0     963       000010000D0000961
     120       0       0       1       0                               0D0000962
     124     548       0       0       0       0       0       000000000D0000963
     124       0       0       1       1                               0D0000964
     110     549       0       0       0       0       0       000010000D0000965
     110       0       0       1       0                               0D0000966
     110     550       0       0       0       0       0       000010000D0000967
     110       0       0       1       0                               0D0000968
     142     551       0       0       0       0       0       000010500D0000969
     142       0       0       1       0                               0D0000970
     102     552       0       0       0       0       0       000010000D0000971
     102       0       0       1       0                               0D0000972
     110     553       0       0       0       0       0       000010000D0000973
     110       0       0       1       0                               0D0000974
     110     554       0       0       0       0       0       000010000D0000975
     110       0       0       1       0                               0D0000976
     110     555       0       0       0       0       0       000010000D0000977
     110       0       0       1       0                               0D0000978
     110     556       0       0       0       0       0       000010000D0000979
     110       0       0       2       0                               0D0000980
     102     558       0       0       0       0       0       000010000D0000981
     102       0       0       1       0                               0D0000982
     110     559       0       0       0       0       0       000010000D0000983
     110       0       0       1       0                               0D0000984
     100     560       0       0       0       0     987       000010000D0000985
     100       0       0       1       0                               0D0000986
     124     561       0       0       0       0       0       000000000D0000987
     124       0       0       1       0                               0D0000988
     110     562       0       0       0       0       0       000010000D0000989
     110       0       0       1       0                               0D0000990
     100     563       0       0       0       0     993       000010000D0000991
     100       0       0       1       0                               0D0000992
     124     564       0       0       0       0       0       000000000D0000993
     124       0       0       2       0                               0D0000994
     144     566       0       0       0       0       0       000020000D0000995
     144       0       0       1       0                               0D0000996
     108     567       0       0       0       0       0       000010000D0000997
     108       0       0       1       0                               0D0000998
     142     568       0       0       0       0       0       000010500D0000999
     142       0       0       1       0                               0D0001000
     102     569       0       0       0       0       0       000010000D0001001
     102       0       0       1       0                               0D0001002
     110     570       0       0       0       0       0       000010000D0001003
     110       0       0       1       0                               0D0001004
     100     571       0       0       0       0    1007       000010000D0001005
     100       0       0       1       0                               0D0001006
     124     572       0       0       0       0       0       000000000D0001007
     124       0       0       1       0                               0D0001008
     110     573       0       0       0       0       0       000010000D0001009
     110       0       0       1       0                               0D0001010
     110     574       0       0       0       0       0       000010000D0001011
     110       0       0       1       0                               0D0001012
     110     575       0       0       0       0       0       000010000D0001013
     110       0       0       1       0                               0D0001014
     110     576       0       0       0       0       0       000010000D0001015
     110       0       0       1       0                               0D0001016
     100     577       0       0       0       0    1019       000010000D0001017
     100       0       0       1       0                               0D0001018
     124     578       0       0       0       0       0       000000000D0001019
     124       0       0       2       0                               0D0001020
     110     580       0       0       0       0       0       000010000D0001021
     110       0       0       1       0                               0D0001022
     110     581       0       0       0       0       0       000010000D0001023
     110       0       0       1       0                               0D0001024
     144     582       0       0       0       0       0       000020000D0001025
     144       0       0       1       0                               0D0001026
     108     583       0       0       0       0       0       000010000D0001027
     108       0       0       2       0                               0D0001028
     142     585       0       0       0       0       0       000010500D0001029
     142       0       0       1       0                               0D0001030
     102     586       0       0       0       0       0       000010000D0001031
     102       0       0       1       0                               0D0001032
     110     587       0       0       0       0       0       000010000D0001033
     110       0       0       2       0                               0D0001034
     110     589       0       0       0       0       0       000010000D0001035
     110       0       0       1       0                               0D0001036
     110     590       0       0       0       0       0       000010000D0001037
     110       0       0       1       0                               0D0001038
     110     591       0       0       0       0       0       000010000D0001039
     110       0       0       1       0                               0D0001040
     144     592       0       0       0       0       0       000020000D0001041
     144       0       0       1       0                               0D0001042
     120     593       0       0       0       0    1045       000010000D0001043
     120       0       0       1       0                               0D0001044
     124     594       0       0       0       0       0       000000000D0001045
     124       0       0       1       0                               0D0001046
     110     595       0       0       0       0       0       000010000D0001047
     110       0       0       1       0                               0D0001048
     110     596       0       0       0       0       0       000010000D0001049
     110       0       0       1       0                               0D0001050
     142     597       0       0       0       0       0       000010500D0001051
     142       0       0       1       0                               0D0001052
     102     598       0       0       0       0       0       000010000D0001053
     102       0       0       1       0                               0D0001054
     110     599       0       0       0       0       0       000010000D0001055
     110       0       0       1       0                               0D0001056
     110     600       0       0       0       0       0       000010000D0001057
     110       0       0       1       0                               0D0001058
     110     601       0       0       0       0       0       000010000D0001059
     110       0       0       1       0                               0D0001060
     110     602       0       0       0       0       0       000010000D0001061
     110       0       0       2       0                               0D0001062
     102     604       0       0       0       0       0       000010000D0001063
     102       0       0       1       0                               0D0001064
     110     605       0       0       0       0       0       000010000D0001065
     110       0       0       2       0                               0D0001066
     100     607       0       0       0       0    1069       000010000D0001067
     100       0       0       1       0                               0D0001068
     124     608       0       0       0       0       0       000000000D0001069
     124       0       0       2       0                               0D0001070
     110     610       0       0       0       0       0       000010000D0001071
     110       0       0       2       0                               0D0001072
     100     612       0       0       0       0    1075       000010000D0001073
     100       0       0       1       0                               0D0001074
     124     613       0       0       0       0       0       000000000D0001075
     124       0       0       2       0                               0D0001076
     144     615       0       0       0       0       0       000020000D0001077
     144       0       0       1       0                               0D0001078
     108     616       0       0       0       0       0       000010000D0001079
     108       0       0       2       0                               0D0001080
     142     618       0       0       0       0       0       000010500D0001081
     142       0       0       1       0                               0D0001082
     102     619       0       0       0       0       0       000010000D0001083
     102       0       0       1       0                               0D0001084
     110     620       0       0       0       0       0       000010000D0001085
     110       0       0       2       0                               0D0001086
     110     622       0       0       0       0       0       000010000D0001087
     110       0       0       1       0                               0D0001088
     110     623       0       0       0       0       0       000010000D0001089
     110       0       0       1       0                               0D0001090
     110     624       0       0       0       0       0       000010000D0001091
     110       0       0       1       0                               0D0001092
     144     625       0       0       0       0       0       000020000D0001093
     144       0       0       1       0                               0D0001094
     108     626       0       0       0       0       0       000010000D0001095
     108       0       0       1       0                               0D0001096
     142     627       0       0       0       0       0       000010500D0001097
     142       0       0       1       0                               0D0001098
     102     628       0       0       0       0       0       000010000D0001099
     102       0       0       1       0                               0D0001100
     110     629       0       0       0       0       0       000010000D0001101
     110       0       0       1       0                               0D0001102
     110     630       0       0       0       0       0       000010000D0001103
     110       0       0       1       0                               0D0001104
     110     631       0       0       0       0       0       000010000D0001105
     110       0       0       1       0                               0D0001106
     110     632       0       0       0       0       0       000010000D0001107
     110       0       0       1       0                               0D0001108
     144     633       0       0       0       0       0       000020000D0001109
     144       0       0       1       0                               0D0001110
     108     634       0       0       0       0       0       000010000D0001111
     108       0       0       1       0                               0D0001112
     142     635       0       0       0       0       0       000010500D0001113
     142       0       0       1       0                               0D0001114
     102     636       0       0       0       0       0       000010000D0001115
     102       0       0       1       0                               0D0001116
     110     637       0       0       0       0       0       000010000D0001117
     110       0       0       1       0                               0D0001118
     110     638       0       0       0       0       0       000010000D0001119
     110       0       0       1       0                               0D0001120
     110     639       0       0       0       0       0       000010000D0001121
     110       0       0       1       0                               0D0001122
     110     640       0       0       0       0       0       000010000D0001123
     110       0       0       1       0                               0D0001124
     144     641       0       0       0       0       0       000020000D0001125
     144       0       0       1       0                               0D0001126
     108     642       0       0       0       0       0       000010000D0001127
     108       0       0       1       0                               0D0001128
     142     643       0       0       0       0       0       000010500D0001129
     142       0       0       1       0                               0D0001130
     102     644       0       0       0       0       0       000010000D0001131
     102       0       0       1       0                               0D0001132
     110     645       0       0       0       0       0       000010000D0001133
     110       0       0       1       0                               0D0001134
     110     646       0       0       0       0       0       000010000D0001135
     110       0       0       1       0                               0D0001136
     110     647       0       0       0       0       0       000010000D0001137
     110       0       0       1       0                               0D0001138
     110     648       0       0       0       0       0       000010000D0001139
     110       0       0       1       0                               0D0001140
     144     649       0       0       0       0       0       000020000D0001141
     144       0       0       1       0                               0D0001142
     108     650       0       0       0       0       0       000010000D0001143
     108       0       0       1       0                               0D0001144
     142     651       0       0       0       0       0       000010500D0001145
     142       0       0       1       0                               0D0001146
     102     652       0       0       0       0       0       000010000D0001147
     102       0       0       1       0                               0D0001148
     110     653       0       0       0       0       0       000010000D0001149
     110       0       0       1       0                               0D0001150
     110     654       0       0       0       0       0       000010000D0001151
     110       0       0       1       0                               0D0001152
     100     655       0       0       0       0    1155       000010000D0001153
     100       0       0       1       0                               0D0001154
     124     656       0       0       0       0       0       000000000D0001155
     124       0       0       1       0                               0D0001156
     110     657       0       0       0       0       0       000010000D0001157
     110       0       0       1       0                               0D0001158
     110     658       0       0       0       0       0       000010000D0001159
     110       0       0       1       0                               0D0001160
     110     659       0       0       0       0       0       000010000D0001161
     110       0       0       1       0                               0D0001162
     110     660       0       0       0       0       0       000010000D0001163
     110       0       0       1       0                               0D0001164
     110     661       0       0       0       0       0       000010000D0001165
     110       0       0       1       0                               0D0001166
     110     662       0       0       0       0       0       000010000D0001167
     110       0       0       1       0                               0D0001168
     110     663       0       0       0       0       0       000010000D0001169
     110       0       0       1       0                               0D0001170
     110     664       0       0       0       0       0       000010000D0001171
     110       0       0       1       0                               0D0001172
     144     665       0       0       0       0       0       000020000D0001173
     144       0       0       1       0                               0D0001174
     108     666       0       0       0       0       0       000010000D0001175
     108       0       0       1       0                               0D0001176
     142     667       0       0       0       0       0       000010500D0001177
     142       0       0       1       0                               0D0001178
     102     668       0       0       0       0       0       000010000D0001179
     102       0       0       1       0                               0D0001180
     110     669       0       0       0       0       0       000010000D0001181
     110       0       0       1       0                               0D0001182
     110     670       0       0       0       0       0       000010000D0001183
     110       0       0       1       0                               0D0001184
     110     671       0       0       0       0       0       000010000D0001185
     110       0       0       1       0                               0D0001186
     110     672       0       0       0       0       0       000010000D0001187
     110       0       0       1       0                               0D0001188
     110     673       0       0       0       0       0       000010000D0001189
     110       0       0       1       0                               0D0001190
     110     674       0       0       0       0       0       000010000D0001191
     110       0       0       1       0                               0D0001192
     110     675       0       0       0       0       0       000010000D0001193
     110       0       0       1       0                               0D0001194
     100     676       0       0       0       0    1197       000010000D0001195
     100       0       0       1       0                               0D0001196
     124     677       0       0       0       0       0       000000000D0001197
     124       0       0       1       0                               0D0001198
     110     678       0       0       0       0       0       000010000D0001199
     110       0       0       1       0                               0D0001200
     110     679       0       0       0       0       0       000010000D0001201
     110       0       0       1       0                               0D0001202
     110     680       0       0       0       0       0       000010000D0001203
     110       0       0       1       0                               0D0001204
     144     681       0       0       0       0       0       000020000D0001205
     144       0       0       1       0                               0D0001206
     108     682       0       0       0       0       0       000010000D0001207
     108       0       0       1       0                               0D0001208
     142     683       0       0       0       0       0       000010500D0001209
     142       0       0       1       0                               0D0001210
     102     684       0       0       0       0       0       000010000D0001211
     102       0       0       1       0                               0D0001212
     110     685       0       0       0       0       0       000010000D0001213
     110       0       0       1       0                               0D0001214
     110     686       0       0       0       0       0       000010000D0001215
     110       0       0       1       0                               0D0001216
     110     687       0       0       0       0       0       000010000D0001217
     110       0       0       1       0                               0D0001218
     110     688       0       0       0       0       0       000010000D0001219
     110       0       0       1       0                               0D0001220
     144     689       0       0       0       0       0       000020000D0001221
     144       0       0       1       0                               0D0001222
     108     690       0       0       0       0       0       000010000D0001223
     108       0       0       1       0                               0D0001224
     142     691       0       0       0       0       0       000010500D0001225
     142       0       0       1       0                               0D0001226
     102     692       0       0       0       0       0       000010000D0001227
     102       0       0       1       0                               0D0001228
     100     693       0       0       0       0    1231       000010000D0001229
     100       0       0       1       0                               0D0001230
     124     694       0       0       0       0       0       000000000D0001231
     124       0       0       2       0                               0D0001232
     110     696       0       0       0       0       0       000010000D0001233
     110       0       0       1       0                               0D0001234
     110     697       0       0       0       0       0       000010000D0001235
     110       0       0       1       0                               0D0001236
     110     698       0       0       0       0       0       000010000D0001237
     110       0       0       1       0                               0D0001238
     110     699       0       0       0       0       0       000010000D0001239
     110       0       0       1       0                               0D0001240
     110     700       0       0       0       0       0       000010000D0001241
     110       0       0       1       0                               0D0001242
     110     701       0       0       0       0       0       000010000D0001243
     110       0       0       1       0                               0D0001244
     110     702       0       0       0       0       0       000010000D0001245
     110       0       0       1       0                               0D0001246
     144     703       0       0       0       0       0       000020000D0001247
     144       0       0       1       0                               0D0001248
     108     704       0       0       0       0       0       000010000D0001249
     108       0       0       1       0                               0D0001250
     142     705       0       0       0       0       0       000010500D0001251
     142       0       0       1       0                               0D0001252
     102     706       0       0       0       0       0       000010000D0001253
     102       0       0       1       0                               0D0001254
     110     707       0       0       0       0       0       000010000D0001255
     110       0       0       1       0                               0D0001256
     110     708       0       0       0       0       0       000010000D0001257
     110       0       0       1       0                               0D0001258
     110     709       0       0       0       0       0       000010000D0001259
     110       0       0       1       0                               0D0001260
     110     710       0       0       0       0       0       000010000D0001261
     110       0       0       1       0                               0D0001262
     100     711       0       0       0       0    1265       000010000D0001263
     100       0       0       1       0                               0D0001264
     124     712       0       0       0       0       0       000000000D0001265
     124       0       0       1       0                               0D0001266
     110     713       0       0       0       0       0       000010000D0001267
     110       0       0       1       0                               0D0001268
     144     714       0       0       0       0       0       000020000D0001269
     144       0       0       1       0                               0D0001270
     108     715       0       0       0       0       0       000010000D0001271
     108       0       0       1       0                               0D0001272
     142     716       0       0       0       0       0       000010500D0001273
     142       0       0       1       0                               0D0001274
     102     717       0       0       0       0       0       000010000D0001275
     102       0       0       1       0                               0D0001276
     110     718       0       0       0       0       0       000010000D0001277
     110       0       0       1       0                               0D0001278
     100     719       0       0       0       0    1281       000010000D0001279
     100       0       0       1       0                               0D0001280
     124     720       0       0       0       0       0       000000000D0001281
     124       0       0       1       0                               0D0001282
     110     721       0       0       0       0       0       000010000D0001283
     110       0       0       1       0                               0D0001284
     110     722       0       0       0       0       0       000010000D0001285
     110       0       0       1       0                               0D0001286
     110     723       0       0       0       0       0       000010000D0001287
     110       0       0       1       0                               0D0001288
     110     724       0       0       0       0       0       000010000D0001289
     110       0       0       1       0                               0D0001290
     100     725       0       0       0       0    1293       000010000D0001291
     100       0       0       1       0                               0D0001292
     124     726       0       0       0       0       0       000000000D0001293
     124       0       0       2       0                               0D0001294
     110     728       0       0       0       0       0       000010000D0001295
     110       0       0       1       0                               0D0001296
     110     729       0       0       0       0       0       000010000D0001297
     110       0       0       1       0                               0D0001298
     144     730       0       0       0       0       0       000020000D0001299
     144       0       0       1       0                               0D0001300
     108     731       0       0       0       0       0       000010000D0001301
     108       0       0       2       0                               0D0001302
     142     733       0       0       0       0       0       000010500D0001303
     142       0       0       1       0                               0D0001304
     102     734       0       0       0       0       0       000010000D0001305
     102       0       0       1       0                               0D0001306
     110     735       0       0       0       0       0       000010000D0001307
     110       0       0       1       0                               0D0001308
     110     736       0       0       0       0       0       000010000D0001309
     110       0       0       2       0                               0D0001310
     110     738       0       0       0       0       0       000010000D0001311
     110       0       0       1       0                               0D0001312
     110     739       0       0       0       0       0       000010000D0001313
     110       0       0       1       0                               0D0001314
     144     740       0       0       0       0       0       000020000D0001315
     144       0       0       1       0                               0D0001316
     108     741       0       0       0       0       0       000010000D0001317
     108       0       0       1       0                               0D0001318
     142     742       0       0       0       0       0       000010500D0001319
     142       0       0       1       0                               0D0001320
     102     743       0       0       0       0       0       000010000D0001321
     102       0       0       1       0                               0D0001322
     110     744       0       0       0       0       0       000010000D0001323
     110       0       0       1       0                               0D0001324
     110     745       0       0       0       0       0       000010000D0001325
     110       0       0       1       0                               0D0001326
     110     746       0       0       0       0       0       000010000D0001327
     110       0       0       1       0                               0D0001328
     110     747       0       0       0       0       0       000010000D0001329
     110       0       0       1       0                               0D0001330
     110     748       0       0       0       0       0       000010000D0001331
     110       0       0       1       0                               0D0001332
     100     749       0       0       0       0    1335       000010000D0001333
     100       0       0       1       0                               0D0001334
     124     750       0       0       0       0       0       000000000D0001335
     124       0       0       2       0                               0D0001336
     110     752       0       0       0       0       0       000010000D0001337
     110       0       0       1       0                               0D0001338
     144     753       0       0       0       0       0       000020000D0001339
     144       0       0       1       0                               0D0001340
     108     754       0       0       0       0       0       000010000D0001341
     108       0       0       1       0                               0D0001342
     142     755       0       0       0       0       0       000010500D0001343
     142       0       0       1       0                               0D0001344
     102     756       0       0       0       0       0       000010000D0001345
     102       0       0       1       0                               0D0001346
     100     757       0       0       0       0    1349       000010000D0001347
     100       0       0       1       0                               0D0001348
     124     758       0       0       0       0       0       000000000D0001349
     124       0       0       2       0                               0D0001350
     110     760       0       0       0       0       0       000010000D0001351
     110       0       0       1       0                               0D0001352
     110     761       0       0       0       0       0       000010000D0001353
     110       0       0       1       0                               0D0001354
     110     762       0       0       0       0       0       000010000D0001355
     110       0       0       1       0                               0D0001356
     110     763       0       0       0       0       0       000010000D0001357
     110       0       0       1       0                               0D0001358
     110     764       0       0       0       0       0       000010000D0001359
     110       0       0       1       0                               0D0001360
     110     765       0       0       0       0       0       000010000D0001361
     110       0       0       1       0                               0D0001362
     144     766       0       0       0       0       0       000020000D0001363
     144       0       0       1       0                               0D0001364
     108     767       0       0       0       0       0       000010000D0001365
     108       0       0       2       0                               0D0001366
     142     769       0       0       0       0       0       000010500D0001367
     142       0       0       1       0                               0D0001368
     102     770       0       0       0       0       0       000010000D0001369
     102       0       0       1       0                               0D0001370
     110     771       0       0       0       0       0       000010000D0001371
     110       0       0       2       0                               0D0001372
     110     773       0       0       0       0       0       000010000D0001373
     110       0       0       1       0                               0D0001374
     110     774       0       0       0       0       0       000010000D0001375
     110       0       0       1       0                               0D0001376
     110     775       0       0       0       0       0       000010000D0001377
     110       0       0       1       0                               0D0001378
     144     776       0       0       0       0       0       000020000D0001379
     144       0       0       1       0                               0D0001380
     108     777       0       0       0       0       0       000010000D0001381
     108       0       0       1       0                               0D0001382
     142     778       0       0       0       0       0       000010500D0001383
     142       0       0       1       0                               0D0001384
     102     779       0       0       0       0       0       000010000D0001385
     102       0       0       1       0                               0D0001386
     110     780       0       0       0       0       0       000010000D0001387
     110       0       0       1       0                               0D0001388
     110     781       0       0       0       0       0       000010000D0001389
     110       0       0       1       0                               0D0001390
     110     782       0       0       0       0       0       000010000D0001391
     110       0       0       1       0                               0D0001392
     110     783       0       0       0       0       0       000010000D0001393
     110       0       0       1       0                               0D0001394
     144     784       0       0       0       0       0       000020000D0001395
     144       0       0       1       0                               0D0001396
     108     785       0       0       0       0       0       000010000D0001397
     108       0       0       1       0                               0D0001398
     142     786       0       0       0       0       0       000010500D0001399
     142       0       0       1       0                               0D0001400
     102     787       0       0       0       0       0       000010000D0001401
     102       0       0       1       0                               0D0001402
     110     788       0       0       0       0       0       000010000D0001403
     110       0       0       1       0                               0D0001404
     110     789       0       0       0       0       0       000010000D0001405
     110       0       0       1       0                               0D0001406
     110     790       0       0       0       0       0       000010000D0001407
     110       0       0       1       0                               0D0001408
     110     791       0       0       0       0       0       000010000D0001409
     110       0       0       1       0                               0D0001410
     144     792       0       0       0       0       0       000020000D0001411
     144       0       0       1       0                               0D0001412
     108     793       0       0       0       0       0       000010000D0001413
     108       0       0       1       0                               0D0001414
     142     794       0       0       0       0       0       000010500D0001415
     142       0       0       1       0                               0D0001416
     102     795       0       0       0       0       0       000010000D0001417
     102       0       0       1       0                               0D0001418
     100     796       0       0       0       0    1421       000010000D0001419
     100       0       0       1       0                               0D0001420
     124     797       0       0       0       0       0       000000000D0001421
     124       0       0       2       0                               0D0001422
     110     799       0       0       0       0       0       000010000D0001423
     110       0       0       1       0                               0D0001424
     110     800       0       0       0       0       0       000010000D0001425
     110       0       0       1       0                               0D0001426
     110     801       0       0       0       0       0       000010000D0001427
     110       0       0       1       0                               0D0001428
     100     802       0       0       0       0    1431       000010000D0001429
     100       0       0       1       0                               0D0001430
     124     803       0       0       0       0       0       000000000D0001431
     124       0       0       2       0                               0D0001432
     110     805       0       0       0       0       0       000010000D0001433
     110       0       0       1       0                               0D0001434
     110     806       0       0       0       0       0       000010000D0001435
     110       0       0       1       0                               0D0001436
     110     807       0       0       0       0       0       000010000D0001437
     110       0       0       1       0                               0D0001438
     144     808       0       0       0       0       0       000020000D0001439
     144       0       0       1       0                               0D0001440
     108     809       0       0       0       0       0       000010000D0001441
     108       0       0       1       0                               0D0001442
     142     810       0       0       0       0       0       000010500D0001443
     142       0       0       1       0                               0D0001444
     102     811       0       0       0       0       0       000010000D0001445
     102       0       0       1       0                               0D0001446
     110     812       0       0       0       0       0       000010000D0001447
     110       0       0       1       0                               0D0001448
     110     813       0       0       0       0       0       000010000D0001449
     110       0       0       1       0                               0D0001450
     110     814       0       0       0       0       0       000010000D0001451
     110       0       0       1       0                               0D0001452
     100     815       0       0       0       0    1455       000010000D0001453
     100       0       0       1       0                               0D0001454
     124     816       0       0       0       0       0       000000000D0001455
     124       0       0       2       0                               0D0001456
     110     818       0       0       0       0       0       000010000D0001457
     110       0       0       1       0                               0D0001458
     110     819       0       0       0       0       0       000010000D0001459
     110       0       0       1       0                               0D0001460
     110     820       0       0       0       0       0       000010000D0001461
     110       0       0       1       0                               0D0001462
     100     821       0       0       0       0    1465       000010000D0001463
     100       0       0       1       0                               0D0001464
     124     822       0       0       0       0       0       000000000D0001465
     124       0       0       1       0                               0D0001466
     144     823       0       0       0       0       0       000020000D0001467
     144       0       0       1       0                               0D0001468
     120     824       0       0       0       0    1471       000010000D0001469
     120       0       0       1       0                               0D0001470
     124     825       0       0       0       0       0       000000000D0001471
     124       0       0       1       1                               0D0001472
     110     826       0       0       0       0       0       000010000D0001473
     110       0       0       1       0                               0D0001474
     110     827       0       0       0       0       0       000010000D0001475
     110       0       0       1       0                               0D0001476
     142     828       0       0       0       0       0       000010500D0001477
     142       0       0       1       0                               0D0001478
     102     829       0       0       0       0       0       000010000D0001479
     102       0       0       1       0                               0D0001480
     110     830       0       0       0       0       0       000010000D0001481
     110       0       0       1       0                               0D0001482
     110     831       0       0       0       0       0       000010000D0001483
     110       0       0       1       0                               0D0001484
     110     832       0       0       0       0       0       000010000D0001485
     110       0       0       1       0                               0D0001486
     110     833       0       0       0       0       0       000010000D0001487
     110       0       0       2       0                               0D0001488
     102     835       0       0       0       0       0       000010000D0001489
     102       0       0       1       0                               0D0001490
     110     836       0       0       0       0       0       000010000D0001491
     110       0       0       1       0                               0D0001492
     100     837       0       0       0       0    1495       000010000D0001493
     100       0       0       1       0                               0D0001494
     124     838       0       0       0       0       0       000000000D0001495
     124       0       0       1       0                               0D0001496
     110     839       0       0       0       0       0       000010000D0001497
     110       0       0       1       0                               0D0001498
     100     840       0       0       0       0    1501       000010000D0001499
     100       0       0       1       0                               0D0001500
     124     841       0       0       0       0       0       000000000D0001501
     124       0       0       1       0                               0D0001502
     144     842       0       0       0       0       0       000020000D0001503
     144       0       0       1       0                               0D0001504
     108     843       0       0       0       0       0       000010000D0001505
     108       0       0       1       0                               0D0001506
     142     844       0       0       0       0       0       000010500D0001507
     142       0       0       1       0                               0D0001508
     102     845       0       0       0       0       0       000010000D0001509
     102       0       0       1       0                               0D0001510
     110     846       0       0       0       0       0       000010000D0001511
     110       0       0       1       0                               0D0001512
     110     847       0       0       0       0       0       000010000D0001513
     110       0       0       1       0                               0D0001514
     100     848       0       0       0       0    1517       000010000D0001515
     100       0       0       1       0                               0D0001516
     124     849       0       0       0       0       0       000000000D0001517
     124       0       0       2       0                               0D0001518
     110     851       0       0       0       0       0       000010000D0001519
     110       0       0       1       0                               0D0001520
     110     852       0       0       0       0       0       000010000D0001521
     110       0       0       1       0                               0D0001522
     110     853       0       0       0       0       0       000010000D0001523
     110       0       0       1       0                               0D0001524
     100     854       0       0       0       0    1527       000010000D0001525
     100       0       0       1       0                               0D0001526
     124     855       0       0       0       0       0       000000000D0001527
     124       0       0       2       0                               0D0001528
     110     857       0       0       0       0       0       000010000D0001529
     110       0       0       1       0                               0D0001530
     144     858       0       0       0       0       0       000020000D0001531
     144       0       0       1       0                               0D0001532
     120     859       0       0       0       0    1535       000010000D0001533
     120       0       0       1       0                               0D0001534
     124     860       0       0       0       0       0       000000000D0001535
     124       0       0       1       1                               0D0001536
     110     861       0       0       0       0       0       000010000D0001537
     110       0       0       1       0                               0D0001538
     110     862       0       0       0       0       0       000010000D0001539
     110       0       0       1       0                               0D0001540
     142     863       0       0       0       0       0       000010500D0001541
     142       0       0       1       0                               0D0001542
     102     864       0       0       0       0       0       000010000D0001543
     102       0       0       1       0                               0D0001544
     110     865       0       0       0       0       0       000010000D0001545
     110       0       0       1       0                               0D0001546
     110     866       0       0       0       0       0       000010000D0001547
     110       0       0       1       0                               0D0001548
     110     867       0       0       0       0       0       000010000D0001549
     110       0       0       1       0                               0D0001550
     110     868       0       0       0       0       0       000010000D0001551
     110       0       0       2       0                               0D0001552
     102     870       0       0       0       0       0       000010000D0001553
     102       0       0       1       0                               0D0001554
     110     871       0       0       0       0       0       000010000D0001555
     110       0       0       1       0                               0D0001556
     100     872       0       0       0       0    1559       000010000D0001557
     100       0       0       1       0                               0D0001558
     124     873       0       0       0       0       0       000000000D0001559
     124       0       0       1       0                               0D0001560
     110     874       0       0       0       0       0       000010000D0001561
     110       0       0       1       0                               0D0001562
     100     875       0       0       0       0    1565       000010000D0001563
     100       0       0       1       0                               0D0001564
     124     876       0       0       0       0       0       000000000D0001565
     124       0       0       2       0                               0D0001566
     144     878       0       0       0       0       0       000020000D0001567
     144       0       0       1       0                               0D0001568
     120     879       0       0       0       0    1571       000010000D0001569
     120       0       0       1       0                               0D0001570
     124     880       0       0       0       0       0       000000000D0001571
     124       0       0       1       1                               0D0001572
     110     881       0       0       0       0       0       000010000D0001573
     110       0       0       1       0                               0D0001574
     110     882       0       0       0       0       0       000010000D0001575
     110       0       0       1       0                               0D0001576
     142     883       0       0       0       0       0       000010500D0001577
     142       0       0       1       0                               0D0001578
     102     884       0       0       0       0       0       000010000D0001579
     102       0       0       1       0                               0D0001580
     110     885       0       0       0       0       0       000010000D0001581
     110       0       0       1       0                               0D0001582
     110     886       0       0       0       0       0       000010000D0001583
     110       0       0       2       0                               0D0001584
     110     888       0       0       0       0       0       000010000D0001585
     110       0       0       1       0                               0D0001586
     110     889       0       0       0       0       0       000010000D0001587
     110       0       0       1       0                               0D0001588
     102     890       0       0       0       0       0       000010000D0001589
     102       0       0       1       0                               0D0001590
     110     891       0       0       0       0       0       000010000D0001591
     110       0       0       1       0                               0D0001592
     100     892       0       0       0       0    1595       000010000D0001593
     100       0       0       1       0                               0D0001594
     124     893       0       0       0       0       0       000000000D0001595
     124       0       0       1       0                               0D0001596
     110     894       0       0       0       0       0       000010000D0001597
     110       0       0       1       0                               0D0001598
     100     895       0       0       0       0    1601       000010000D0001599
     100       0       0       1       0                               0D0001600
     124     896       0       0       0       0       0       000000000D0001601
     124       0       0       2       0                               0D0001602
     144     898       0       0       0       0       0       000020000D0001603
     144       0       0       1       0                               0D0001604
     108     899       0       0       0       0       0       000010000D0001605
     108       0       0       1       0                               0D0001606
     142     900       0       0       0       0       0       000010500D0001607
     142       0       0       1       0                               0D0001608
     102     901       0       0       0       0       0       000010000D0001609
     102       0       0       1       0                               0D0001610
     110     902       0       0       0       0       0       000010000D0001611
     110       0       0       1       0                               0D0001612
     100     903       0       0       0       0    1615       000010000D0001613
     100       0       0       1       0                               0D0001614
     124     904       0       0       0       0       0       000000000D0001615
     124       0       0       2       0                               0D0001616
     110     906       0       0       0       0       0       000010000D0001617
     110       0       0       1       0                               0D0001618
     110     907       0       0       0       0       0       000010000D0001619
     110       0       0       1       0                               0D0001620
     110     908       0       0       0       0       0       000010000D0001621
     110       0       0       1       0                               0D0001622
     110     909       0       0       0       0       0       000010000D0001623
     110       0       0       1       0                               0D0001624
     100     910       0       0       0       0    1627       000010000D0001625
     100       0       0       1       0                               0D0001626
     124     911       0       0       0       0       0       000000000D0001627
     124       0       0       1       0                               0D0001628
     110     912       0       0       0       0       0       000010000D0001629
     110       0       0       1       0                               0D0001630
     110     913       0       0       0       0       0       000010000D0001631
     110       0       0       1       0                               0D0001632
     144     914       0       0       0       0       0       000020000D0001633
     144       0       0       1       0                               0D0001634
     108     915       0       0       0       0       0       000010000D0001635
     108       0       0       2       0                               0D0001636
     142     917       0       0       0       0       0       000010500D0001637
     142       0       0       1       0                               0D0001638
     102     918       0       0       0       0       0       000010000D0001639
     102       0       0       1       0                               0D0001640
     110     919       0       0       0       0       0       000010000D0001641
     110       0       0       1       0                               0D0001642
     110     920       0       0       0       0       0       000010000D0001643
     110       0       0       2       0                               0D0001644
     110     922       0       0       0       0       0       000010000D0001645
     110       0       0       1       0                               0D0001646
     110     923       0       0       0       0       0       000010000D0001647
     110       0       0       1       0                               0D0001648
     144     924       0       0       0       0       0       000020000D0001649
     144       0       0       1       0                               0D0001650
     108     925       0       0       0       0       0       000010000D0001651
     108       0       0       1       0                               0D0001652
     142     926       0       0       0       0       0       000010500D0001653
     142       0       0       1       0                               0D0001654
     102     927       0       0       0       0       0       000010000D0001655
     102       0       0       1       0                               0D0001656
     100     928       0       0       0       0    1659       000010000D0001657
     100       0       0       1       0                               0D0001658
     124     929       0       0       0       0       0       000000000D0001659
     124       0       0       2       0                               0D0001660
     110     931       0       0       0       0       0       000010000D0001661
     110       0       0       1       0                               0D0001662
     110     932       0       0       0       0       0       000010000D0001663
     110       0       0       1       0                               0D0001664
     110     933       0       0       0       0       0       000010000D0001665
     110       0       0       1       0                               0D0001666
     110     934       0       0       0       0       0       000010000D0001667
     110       0       0       1       0                               0D0001668
     110     935       0       0       0       0       0       000010000D0001669
     110       0       0       1       0                               0D0001670
     110     936       0       0       0       0       0       000010000D0001671
     110       0       0       1       0                               0D0001672
     144     937       0       0       0       0       0       000020000D0001673
     144       0       0       1       0                               0D0001674
     108     938       0       0       0       0       0       000010000D0001675
     108       0       0       1       0                               0D0001676
     142     939       0       0       0       0       0       000010500D0001677
     142       0       0       1       0                               0D0001678
     102     940       0       0       0       0       0       000010000D0001679
     102       0       0       1       0                               0D0001680
     110     941       0       0       0       0       0       000010000D0001681
     110       0       0       1       0                               0D0001682
     110     942       0       0       0       0       0       000010000D0001683
     110       0       0       1       0                               0D0001684
     110     943       0       0       0       0       0       000010000D0001685
     110       0       0       1       0                               0D0001686
     110     944       0       0       0       0       0       000010000D0001687
     110       0       0       1       0                               0D0001688
     110     945       0       0       0       0       0       000010000D0001689
     110       0       0       1       0                               0D0001690
     100     946       0       0       0       0    1693       000010000D0001691
     100       0       0       1       0                               0D0001692
     124     947       0       0       0       0       0       000000000D0001693
     124       0       0       2       0                               0D0001694
     110     949       0       0       0       0       0       000010000D0001695
     110       0       0       1       0                               0D0001696
     144     950       0       0       0       0       0       000020000D0001697
     144       0       0       1       0                               0D0001698
     120     951       0       0       0       0    1701       000010000D0001699
     120       0       0       1       0                               0D0001700
     124     952       0       0       0       0       0       000000000D0001701
     124       0       0       1       0                               0D0001702
     110     953       0       0       0       0       0       000010000D0001703
     110       0       0       1       0                               0D0001704
     110     954       0       0       0       0       0       000010000D0001705
     110       0       0       1       0                               0D0001706
     142     955       0       0       0       0       0       000010500D0001707
     142       0       0       1       0                               0D0001708
     102     956       0       0       0       0       0       000010000D0001709
     102       0       0       1       0                               0D0001710
     110     957       0       0       0       0       0       000010000D0001711
     110       0       0       1       0                               0D0001712
     110     958       0       0       0       0       0       000010000D0001713
     110       0       0       1       0                               0D0001714
     110     959       0       0       0       0       0       000010000D0001715
     110       0       0       1       0                               0D0001716
     110     960       0       0       0       0       0       000010000D0001717
     110       0       0       2       0                               0D0001718
     102     962       0       0       0       0       0       000010000D0001719
     102       0       0       1       0                               0D0001720
     110     963       0       0       0       0       0       000010000D0001721
     110       0       0       1       0                               0D0001722
     100     964       0       0       0       0    1725       000010000D0001723
     100       0       0       1       0                               0D0001724
     124     965       0       0       0       0       0       000000000D0001725
     124       0       0       2       0                               0D0001726
     110     967       0       0       0       0       0       000010000D0001727
     110       0       0       1       0                               0D0001728
     100     968       0       0       0       0    1731       000010000D0001729
     100       0       0       1       0                               0D0001730
     124     969       0       0       0       0       0       000000000D0001731
     124       0       0       2       0                               0D0001732
     144     971       0       0       0       0       0       000020000D0001733
     144       0       0       1       0                               0D0001734
     120     972       0       0       0       0    1737       000010000D0001735
     120       0       0       1       0                               0D0001736
     124     973       0       0       0       0       0       000000000D0001737
     124       0       0       1       0                               0D0001738
     110     974       0       0       0       0       0       000010000D0001739
     110       0       0       1       0                               0D0001740
     110     975       0       0       0       0       0       000010000D0001741
     110       0       0       1       0                               0D0001742
     142     976       0       0       0       0       0       000010500D0001743
     142       0       0       1       0                               0D0001744
     102     977       0       0       0       0       0       000010000D0001745
     102       0       0       1       0                               0D0001746
     110     978       0       0       0       0       0       000010000D0001747
     110       0       0       1       0                               0D0001748
     110     979       0       0       0       0       0       000010000D0001749
     110       0       0       2       0                               0D0001750
     110     981       0       0       0       0       0       000010000D0001751
     110       0       0       1       0                               0D0001752
     110     982       0       0       0       0       0       000010000D0001753
     110       0       0       1       0                               0D0001754
     102     983       0       0       0       0       0       000010000D0001755
     102       0       0       1       0                               0D0001756
     110     984       0       0       0       0       0       000010000D0001757
     110       0       0       1       0                               0D0001758
     100     985       0       0       0       0    1761       000010000D0001759
     100       0       0       1       0                               0D0001760
     124     986       0       0       0       0       0       000000000D0001761
     124       0       0       2       0                               0D0001762
     110     988       0       0       0       0       0       000010000D0001763
     110       0       0       1       0                               0D0001764
     100     989       0       0       0       0    1767       000010000D0001765
     100       0       0       1       0                               0D0001766
     124     990       0       0       0       0       0       000000000D0001767
     124       0       0       2       0                               0D0001768
     144     992       0       0       0       0       0       000020000D0001769
     144       0       0       1       0                               0D0001770
     108     993       0       0       0       0       0       000010000D0001771
     108       0       0       1       0                               0D0001772
     142     994       0       0       0       0       0       000010500D0001773
     142       0       0       1       0                               0D0001774
     102     995       0       0       0       0       0       000010000D0001775
     102       0       0       2       0                               0D0001776
     110     997       0       0       0       0       0       000010000D0001777
     110       0       0       1       0                               0D0001778
     110     998       0       0       0       0       0       000010000D0001779
     110       0       0       1       0                               0D0001780
     110     999       0       0       0       0       0       000010000D0001781
     110       0       0       1       0                               0D0001782
     110    1000       0       0       0       0       0       000010000D0001783
     110       0       0       1       0                               0D0001784
     110    1001       0       0       0       0       0       000010000D0001785
     110       0       0       1       0                               0D0001786
     110    1002       0       0       0       0       0       000010000D0001787
     110       0       0       1       0                               0D0001788
     110    1003       0       0       0       0       0       000010000D0001789
     110       0       0       1       0                               0D0001790
     110    1004       0       0       0       0       0       000010000D0001791
     110       0       0       1       0                               0D0001792
     110    1005       0       0       0       0       0       000010000D0001793
     110       0       0       1       0                               0D0001794
     110    1006       0       0       0       0       0       000010000D0001795
     110       0       0       1       0                               0D0001796
     110    1007       0       0       0       0       0       000010000D0001797
     110       0       0       1       0                               0D0001798
     110    1008       0       0       0       0       0       000010000D0001799
     110       0       0       1       0                               0D0001800
     110    1009       0       0       0       0       0       000010000D0001801
     110       0       0       1       0                               0D0001802
     110    1010       0       0       0       0       0       000010000D0001803
     110       0       0       1       0                               0D0001804
     110    1011       0       0       0       0       0       000010000D0001805
     110       0       0       1       0                               0D0001806
     100    1012       0       0       0       0    1809       000010000D0001807
     100       0       0       1       0                               0D0001808
     124    1013       0       0       0       0       0       000000000D0001809
     124       0       0       1       0                               0D0001810
     144    1014       0       0       0       0       0       000020000D0001811
     144       0       0       1       0                               0D0001812
     108    1015       0       0       0       0       0       000010000D0001813
     108       0       0       1       0                               0D0001814
     142    1016       0       0       0       0       0       000010500D0001815
     142       0       0       1       0                               0D0001816
     102    1017       0       0       0       0       0       000010000D0001817
     102       0       0       1       0                               0D0001818
     110    1018       0       0       0       0       0       000010000D0001819
     110       0       0       1       0                               0D0001820
     110    1019       0       0       0       0       0       000010000D0001821
     110       0       0       1       0                               0D0001822
     110    1020       0       0       0       0       0       000010000D0001823
     110       0       0       1       0                               0D0001824
     110    1021       0       0       0       0       0       000010000D0001825
     110       0       0       1       0                               0D0001826
     144    1022       0       0       0       0       0       000020000D0001827
     144       0       0       1       0                               0D0001828
     108    1023       0       0       0       0       0       000010000D0001829
     108       0       0       1       0                               0D0001830
     142    1024       0       0       0       0       0       000010500D0001831
     142       0       0       1       0                               0D0001832
     102    1025       0       0       0       0       0       000010000D0001833
     102       0       0       1       0                               0D0001834
     110    1026       0       0       0       0       0       000010000D0001835
     110       0       0       1       0                               0D0001836
     110    1027       0       0       0       0       0       000010000D0001837
     110       0       0       1       0                               0D0001838
     110    1028       0       0       0       0       0       000010000D0001839
     110       0       0       1       0                               0D0001840
     110    1029       0       0       0       0       0       000010000D0001841
     110       0       0       1       0                               0D0001842
     144    1030       0       0       0       0       0       000020000D0001843
     144       0       0       1       0                               0D0001844
     108    1031       0       0       0       0       0       000010000D0001845
     108       0       0       1       0                               0D0001846
     142    1032       0       0       0       0       0       000010500D0001847
     142       0       0       1       0                               0D0001848
     102    1033       0       0       0       0       0       000010000D0001849
     102       0       0       2       0                               0D0001850
     110    1035       0       0       0       0       0       000010000D0001851
     110       0       0       1       0                               0D0001852
     110    1036       0       0       0       0       0       000010000D0001853
     110       0       0       1       0                               0D0001854
     110    1037       0       0       0       0       0       000010000D0001855
     110       0       0       1       0                               0D0001856
     110    1038       0       0       0       0       0       000010000D0001857
     110       0       0       1       0                               0D0001858
     110    1039       0       0       0       0       0       000010000D0001859
     110       0       0       1       0                               0D0001860
     110    1040       0       0       0       0       0       000010000D0001861
     110       0       0       1       0                               0D0001862
     110    1041       0       0       0       0       0       000010000D0001863
     110       0       0       1       0                               0D0001864
     110    1042       0       0       0       0       0       000010000D0001865
     110       0       0       1       0                               0D0001866
     110    1043       0       0       0       0       0       000010000D0001867
     110       0       0       1       0                               0D0001868
     110    1044       0       0       0       0       0       000010000D0001869
     110       0       0       1       0                               0D0001870
     110    1045       0       0       0       0       0       000010000D0001871
     110       0       0       1       0                               0D0001872
     110    1046       0       0       0       0       0       000010000D0001873
     110       0       0       1       0                               0D0001874
     144    1047       0       0       0       0       0       000020000D0001875
     144       0       0       1       0                               0D0001876
     108    1048       0       0       0       0       0       000010000D0001877
     108       0       0       1       0                               0D0001878
     142    1049       0       0       0       0       0       000010500D0001879
     142       0       0       1       0                               0D0001880
     102    1050       0       0       0       0       0       000010000D0001881
     102       0       0       1       0                               0D0001882
     110    1051       0       0       0       0       0       000010000D0001883
     110       0       0       1       0                               0D0001884
     110    1052       0       0       0       0       0       000010000D0001885
     110       0       0       1       0                               0D0001886
     110    1053       0       0       0       0       0       000010000D0001887
     110       0       0       1       0                               0D0001888
     110    1054       0       0       0       0       0       000010000D0001889
     110       0       0       1       0                               0D0001890
     144    1055       0       0       0       0       0       000020000D0001891
     144       0       0       1       0                               0D0001892
     108    1056       0       0       0       0       0       000010000D0001893
     108       0       0       1       0                               0D0001894
     142    1057       0       0       0       0       0       000010500D0001895
     142       0       0       1       0                               0D0001896
     102    1058       0       0       0       0       0       000010000D0001897
     102       0       0       1       0                               0D0001898
     110    1059       0       0       0       0       0       000010000D0001899
     110       0       0       1       0                               0D0001900
     110    1060       0       0       0       0       0       000010000D0001901
     110       0       0       1       0                               0D0001902
     110    1061       0       0       0       0       0       000010000D0001903
     110       0       0       1       0                               0D0001904
     110    1062       0       0       0       0       0       000010000D0001905
     110       0       0       1       0                               0D0001906
     144    1063       0       0       0       0       0       000020000D0001907
     144       0       0       1       0                               0D0001908
     120    1064       0       0       0       0    1911       000010000D0001909
     120       0       0       1       0                               0D0001910
     124    1065       0       0       0       0       0       000000000D0001911
     124       0       0       1       1                               0D0001912
     110    1066       0       0       0       0       0       000010000D0001913
     110       0       0       1       0                               0D0001914
     110    1067       0       0       0       0       0       000010000D0001915
     110       0       0       1       0                               0D0001916
     142    1068       0       0       0       0       0       000010500D0001917
     142       0       0       1       0                               0D0001918
     102    1069       0       0       0       0       0       000010000D0001919
     102       0       0       1       0                               0D0001920
     110    1070       0       0       0       0       0       000010000D0001921
     110       0       0       2       0                               0D0001922
     110    1072       0       0       0       0       0       000010000D0001923
     110       0       0       1       0                               0D0001924
     110    1073       0       0       0       0       0       000010000D0001925
     110       0       0       1       0                               0D0001926
     110    1074       0       0       0       0       0       000010000D0001927
     110       0       0       1       0                               0D0001928
     110    1075       0       0       0       0       0       000010000D0001929
     110       0       0       2       0                               0D0001930
     110    1077       0       0       0       0       0       000010000D0001931
     110       0       0       2       0                               0D0001932
     102    1079       0       0       0       0       0       000010000D0001933
     102       0       0       1       0                               0D0001934
     100    1080       0       0       0       0    1937       000010000D0001935
     100       0       0       1       0                               0D0001936
     124    1081       0       0       0       0       0       000000000D0001937
     124       0       0       1       0                               0D0001938
     110    1082       0       0       0       0       0       000010000D0001939
     110       0       0       1       0                               0D0001940
     100    1083       0       0       0       0    1943       000010000D0001941
     100       0       0       1       0                               0D0001942
     124    1084       0       0       0       0       0       000000000D0001943
     124       0       0       1       0                               0D0001944
     110    1085       0       0       0       0       0       000010000D0001945
     110       0       0       1       0                               0D0001946
     100    1086       0       0       0       0    1949       000010000D0001947
     100       0       0       1       0                               0D0001948
     124    1087       0       0       0       0       0       000000000D0001949
     124       0       0       2       0                               0D0001950
     100    1089       0       0       0       0    1953       000010000D0001951
     100       0       0       1       0                               0D0001952
     124    1090       0       0       0       0       0       000000000D0001953
     124       0       0       2       0                               0D0001954
     144    1092       0       0       0       0       0       000020000D0001955
     144       0       0       1       0                               0D0001956
     108    1093       0       0       0       0       0       000010000D0001957
     108       0       0       1       0                               0D0001958
     142    1094       0       0       0       0       0       000010500D0001959
     142       0       0       1       0                               0D0001960
     102    1095       0       0       0       0       0       000010000D0001961
     102       0       0       1       0                               0D0001962
     110    1096       0       0       0       0       0       000010000D0001963
     110       0       0       1       0                               0D0001964
     110    1097       0       0       0       0       0       000010000D0001965
     110       0       0       1       0                               0D0001966
     110    1098       0       0       0       0       0       000010000D0001967
     110       0       0       1       0                               0D0001968
     110    1099       0       0       0       0       0       000010000D0001969
     110       0       0       1       0                               0D0001970
     144    1100       0       0       0       0       0       000020000D0001971
     144       0       0       1       0                               0D0001972
     108    1101       0       0       0       0       0       000010000D0001973
     108       0       0       1       0                               0D0001974
     142    1102       0       0       0       0       0       000010500D0001975
     142       0       0       1       0                               0D0001976
     102    1103       0       0       0       0       0       000010000D0001977
     102       0       0       2       0                               0D0001978
     110    1105       0       0       0       0       0       000010000D0001979
     110       0       0       1       0                               0D0001980
     110    1106       0       0       0       0       0       000010000D0001981
     110       0       0       1       0                               0D0001982
     110    1107       0       0       0       0       0       000010000D0001983
     110       0       0       1       0                               0D0001984
     110    1108       0       0       0       0       0       000010000D0001985
     110       0       0       1       0                               0D0001986
     110    1109       0       0       0       0       0       000010000D0001987
     110       0       0       1       0                               0D0001988
     100    1110       0       0       0       0    1991       000010000D0001989
     100       0       0       1       0                               0D0001990
     124    1111       0       0       0       0       0       000000000D0001991
     124       0       0       1       0                               0D0001992
     110    1112       0       0       0       0       0       000010000D0001993
     110       0       0       1       0                               0D0001994
     100    1113       0       0       0       0    1997       000010000D0001995
     100       0       0       1       0                               0D0001996
     124    1114       0       0       0       0       0       000000000D0001997
     124       0       0       1       0                               0D0001998
     110    1115       0       0       0       0       0       000010000D0001999
     110       0       0       1       0                               0D0002000
     110    1116       0       0       0       0       0       000010000D0002001
     110       0       0       1       0                               0D0002002
     110    1117       0       0       0       0       0       000010000D0002003
     110       0       0       1       0                               0D0002004
     110    1118       0       0       0       0       0       000010000D0002005
     110       0       0       1       0                               0D0002006
     110    1119       0       0       0       0       0       000010000D0002007
     110       0       0       1       0                               0D0002008
     110    1120       0       0       0       0       0       000010000D0002009
     110       0       0       1       0                               0D0002010
     144    1121       0       0       0       0       0       000020000D0002011
     144       0       0       1       0                               0D0002012
     108    1122       0       0       0       0       0       000010000D0002013
     108       0       0       1       0                               0D0002014
     142    1123       0       0       0       0       0       000010500D0002015
     142       0       0       1       0                               0D0002016
     102    1124       0       0       0       0       0       000010000D0002017
     102       0       0       1       0                               0D0002018
     110    1125       0       0       0       0       0       000010000D0002019
     110       0       0       1       0                               0D0002020
     110    1126       0       0       0       0       0       000010000D0002021
     110       0       0       1       0                               0D0002022
     110    1127       0       0       0       0       0       000010000D0002023
     110       0       0       1       0                               0D0002024
     110    1128       0       0       0       0       0       000010000D0002025
     110       0       0       1       0                               0D0002026
     142    1129       0       0       0       0       0       000010500D0002027
     142       0       0       1       0                               0D0002028
     102    1130       0       0       0       0       0       000010000D0002029
     102       0       0       1       0                               0D0002030
     110    1131       0       0       0       0       0       000010000D0002031
     110       0       0       1       0                               0D0002032
     110    1132       0       0       0       0       0       000010000D0002033
     110       0       0       1       0                               0D0002034
     110    1133       0       0       0       0       0       000010000D0002035
     110       0       0       1       0                               0D0002036
     110    1134       0       0       0       0       0       000010000D0002037
     110       0       0       1       0                               0D0002038
     142    1135       0       0       0       0       0       000010500D0002039
     142       0       0       1       0                               0D0002040
     102    1136       0       0       0       0       0       000010000D0002041
     102       0       0       1       0                               0D0002042
     110    1137       0       0       0       0       0       000010000D0002043
     110       0       0       1       0                               0D0002044
     110    1138       0       0       0       0       0       000010000D0002045
     110       0       0       1       0                               0D0002046
     110    1139       0       0       0       0       0       000010000D0002047
     110       0       0       1       0                               0D0002048
     110    1140       0       0       0       0       0       000010000D0002049
     110       0       0       1       0                               0D0002050
     142    1141       0       0       0       0       0       000010500D0002051
     142       0       0       1       0                               0D0002052
     102    1142       0       0       0       0       0       000010000D0002053
     102       0       0       1       0                               0D0002054
     110    1143       0       0       0       0       0       000010000D0002055
     110       0       0       1       0                               0D0002056
     110    1144       0       0       0       0       0       000010000D0002057
     110       0       0       1       0                               0D0002058
     110    1145       0       0       0       0       0       000010000D0002059
     110       0       0       1       0                               0D0002060
     110    1146       0       0       0       0       0       000010000D0002061
     110       0       0       1       0                               0D0002062
     142    1147       0       0       0       0       0       000010500D0002063
     142       0       0       1       0                               0D0002064
     102    1148       0       0       0       0       0       000010000D0002065
     102       0       0       1       0                               0D0002066
     110    1149       0       0       0       0       0       000010000D0002067
     110       0       0       1       0                               0D0002068
     110    1150       0       0       0       0       0       000010000D0002069
     110       0       0       1       0                               0D0002070
     110    1151       0       0       0       0       0       000010000D0002071
     110       0       0       1       0                               0D0002072
     110    1152       0       0       0       0       0       000010000D0002073
     110       0       0       1       0                               0D0002074
     142    1153       0       0       0       0       0       000010500D0002075
     142       0       0       1       0                               0D0002076
     102    1154       0       0       0       0       0       000010000D0002077
     102       0       0       1       0                               0D0002078
     110    1155       0       0       0       0       0       000010000D0002079
     110       0       0       1       0                               0D0002080
     110    1156       0       0       0       0       0       000010000D0002081
     110       0       0       1       0                               0D0002082
     110    1157       0       0       0       0       0       000010000D0002083
     110       0       0       1       0                               0D0002084
     110    1158       0       0       0       0       0       000010000D0002085
     110       0       0       1       0                               0D0002086
     142    1159       0       0       0       0       0       000010500D0002087
     142       0       0       1       0                               0D0002088
     102    1160       0       0       0       0       0       000010000D0002089
     102       0       0       1       0                               0D0002090
     110    1161       0       0       0       0       0       000010000D0002091
     110       0       0       1       0                               0D0002092
     110    1162       0       0       0       0       0       000010000D0002093
     110       0       0       1       0                               0D0002094
     110    1163       0       0       0       0       0       000010000D0002095
     110       0       0       1       0                               0D0002096
     110    1164       0       0       0       0       0       000010000D0002097
     110       0       0       1       0                               0D0002098
     142    1165       0       0       0       0       0       000010500D0002099
     142       0       0       1       0                               0D0002100
     102    1166       0       0       0       0       0       000010000D0002101
     102       0       0       1       0                               0D0002102
     110    1167       0       0       0       0       0       000010000D0002103
     110       0       0       1       0                               0D0002104
     110    1168       0       0       0       0       0       000010000D0002105
     110       0       0       1       0                               0D0002106
     110    1169       0       0       0       0       0       000010000D0002107
     110       0       0       1       0                               0D0002108
     110    1170       0       0       0       0       0       000010000D0002109
     110       0       0       1       0                               0D0002110
     142    1171       0       0       0       0       0       000010500D0002111
     142       0       0       1       0                               0D0002112
     102    1172       0       0       0       0       0       000010000D0002113
     102       0       0       1       0                               0D0002114
     110    1173       0       0       0       0       0       000010000D0002115
     110       0       0       1       0                               0D0002116
     110    1174       0       0       0       0       0       000010000D0002117
     110       0       0       1       0                               0D0002118
     110    1175       0       0       0       0       0       000010000D0002119
     110       0       0       1       0                               0D0002120
     110    1176       0       0       0       0       0       000010000D0002121
     110       0       0       1       0                               0D0002122
     142    1177       0       0       0       0       0       000010500D0002123
     142       0       0       1       0                               0D0002124
     102    1178       0       0       0       0       0       000010000D0002125
     102       0       0       1       0                               0D0002126
     110    1179       0       0       0       0       0       000010000D0002127
     110       0       0       1       0                               0D0002128
     110    1180       0       0       0       0       0       000010000D0002129
     110       0       0       1       0                               0D0002130
     110    1181       0       0       0       0       0       000010000D0002131
     110       0       0       1       0                               0D0002132
     110    1182       0       0       0       0       0       000010000D0002133
     110       0       0       1       0                               0D0002134
     144    1183       0       0       0       0       0       000020000D0002135
     144       0       0       1       0                               0D0002136
     108    1184       0       0       0       0       0       000010000D0002137
     108       0       0       1       0                               0D0002138
     142    1185       0       0       0       0       0       000010500D0002139
     142       0       0       1       0                               0D0002140
     102    1186       0       0       0       0       0       000010000D0002141
     102       0       0       1       0                               0D0002142
     110    1187       0       0       0       0       0       000010000D0002143
     110       0       0       1       0                               0D0002144
     110    1188       0       0       0       0       0       000010000D0002145
     110       0       0       1       0                               0D0002146
     110    1189       0       0       0       0       0       000010000D0002147
     110       0       0       1       0                               0D0002148
     110    1190       0       0       0       0       0       000010000D0002149
     110       0       0       1       0                               0D0002150
     144    1191       0       0       0       0       0       000020000D0002151
     144       0       0       1       0                               0D0002152
     108    1192       0       0       0       0       0       000010000D0002153
     108       0       0       1       0                               0D0002154
     142    1193       0       0       0       0       0       000010500D0002155
     142       0       0       1       0                               0D0002156
     102    1194       0       0       0       0       0       000010000D0002157
     102       0       0       2       0                               0D0002158
     110    1196       0       0       0       0       0       000010000D0002159
     110       0       0       1       0                               0D0002160
     110    1197       0       0       0       0       0       000010000D0002161
     110       0       0       1       0                               0D0002162
     110    1198       0       0       0       0       0       000010000D0002163
     110       0       0       1       0                               0D0002164
     110    1199       0       0       0       0       0       000010000D0002165
     110       0       0       1       0                               0D0002166
     110    1200       0       0       0       0       0       000010000D0002167
     110       0       0       1       0                               0D0002168
     100    1201       0       0       0       0    2171       000010000D0002169
     100       0       0       1       0                               0D0002170
     124    1202       0       0       0       0       0       000000000D0002171
     124       0       0       1       0                               0D0002172
     110    1203       0       0       0       0       0       000010000D0002173
     110       0       0       1       0                               0D0002174
     110    1204       0       0       0       0       0       000010000D0002175
     110       0       0       1       0                               0D0002176
     110    1205       0       0       0       0       0       000010000D0002177
     110       0       0       1       0                               0D0002178
     110    1206       0       0       0       0       0       000010000D0002179
     110       0       0       1       0                               0D0002180
     110    1207       0       0       0       0       0       000010000D0002181
     110       0       0       1       0                               0D0002182
     110    1208       0       0       0       0       0       000010000D0002183
     110       0       0       1       0                               0D0002184
     110    1209       0       0       0       0       0       000010000D0002185
     110       0       0       1       0                               0D0002186
     110    1210       0       0       0       0       0       000010000D0002187
     110       0       0       1       0                               0D0002188
     110    1211       0       0       0       0       0       000010000D0002189
     110       0       0       1       0                               0D0002190
     110    1212       0       0       0       0       0       000010000D0002191
     110       0       0       1       0                               0D0002192
     110    1213       0       0       0       0       0       000010000D0002193
     110       0       0       1       0                               0D0002194
     100    1214       0       0       0       0    2197       000010000D0002195
     100       0       0       1       0                               0D0002196
     124    1215       0       0       0       0       0       000000000D0002197
     124       0       0       1       0                               0D0002198
     110    1216       0       0       0       0       0       000010000D0002199
     110       0       0       1       0                               0D0002200
     110    1217       0       0       0       0       0       000010000D0002201
     110       0       0       1       0                               0D0002202
     144    1218       0       0       0       0       0       000020000D0002203
     144       0       0       1       0                               0D0002204
     108    1219       0       0       0       0       0       000010000D0002205
     108       0       0       1       0                               0D0002206
     142    1220       0       0       0       0       0       000010500D0002207
     142       0       0       1       0                               0D0002208
     102    1221       0       0       0       0       0       000010000D0002209
     102       0       0       1       0                               0D0002210
     110    1222       0       0       0       0       0       000010000D0002211
     110       0       0       1       0                               0D0002212
     110    1223       0       0       0       0       0       000010000D0002213
     110       0       0       1       0                               0D0002214
     110    1224       0       0       0       0       0       000010000D0002215
     110       0       0       1       0                               0D0002216
     110    1225       0       0       0       0       0       000010000D0002217
     110       0       0       1       0                               0D0002218
     144    1226       0       0       0       0       0       000020000D0002219
     144       0       0       1       0                               0D0002220
     120    1227       0       0       0       0    2223       000010000D0002221
     120       0       0       1       0                               0D0002222
     124    1228       0       0       0       0       0       000000000D0002223
     124       0       0       1       1                               0D0002224
     110    1229       0       0       0       0       0       000010000D0002225
     110       0       0       1       0                               0D0002226
     110    1230       0       0       0       0       0       000010000D0002227
     110       0       0       1       0                               0D0002228
     142    1231       0       0       0       0       0       000010500D0002229
     142       0       0       1       0                               0D0002230
     102    1232       0       0       0       0       0       000010000D0002231
     102       0       0       1       0                               0D0002232
     110    1233       0       0       0       0       0       000010000D0002233
     110       0       0       2       0                               0D0002234
     110    1235       0       0       0       0       0       000010000D0002235
     110       0       0       1       0                               0D0002236
     110    1236       0       0       0       0       0       000010000D0002237
     110       0       0       1       0                               0D0002238
     110    1237       0       0       0       0       0       000010000D0002239
     110       0       0       1       0                               0D0002240
     110    1238       0       0       0       0       0       000010000D0002241
     110       0       0       2       0                               0D0002242
     110    1240       0       0       0       0       0       000010000D0002243
     110       0       0       2       0                               0D0002244
     102    1242       0       0       0       0       0       000010000D0002245
     102       0       0       1       0                               0D0002246
     100    1243       0       0       0       0    2249       000010000D0002247
     100       0       0       1       0                               0D0002248
     124    1244       0       0       0       0       0       000000000D0002249
     124       0       0       1       0                               0D0002250
     110    1245       0       0       0       0       0       000010000D0002251
     110       0       0       1       0                               0D0002252
     100    1246       0       0       0       0    2255       000010000D0002253
     100       0       0       1       0                               0D0002254
     124    1247       0       0       0       0       0       000000000D0002255
     124       0       0       1       0                               0D0002256
     110    1248       0       0       0       0       0       000010000D0002257
     110       0       0       1       0                               0D0002258
     100    1249       0       0       0       0    2261       000010000D0002259
     100       0       0       1       0                               0D0002260
     124    1250       0       0       0       0       0       000000000D0002261
     124       0       0       2       0                               0D0002262
     100    1252       0       0       0       0    2265       000010000D0002263
     100       0       0       1       0                               0D0002264
     124    1253       0       0       0       0       0       000000000D0002265
     124       0       0       2       0                               0D0002266
     144    1255       0       0       0       0       0       000020000D0002267
     144       0       0       1       0                               0D0002268
     108    1256       0       0       0       0       0       000010000D0002269
     108       0       0       1       0                               0D0002270
     142    1257       0       0       0       0       0       000010500D0002271
     142       0       0       1       0                               0D0002272
     102    1258       0       0       0       0       0       000010000D0002273
     102       0       0       1       0                               0D0002274
     110    1259       0       0       0       0       0       000010000D0002275
     110       0       0       1       0                               0D0002276
     110    1260       0       0       0       0       0       000010000D0002277
     110       0       0       1       0                               0D0002278
     110    1261       0       0       0       0       0       000010000D0002279
     110       0       0       1       0                               0D0002280
     100    1262       0       0       0       0    2283       000010000D0002281
     100       0       0       1       0                               0D0002282
     124    1263       0       0       0       0       0       000000000D0002283
     124       0       0       2       0                               0D0002284
     110    1265       0       0       0       0       0       000010000D0002285
     110       0       0       1       0                               0D0002286
     110    1266       0       0       0       0       0       000010000D0002287
     110       0       0       1       0                               0D0002288
     110    1267       0       0       0       0       0       000010000D0002289
     110       0       0       1       0                               0D0002290
     100    1268       0       0       0       0    2293       000010000D0002291
     100       0       0       1       0                               0D0002292
     124    1269       0       0       0       0       0       000000000D0002293
     124       0       0       1       0                               0D0002294
     144    1270       0       0       0       0       0       000020000D0002295
     144       0       0       1       0                               0D0002296
     108    1271       0       0       0       0       0       000010000D0002297
     108       0       0       1       0                               0D0002298
     142    1272       0       0       0       0       0       000010500D0002299
     142       0       0       1       0                               0D0002300
     102    1273       0       0       0       0       0       000010000D0002301
     102       0       0       1       0                               0D0002302
     110    1274       0       0       0       0       0       000010000D0002303
     110       0       0       1       0                               0D0002304
     110    1275       0       0       0       0       0       000010000D0002305
     110       0       0       1       0                               0D0002306
     110    1276       0       0       0       0       0       000010000D0002307
     110       0       0       1       0                               0D0002308
     110    1277       0       0       0       0       0       000010000D0002309
     110       0       0       1       0                               0D0002310
     144    1278       0       0       0       0       0       000020000D0002311
     144       0       0       1       0                               0D0002312
     108    1279       0       0       0       0       0       000010000D0002313
     108       0       0       1       0                               0D0002314
     142    1280       0       0       0       0       0       000010500D0002315
     142       0       0       1       0                               0D0002316
     102    1281       0       0       0       0       0       000010000D0002317
     102       0       0       1       0                               0D0002318
     110    1282       0       0       0       0       0       000010000D0002319
     110       0       0       1       0                               0D0002320
     110    1283       0       0       0       0       0       000010000D0002321
     110       0       0       1       0                               0D0002322
     110    1284       0       0       0       0       0       000010000D0002323
     110       0       0       1       0                               0D0002324
     110    1285       0       0       0       0       0       000010000D0002325
     110       0       0       1       0                               0D0002326
     144    1286       0       0       0       0       0       000020000D0002327
     144       0       0       1       0                               0D0002328
     108    1287       0       0       0       0       0       000010000D0002329
     108       0       0       1       0                               0D0002330
     142    1288       0       0       0       0       0       000010500D0002331
     142       0       0       1       0                               0D0002332
     102    1289       0       0       0       0       0       000010000D0002333
     102       0       0       1       0                               0D0002334
     110    1290       0       0       0       0       0       000010000D0002335
     110       0       0       1       0                               0D0002336
     110    1291       0       0       0       0       0       000010000D0002337
     110       0       0       1       0                               0D0002338
     100    1292       0       0       0       0    2341       000010000D0002339
     100       0       0       1       0                               0D0002340
     124    1293       0       0       0       0       0       000000000D0002341
     124       0       0       1       0                               0D0002342
     144    1294       0       0       0       0       0       000020000D0002343
     144       0       0       1       0                               0D0002344
     108    1295       0       0       0       0       0       000010000D0002345
     108       0       0       1       0                               0D0002346
     142    1296       0       0       0       0       0       000010500D0002347
     142       0       0       1       0                               0D0002348
     102    1297       0       0       0       0       0       000010000D0002349
     102       0       0       1       0                               0D0002350
     110    1298       0       0       0       0       0       000010000D0002351
     110       0       0       1       0                               0D0002352
     110    1299       0       0       0       0       0       000010000D0002353
     110       0       0       1       0                               0D0002354
     100    1300       0       0       0       0    2357       000010000D0002355
     100       0       0       1       0                               0D0002356
     124    1301       0       0       0       0       0       000000000D0002357
     124       0       0       2       0                               0D0002358
     144    1303       0       0       0       0       0       000020000D0002359
     144       0       0       1       0                               0D0002360
     120    1304       0       0       0       0    2363       000010000D0002361
     120       0       0       1       0                               0D0002362
     124    1305       0       0       0       0       0       000000000D0002363
     124       0       0       1       0                               0D0002364
     110    1306       0       0       0       0       0       000010000D0002365
     110       0       0       1       0                               0D0002366
     110    1307       0       0       0       0       0       000010000D0002367
     110       0       0       1       0                               0D0002368
     142    1308       0       0       0       0       0       000010500D0002369
     142       0       0       1       0                               0D0002370
     102    1309       0       0       0       0       0       000010000D0002371
     102       0       0       1       0                               0D0002372
     110    1310       0       0       0       0       0       000010000D0002373
     110       0       0       1       0                               0D0002374
     110    1311       0       0       0       0       0       000010000D0002375
     110       0       0       2       0                               0D0002376
     110    1313       0       0       0       0       0       000010000D0002377
     110       0       0       1       0                               0D0002378
     110    1314       0       0       0       0       0       000010000D0002379
     110       0       0       1       0                               0D0002380
     102    1315       0       0       0       0       0       000010000D0002381
     102       0       0       1       0                               0D0002382
     110    1316       0       0       0       0       0       000010000D0002383
     110       0       0       1       0                               0D0002384
     100    1317       0       0       0       0    2387       000010000D0002385
     100       0       0       1       0                               0D0002386
     124    1318       0       0       0       0       0       000000000D0002387
     124       0       0       1       0                               0D0002388
     110    1319       0       0       0       0       0       000010000D0002389
     110       0       0       1       0                               0D0002390
     100    1320       0       0       0       0    2393       000010000D0002391
     100       0       0       1       0                               0D0002392
     124    1321       0       0       0       0       0       000000000D0002393
     124       0       0       1       0                               0D0002394
     144    1322       0       0       0       0       0       000020000D0002395
     144       0       0       1       0                               0D0002396
     120    1323       0       0       0       0    2399       000010000D0002397
     120       0       0       1       0                               0D0002398
     124    1324       0       0       0       0       0       000000000D0002399
     124       0       0       1       0                               0D0002400
     110    1325       0       0       0       0       0       000010000D0002401
     110       0       0       1       0                               0D0002402
     110    1326       0       0       0       0       0       000010000D0002403
     110       0       0       1       0                               0D0002404
     142    1327       0       0       0       0       0       000010500D0002405
     142       0       0       1       0                               0D0002406
     102    1328       0       0       0       0       0       000010000D0002407
     102       0       0       1       0                               0D0002408
     110    1329       0       0       0       0       0       000010000D0002409
     110       0       0       1       0                               0D0002410
     110    1330       0       0       0       0       0       000010000D0002411
     110       0       0       2       0                               0D0002412
     110    1332       0       0       0       0       0       000010000D0002413
     110       0       0       1       0                               0D0002414
     110    1333       0       0       0       0       0       000010000D0002415
     110       0       0       1       0                               0D0002416
     102    1334       0       0       0       0       0       000010000D0002417
     102       0       0       1       0                               0D0002418
     110    1335       0       0       0       0       0       000010000D0002419
     110       0       0       1       0                               0D0002420
     100    1336       0       0       0       0    2423       000010000D0002421
     100       0       0       1       0                               0D0002422
     124    1337       0       0       0       0       0       000000000D0002423
     124       0       0       1       0                               0D0002424
     110    1338       0       0       0       0       0       000010000D0002425
     110       0       0       1       0                               0D0002426
     100    1339       0       0       0       0    2429       000010000D0002427
     100       0       0       1       0                               0D0002428
     124    1340       0       0       0       0       0       000000000D0002429
     124       0       0       2       0                               0D0002430
     144    1342       0       0       0       0       0       000020000D0002431
     144       0       0       1       0                               0D0002432
     108    1343       0       0       0       0       0       000010000D0002433
     108       0       0       1       0                               0D0002434
     142    1344       0       0       0       0       0       000010500D0002435
     142       0       0       1       0                               0D0002436
     102    1345       0       0       0       0       0       000010000D0002437
     102       0       0       1       0                               0D0002438
     110    1346       0       0       0       0       0       000010000D0002439
     110       0       0       1       0                               0D0002440
     110    1347       0       0       0       0       0       000010000D0002441
     110       0       0       1       0                               0D0002442
     110    1348       0       0       0       0       0       000010000D0002443
     110       0       0       1       0                               0D0002444
     110    1349       0       0       0       0       0       000010000D0002445
     110       0       0       1       0                               0D0002446
     144    1350       0       0       0       0       0       000020000D0002447
     144       0       0       1       0                               0D0002448
     108    1351       0       0       0       0       0       000010000D0002449
     108       0       0       1       0                               0D0002450
     142    1352       0       0       0       0       0       000010500D0002451
     142       0       0       1       0                               0D0002452
     102    1353       0       0       0       0       0       000010000D0002453
     102       0       0       1       0                               0D0002454
     110    1354       0       0       0       0       0       000010000D0002455
     110       0       0       1       0                               0D0002456
     110    1355       0       0       0       0       0       000010000D0002457
     110       0       0       1       0                               0D0002458
     110    1356       0       0       0       0       0       000010000D0002459
     110       0       0       1       0                               0D0002460
     110    1357       0       0       0       0       0       000010000D0002461
     110       0       0       1       0                               0D0002462
     144    1358       0       0       0       0       0       000020000D0002463
     144       0       0       1       0                               0D0002464
     108    1359       0       0       0       0       0       000010000D0002465
     108       0       0       1       0                               0D0002466
     142    1360       0       0       0       0       0       000010500D0002467
     142       0       0       1       0                               0D0002468
     102    1361       0       0       0       0       0       000010000D0002469
     102       0       0       1       0                               0D0002470
     110    1362       0       0       0       0       0       000010000D0002471
     110       0       0       1       0                               0D0002472
     110    1363       0       0       0       0       0       000010000D0002473
     110       0       0       1       0                               0D0002474
     110    1364       0       0       0       0       0       000010000D0002475
     110       0       0       1       0                               0D0002476
     110    1365       0       0       0       0       0       000010000D0002477
     110       0       0       1       0                               0D0002478
     144    1366       0       0       0       0       0       000020000D0002479
     144       0       0       1       0                               0D0002480
     108    1367       0       0       0       0       0       000010000D0002481
     108       0       0       1       0                               0D0002482
     142    1368       0       0       0       0       0       000010500D0002483
     142       0       0       1       0                               0D0002484
     102    1369       0       0       0       0       0       000010000D0002485
     102       0       0       1       0                               0D0002486
     110    1370       0       0       0       0       0       000010000D0002487
     110       0       0       1       0                               0D0002488
     110    1371       0       0       0       0       0       000010000D0002489
     110       0       0       1       0                               0D0002490
     110    1372       0       0       0       0       0       000010000D0002491
     110       0       0       1       0                               0D0002492
     110    1373       0       0       0       0       0       000010000D0002493
     110       0       0       1       0                               0D0002494
     144    1374       0       0       0       0       0       000020000D0002495
     144       0       0       1       0                               0D0002496
     108    1375       0       0       0       0       0       000010000D0002497
     108       0       0       1       0                               0D0002498
     142    1376       0       0       0       0       0       000010500D0002499
     142       0       0       1       0                               0D0002500
     102    1377       0       0       0       0       0       000010000D0002501
     102       0       0       1       0                               0D0002502
     110    1378       0       0       0       0       0       000010000D0002503
     110       0       0       1       0                               0D0002504
     110    1379       0       0       0       0       0       000010000D0002505
     110       0       0       1       0                               0D0002506
     110    1380       0       0       0       0       0       000010000D0002507
     110       0       0       1       0                               0D0002508
     110    1381       0       0       0       0       0       000010000D0002509
     110       0       0       1       0                               0D0002510
     144    1382       0       0       0       0       0       000020000D0002511
     144       0       0       1       0                               0D0002512
     108    1383       0       0       0       0       0       000010000D0002513
     108       0       0       1       0                               0D0002514
     142    1384       0       0       0       0       0       000010500D0002515
     142       0       0       1       0                               0D0002516
     102    1385       0       0       0       0       0       000010000D0002517
     102       0       0       1       0                               0D0002518
     110    1386       0       0       0       0       0       000010000D0002519
     110       0       0       1       0                               0D0002520
     110    1387       0       0       0       0       0       000010000D0002521
     110       0       0       1       0                               0D0002522
     110    1388       0       0       0       0       0       000010000D0002523
     110       0       0       1       0                               0D0002524
     110    1389       0       0       0       0       0       000010000D0002525
     110       0       0       1       0                               0D0002526
     144    1390       0       0       0       0       0       000020000D0002527
     144       0       0       1       0                               0D0002528
     108    1391       0       0       0       0       0       000010000D0002529
     108       0       0       1       0                               0D0002530
     142    1392       0       0       0       0       0       000010500D0002531
     142       0       0       1       0                               0D0002532
     102    1393       0       0       0       0       0       000010000D0002533
     102       0       0       1       0                               0D0002534
     110    1394       0       0       0       0       0       000010000D0002535
     110       0       0       1       0                               0D0002536
     110    1395       0       0       0       0       0       000010000D0002537
     110       0       0       1       0                               0D0002538
     110    1396       0       0       0       0       0       000010000D0002539
     110       0       0       1       0                               0D0002540
     110    1397       0       0       0       0       0       000010000D0002541
     110       0       0       1       0                               0D0002542
     144    1398       0       0       0       0       0       000020000D0002543
     144       0       0       1       0                               0D0002544
     108    1399       0       0       0       0       0       000010000D0002545
     108       0       0       1       0                               0D0002546
     142    1400       0       0       0       0       0       000010500D0002547
     142       0       0       1       0                               0D0002548
     102    1401       0       0       0       0       0       000010000D0002549
     102       0       0       1       0                               0D0002550
     110    1402       0       0       0       0       0       000010000D0002551
     110       0       0       1       0                               0D0002552
     110    1403       0       0       0       0       0       000010000D0002553
     110       0       0       1       0                               0D0002554
     110    1404       0       0       0       0       0       000010000D0002555
     110       0       0       1       0                               0D0002556
     110    1405       0       0       0       0       0       000010000D0002557
     110       0       0       1       0                               0D0002558
     144    1406       0       0       0       0       0       000020000D0002559
     144       0       0       1       0                               0D0002560
     108    1407       0       0       0       0       0       000010000D0002561
     108       0       0       1       0                               0D0002562
     142    1408       0       0       0       0       0       000010500D0002563
     142       0       0       1       0                               0D0002564
     102    1409       0       0       0       0       0       000010000D0002565
     102       0       0       1       0                               0D0002566
     110    1410       0       0       0       0       0       000010000D0002567
     110       0       0       1       0                               0D0002568
     110    1411       0       0       0       0       0       000010000D0002569
     110       0       0       1       0                               0D0002570
     110    1412       0       0       0       0       0       000010000D0002571
     110       0       0       1       0                               0D0002572
     110    1413       0       0       0       0       0       000010000D0002573
     110       0       0       1       0                               0D0002574
     144    1414       0       0       0       0       0       000020000D0002575
     144       0       0       1       0                               0D0002576
     108    1415       0       0       0       0       0       000010000D0002577
     108       0       0       1       0                               0D0002578
     142    1416       0       0       0       0       0       000010500D0002579
     142       0       0       1       0                               0D0002580
     102    1417       0       0       0       0       0       000010000D0002581
     102       0       0       1       0                               0D0002582
     110    1418       0       0       0       0       0       000010000D0002583
     110       0       0       1       0                               0D0002584
     110    1419       0       0       0       0       0       000010000D0002585
     110       0       0       1       0                               0D0002586
     110    1420       0       0       0       0       0       000010000D0002587
     110       0       0       1       0                               0D0002588
     110    1421       0       0       0       0       0       000010000D0002589
     110       0       0       1       0                               0D0002590
     144    1422       0       0       0       0       0       000020000D0002591
     144       0       0       1       0                               0D0002592
     108    1423       0       0       0       0       0       000010000D0002593
     108       0       0       1       0                               0D0002594
     142    1424       0       0       0       0       0       000010500D0002595
     142       0       0       1       0                               0D0002596
     102    1425       0       0       0       0       0       000010000D0002597
     102       0       0       1       0                               0D0002598
     110    1426       0       0       0       0       0       000010000D0002599
     110       0       0       1       0                               0D0002600
     110    1427       0       0       0       0       0       000010000D0002601
     110       0       0       1       0                               0D0002602
     110    1428       0       0       0       0       0       000010000D0002603
     110       0       0       1       0                               0D0002604
     110    1429       0       0       0       0       0       000010000D0002605
     110       0       0       1       0                               0D0002606
     144    1430       0       0       0       0       0       000020000D0002607
     144       0       0       1       0                               0D0002608
     108    1431       0       0       0       0       0       000010000D0002609
     108       0       0       1       0                               0D0002610
     142    1432       0       0       0       0       0       000010500D0002611
     142       0       0       1       0                               0D0002612
     102    1433       0       0       0       0       0       000010000D0002613
     102       0       0       1       0                               0D0002614
     110    1434       0       0       0       0       0       000010000D0002615
     110       0       0       1       0                               0D0002616
     110    1435       0       0       0       0       0       000010000D0002617
     110       0       0       1       0                               0D0002618
     110    1436       0       0       0       0       0       000010000D0002619
     110       0       0       1       0                               0D0002620
     110    1437       0       0       0       0       0       000010000D0002621
     110       0       0       1       0                               0D0002622
     144    1438       0       0       0       0       0       000020000D0002623
     144       0       0       1       0                               0D0002624
     108    1439       0       0       0       0       0       000010000D0002625
     108       0       0       1       0                               0D0002626
     142    1440       0       0       0       0       0       000010500D0002627
     142       0       0       1       0                               0D0002628
     102    1441       0       0       0       0       0       000010000D0002629
     102       0       0       1       0                               0D0002630
     110    1442       0       0       0       0       0       000010000D0002631
     110       0       0       1       0                               0D0002632
     110    1443       0       0       0       0       0       000010000D0002633
     110       0       0       1       0                               0D0002634
     110    1444       0       0       0       0       0       000010000D0002635
     110       0       0       1       0                               0D0002636
     110    1445       0       0       0       0       0       000010000D0002637
     110       0       0       1       0                               0D0002638
     144    1446       0       0       0       0       0       000020000D0002639
     144       0       0       1       0                               0D0002640
     108    1447       0       0       0       0       0       000010000D0002641
     108       0       0       1       0                               0D0002642
     142    1448       0       0       0       0       0       000010500D0002643
     142       0       0       1       0                               0D0002644
     102    1449       0       0       0       0       0       000010000D0002645
     102       0       0       1       0                               0D0002646
     110    1450       0       0       0       0       0       000010000D0002647
     110       0       0       1       0                               0D0002648
     110    1451       0       0       0       0       0       000010000D0002649
     110       0       0       1       0                               0D0002650
     110    1452       0       0       0       0       0       000010000D0002651
     110       0       0       1       0                               0D0002652
     110    1453       0       0       0       0       0       000010000D0002653
     110       0       0       1       0                               0D0002654
     144    1454       0       0       0       0       0       000020000D0002655
     144       0       0       1       0                               0D0002656
     108    1455       0       0       0       0       0       000010000D0002657
     108       0       0       1       0                               0D0002658
     142    1456       0       0       0       0       0       000010500D0002659
     142       0       0       1       0                               0D0002660
     102    1457       0       0       0       0       0       000010000D0002661
     102       0       0       1       0                               0D0002662
     110    1458       0       0       0       0       0       000010000D0002663
     110       0       0       1       0                               0D0002664
     110    1459       0       0       0       0       0       000010000D0002665
     110       0       0       1       0                               0D0002666
     110    1460       0       0       0       0       0       000010000D0002667
     110       0       0       1       0                               0D0002668
     110    1461       0       0       0       0       0       000010000D0002669
     110       0       0       1       0                               0D0002670
     144    1462       0       0       0       0       0       000020000D0002671
     144       0       0       1       0                               0D0002672
     108    1463       0       0       0       0       0       000010000D0002673
     108       0       0       1       0                               0D0002674
     142    1464       0       0       0       0       0       000010500D0002675
     142       0       0       1       0                               0D0002676
     102    1465       0       0       0       0       0       000010000D0002677
     102       0       0       1       0                               0D0002678
     110    1466       0       0       0       0       0       000010000D0002679
     110       0       0       1       0                               0D0002680
     110    1467       0       0       0       0       0       000010000D0002681
     110       0       0       1       0                               0D0002682
     110    1468       0       0       0       0       0       000010000D0002683
     110       0       0       1       0                               0D0002684
     110    1469       0       0       0       0       0       000010000D0002685
     110       0       0       1       0                               0D0002686
     144    1470       0       0       0       0       0       000020000D0002687
     144       0       0       1       0                               0D0002688
     108    1471       0       0       0       0       0       000010000D0002689
     108       0       0       1       0                               0D0002690
     142    1472       0       0       0       0       0       000010500D0002691
     142       0       0       1       0                               0D0002692
     102    1473       0       0       0       0       0       000010000D0002693
     102       0       0       1       0                               0D0002694
     110    1474       0       0       0       0       0       000010000D0002695
     110       0       0       1       0                               0D0002696
     110    1475       0       0       0       0       0       000010000D0002697
     110       0       0       1       0                               0D0002698
     110    1476       0       0       0       0       0       000010000D0002699
     110       0       0       1       0                               0D0002700
     110    1477       0       0       0       0       0       000010000D0002701
     110       0       0       1       0                               0D0002702
     144    1478       0       0       0       0       0       000020000D0002703
     144       0       0       1       0                               0D0002704
     108    1479       0       0       0       0       0       000010000D0002705
     108       0       0       1       0                               0D0002706
     142    1480       0       0       0       0       0       000010500D0002707
     142       0       0       1       0                               0D0002708
     102    1481       0       0       0       0       0       000010000D0002709
     102       0       0       1       0                               0D0002710
     110    1482       0       0       0       0       0       000010000D0002711
     110       0       0       1       0                               0D0002712
     110    1483       0       0       0       0       0       000010000D0002713
     110       0       0       1       0                               0D0002714
     110    1484       0       0       0       0       0       000010000D0002715
     110       0       0       1       0                               0D0002716
     110    1485       0       0       0       0       0       000010000D0002717
     110       0       0       1       0                               0D0002718
     144    1486       0       0       0       0       0       000020000D0002719
     144       0       0       1       0                               0D0002720
     108    1487       0       0       0       0       0       000010000D0002721
     108       0       0       1       0                               0D0002722
     142    1488       0       0       0       0       0       000010500D0002723
     142       0       0       1       0                               0D0002724
     102    1489       0       0       0       0       0       000010000D0002725
     102       0       0       1       0                               0D0002726
     110    1490       0       0       0       0       0       000010000D0002727
     110       0       0       1       0                               0D0002728
     110    1491       0       0       0       0       0       000010000D0002729
     110       0       0       1       0                               0D0002730
     110    1492       0       0       0       0       0       000010000D0002731
     110       0       0       1       0                               0D0002732
     110    1493       0       0       0       0       0       000010000D0002733
     110       0       0       1       0                               0D0002734
     144    1494       0       0       0       0       0       000020000D0002735
     144       0       0       1       0                               0D0002736
     108    1495       0       0       0       0       0       000010000D0002737
     108       0       0       1       0                               0D0002738
     142    1496       0       0       0       0       0       000010500D0002739
     142       0       0       1       0                               0D0002740
     102    1497       0       0       0       0       0       000010000D0002741
     102       0       0       1       0                               0D0002742
     110    1498       0       0       0       0       0       000010000D0002743
     110       0       0       1       0                               0D0002744
     110    1499       0       0       0       0       0       000010000D0002745
     110       0       0       1       0                               0D0002746
     110    1500       0       0       0       0       0       000010000D0002747
     110       0       0       1       0                               0D0002748
     110    1501       0       0       0       0       0       000010000D0002749
     110       0       0       1       0                               0D0002750
     144    1502       0       0       0       0       0       000020000D0002751
     144       0       0       1       0                               0D0002752
     108    1503       0       0       0       0       0       000010000D0002753
     108       0       0       1       0                               0D0002754
     142    1504       0       0       0       0       0       000010500D0002755
     142       0       0       1       0                               0D0002756
     102    1505       0       0       0       0       0       000010000D0002757
     102       0       0       1       0                               0D0002758
     110    1506       0       0       0       0       0       000010000D0002759
     110       0       0       1       0                               0D0002760
     110    1507       0       0       0       0       0       000010000D0002761
     110       0       0       1       0                               0D0002762
     110    1508       0       0       0       0       0       000010000D0002763
     110       0       0       1       0                               0D0002764
     110    1509       0       0       0       0       0       000010000D0002765
     110       0       0       1       0                               0D0002766
     144    1510       0       0       0       0       0       000020000D0002767
     144       0       0       1       0                               0D0002768
     108    1511       0       0       0       0       0       000010000D0002769
     108       0       0       1       0                               0D0002770
     142    1512       0       0       0       0       0       000010500D0002771
     142       0       0       1       0                               0D0002772
     102    1513       0       0       0       0       0       000010000D0002773
     102       0       0       1       0                               0D0002774
     110    1514       0       0       0       0       0       000010000D0002775
     110       0       0       1       0                               0D0002776
     110    1515       0       0       0       0       0       000010000D0002777
     110       0       0       1       0                               0D0002778
     110    1516       0       0       0       0       0       000010000D0002779
     110       0       0       1       0                               0D0002780
     110    1517       0       0       0       0       0       000010000D0002781
     110       0       0       1       0                               0D0002782
     144    1518       0       0       0       0       0       000020000D0002783
     144       0       0       1       0                               0D0002784
     108    1519       0       0       0       0       0       000010000D0002785
     108       0       0       1       0                               0D0002786
     142    1520       0       0       0       0       0       000010500D0002787
     142       0       0       1       0                               0D0002788
     102    1521       0       0       0       0       0       000010000D0002789
     102       0       0       1       0                               0D0002790
     110    1522       0       0       0       0       0       000010000D0002791
     110       0       0       1       0                               0D0002792
     110    1523       0       0       0       0       0       000010000D0002793
     110       0       0       1       0                               0D0002794
     110    1524       0       0       0       0       0       000010000D0002795
     110       0       0       1       0                               0D0002796
     110    1525       0       0       0       0       0       000010000D0002797
     110       0       0       1       0                               0D0002798
     144    1526       0       0       0       0       0       000020000D0002799
     144       0       0       1       0                               0D0002800
     108    1527       0       0       0       0       0       000010000D0002801
     108       0       0       1       0                               0D0002802
     142    1528       0       0       0       0       0       000010500D0002803
     142       0       0       1       0                               0D0002804
     102    1529       0       0       0       0       0       000010000D0002805
     102       0       0       1       0                               0D0002806
     110    1530       0       0       0       0       0       000010000D0002807
     110       0       0       1       0                               0D0002808
     110    1531       0       0       0       0       0       000010000D0002809
     110       0       0       1       0                               0D0002810
     110    1532       0       0       0       0       0       000010000D0002811
     110       0       0       1       0                               0D0002812
     110    1533       0       0       0       0       0       000010000D0002813
     110       0       0       1       0                               0D0002814
     144    1534       0       0       0       0       0       000020000D0002815
     144       0       0       1       0                               0D0002816
     108    1535       0       0       0       0       0       000010000D0002817
     108       0       0       1       0                               0D0002818
     142    1536       0       0       0       0       0       000010500D0002819
     142       0       0       1       0                               0D0002820
     102    1537       0       0       0       0       0       000010000D0002821
     102       0       0       1       0                               0D0002822
     110    1538       0       0       0       0       0       000010000D0002823
     110       0       0       1       0                               0D0002824
     110    1539       0       0       0       0       0       000010000D0002825
     110       0       0       1       0                               0D0002826
     110    1540       0       0       0       0       0       000010000D0002827
     110       0       0       1       0                               0D0002828
     110    1541       0       0       0       0       0       000010000D0002829
     110       0       0       1       0                               0D0002830
     144    1542       0       0       0       0       0       000020000D0002831
     144       0       0       1       0                               0D0002832
     108    1543       0       0       0       0       0       000010000D0002833
     108       0       0       1       0                               0D0002834
     142    1544       0       0       0       0       0       000010500D0002835
     142       0       0       1       0                               0D0002836
     102    1545       0       0       0       0       0       000010000D0002837
     102       0       0       1       0                               0D0002838
     110    1546       0       0       0       0       0       000010000D0002839
     110       0       0       1       0                               0D0002840
     110    1547       0       0       0       0       0       000010000D0002841
     110       0       0       1       0                               0D0002842
     110    1548       0       0       0       0       0       000010000D0002843
     110       0       0       1       0                               0D0002844
     110    1549       0       0       0       0       0       000010000D0002845
     110       0       0       1       0                               0D0002846
     144    1550       0       0       0       0       0       000020000D0002847
     144       0       0       1       0                               0D0002848
     108    1551       0       0       0       0       0       000010000D0002849
     108       0       0       1       0                               0D0002850
     142    1552       0       0       0       0       0       000010500D0002851
     142       0       0       1       0                               0D0002852
     102    1553       0       0       0       0       0       000010000D0002853
     102       0       0       1       0                               0D0002854
     110    1554       0       0       0       0       0       000010000D0002855
     110       0       0       1       0                               0D0002856
     110    1555       0       0       0       0       0       000010000D0002857
     110       0       0       1       0                               0D0002858
     110    1556       0       0       0       0       0       000010000D0002859
     110       0       0       1       0                               0D0002860
     110    1557       0       0       0       0       0       000010000D0002861
     110       0       0       1       0                               0D0002862
     144    1558       0       0       0       0       0       000020000D0002863
     144       0       0       1       0                               0D0002864
     108    1559       0       0       0       0       0       000010000D0002865
     108       0       0       1       0                               0D0002866
     142    1560       0       0       0       0       0       000010500D0002867
     142       0       0       1       0                               0D0002868
     102    1561       0       0       0       0       0       000010000D0002869
     102       0       0       1       0                               0D0002870
     110    1562       0       0       0       0       0       000010000D0002871
     110       0       0       1       0                               0D0002872
     110    1563       0       0       0       0       0       000010000D0002873
     110       0       0       1       0                               0D0002874
     110    1564       0       0       0       0       0       000010000D0002875
     110       0       0       1       0                               0D0002876
     110    1565       0       0       0       0       0       000010000D0002877
     110       0       0       1       0                               0D0002878
     144    1566       0       0       0       0       0       000020000D0002879
     144       0       0       1       0                               0D0002880
     108    1567       0       0       0       0       0       000010000D0002881
     108       0       0       1       0                               0D0002882
     142    1568       0       0       0       0       0       000010500D0002883
     142       0       0       1       0                               0D0002884
     102    1569       0       0       0       0       0       000010000D0002885
     102       0       0       1       0                               0D0002886
     110    1570       0       0       0       0       0       000010000D0002887
     110       0       0       1       0                               0D0002888
     110    1571       0       0       0       0       0       000010000D0002889
     110       0       0       1       0                               0D0002890
     110    1572       0       0       0       0       0       000010000D0002891
     110       0       0       1       0                               0D0002892
     110    1573       0       0       0       0       0       000010000D0002893
     110       0       0       1       0                               0D0002894
     144    1574       0       0       0       0       0       000020000D0002895
     144       0       0       1       0                               0D0002896
     108    1575       0       0       0       0       0       000010000D0002897
     108       0       0       1       0                               0D0002898
     142    1576       0       0       0       0       0       000010500D0002899
     142       0       0       1       0                               0D0002900
     102    1577       0       0       0       0       0       000010000D0002901
     102       0       0       1       0                               0D0002902
     110    1578       0       0       0       0       0       000010000D0002903
     110       0       0       1       0                               0D0002904
     110    1579       0       0       0       0       0       000010000D0002905
     110       0       0       1       0                               0D0002906
     110    1580       0       0       0       0       0       000010000D0002907
     110       0       0       1       0                               0D0002908
     110    1581       0       0       0       0       0       000010000D0002909
     110       0       0       1       0                               0D0002910
     144    1582       0       0       0       0       0       000020000D0002911
     144       0       0       1       0                               0D0002912
     108    1583       0       0       0       0       0       000010000D0002913
     108       0       0       1       0                               0D0002914
     142    1584       0       0       0       0       0       000010500D0002915
     142       0       0       1       0                               0D0002916
     102    1585       0       0       0       0       0       000010000D0002917
     102       0       0       1       0                               0D0002918
     110    1586       0       0       0       0       0       000010000D0002919
     110       0       0       1       0                               0D0002920
     110    1587       0       0       0       0       0       000010000D0002921
     110       0       0       1       0                               0D0002922
     110    1588       0       0       0       0       0       000010000D0002923
     110       0       0       1       0                               0D0002924
     110    1589       0       0       0       0       0       000010000D0002925
     110       0       0       1       0                               0D0002926
     144    1590       0       0       0       0       0       000020000D0002927
     144       0       0       1       0                               0D0002928
     108    1591       0       0       0       0       0       000010000D0002929
     108       0       0       1       0                               0D0002930
     142    1592       0       0       0       0       0       000010500D0002931
     142       0       0       1       0                               0D0002932
     102    1593       0       0       0       0       0       000010000D0002933
     102       0       0       1       0                               0D0002934
     110    1594       0       0       0       0       0       000010000D0002935
     110       0       0       1       0                               0D0002936
     110    1595       0       0       0       0       0       000010000D0002937
     110       0       0       1       0                               0D0002938
     110    1596       0       0       0       0       0       000010000D0002939
     110       0       0       1       0                               0D0002940
     110    1597       0       0       0       0       0       000010000D0002941
     110       0       0       1       0                               0D0002942
     144    1598       0       0       0       0       0       000020000D0002943
     144       0       0       1       0                               0D0002944
     108    1599       0       0       0       0       0       000010000D0002945
     108       0       0       1       0                               0D0002946
     142    1600       0       0       0       0       0       000010500D0002947
     142       0       0       1       0                               0D0002948
     102    1601       0       0       0       0       0       000010000D0002949
     102       0       0       1       0                               0D0002950
     110    1602       0       0       0       0       0       000010000D0002951
     110       0       0       1       0                               0D0002952
     110    1603       0       0       0       0       0       000010000D0002953
     110       0       0       1       0                               0D0002954
     110    1604       0       0       0       0       0       000010000D0002955
     110       0       0       1       0                               0D0002956
     110    1605       0       0       0       0       0       000010000D0002957
     110       0       0       1       0                               0D0002958
     144    1606       0       0       0       0       0       000020000D0002959
     144       0       0       1       0                               0D0002960
     108    1607       0       0       0       0       0       000010000D0002961
     108       0       0       1       0                               0D0002962
     142    1608       0       0       0       0       0       000010500D0002963
     142       0       0       1       0                               0D0002964
     102    1609       0       0       0       0       0       000010000D0002965
     102       0       0       1       0                               0D0002966
     110    1610       0       0       0       0       0       000010000D0002967
     110       0       0       1       0                               0D0002968
     110    1611       0       0       0       0       0       000010000D0002969
     110       0       0       1       0                               0D0002970
     110    1612       0       0       0       0       0       000010000D0002971
     110       0       0       1       0                               0D0002972
     110    1613       0       0       0       0       0       000010000D0002973
     110       0       0       1       0                               0D0002974
     144    1614       0       0       0       0       0       000020000D0002975
     144       0       0       1       0                               0D0002976
     108    1615       0       0       0       0       0       000010000D0002977
     108       0       0       1       0                               0D0002978
     142    1616       0       0       0       0       0       000010500D0002979
     142       0       0       1       0                               0D0002980
     102    1617       0       0       0       0       0       000010000D0002981
     102       0       0       1       0                               0D0002982
     110    1618       0       0       0       0       0       000010000D0002983
     110       0       0       1       0                               0D0002984
     110    1619       0       0       0       0       0       000010000D0002985
     110       0       0       1       0                               0D0002986
     110    1620       0       0       0       0       0       000010000D0002987
     110       0       0       1       0                               0D0002988
     110    1621       0       0       0       0       0       000010000D0002989
     110       0       0       1       0                               0D0002990
     144    1622       0       0       0       0       0       000020000D0002991
     144       0       0       1       0                               0D0002992
     108    1623       0       0       0       0       0       000010000D0002993
     108       0       0       1       0                               0D0002994
     142    1624       0       0       0       0       0       000010500D0002995
     142       0       0       1       0                               0D0002996
     102    1625       0       0       0       0       0       000010000D0002997
     102       0       0       1       0                               0D0002998
     110    1626       0       0       0       0       0       000010000D0002999
     110       0       0       1       0                               0D0003000
     110    1627       0       0       0       0       0       000010000D0003001
     110       0       0       1       0                               0D0003002
     110    1628       0       0       0       0       0       000010000D0003003
     110       0       0       1       0                               0D0003004
     110    1629       0       0       0       0       0       000010000D0003005
     110       0       0       1       0                               0D0003006
     144    1630       0       0       0       0       0       000020000D0003007
     144       0       0       1       0                               0D0003008
     108    1631       0       0       0       0       0       000010000D0003009
     108       0       0       1       0                               0D0003010
     142    1632       0       0       0       0       0       000010500D0003011
     142       0       0       1       0                               0D0003012
     102    1633       0       0       0       0       0       000010000D0003013
     102       0       0       1       0                               0D0003014
     110    1634       0       0       0       0       0       000010000D0003015
     110       0       0       1       0                               0D0003016
     110    1635       0       0       0       0       0       000010000D0003017
     110       0       0       1       0                               0D0003018
     110    1636       0       0       0       0       0       000010000D0003019
     110       0       0       1       0                               0D0003020
     110    1637       0       0       0       0       0       000010000D0003021
     110       0       0       1       0                               0D0003022
     144    1638       0       0       0       0       0       000020000D0003023
     144       0       0       1       0                               0D0003024
     108    1639       0       0       0       0       0       000010000D0003025
     108       0       0       1       0                               0D0003026
     142    1640       0       0       0       0       0       000010500D0003027
     142       0       0       1       0                               0D0003028
     102    1641       0       0       0       0       0       000010000D0003029
     102       0       0       1       0                               0D0003030
     110    1642       0       0       0       0       0       000010000D0003031
     110       0       0       1       0                               0D0003032
     110    1643       0       0       0       0       0       000010000D0003033
     110       0       0       1       0                               0D0003034
     110    1644       0       0       0       0       0       000010000D0003035
     110       0       0       1       0                               0D0003036
     110    1645       0       0       0       0       0       000010000D0003037
     110       0       0       1       0                               0D0003038
     144    1646       0       0       0       0       0       000020000D0003039
     144       0       0       1       0                               0D0003040
     108    1647       0       0       0       0       0       000010000D0003041
     108       0       0       1       0                               0D0003042
     142    1648       0       0       0       0       0       000010500D0003043
     142       0       0       1       0                               0D0003044
     102    1649       0       0       0       0       0       000010000D0003045
     102       0       0       1       0                               0D0003046
     110    1650       0       0       0       0       0       000010000D0003047
     110       0       0       1       0                               0D0003048
     110    1651       0       0       0       0       0       000010000D0003049
     110       0       0       1       0                               0D0003050
     110    1652       0       0       0       0       0       000010000D0003051
     110       0       0       1       0                               0D0003052
     110    1653       0       0       0       0       0       000010000D0003053
     110       0       0       1       0                               0D0003054
     144    1654       0       0       0       0       0       000020000D0003055
     144       0       0       1       0                               0D0003056
     108    1655       0       0       0       0       0       000010000D0003057
     108       0       0       1       0                               0D0003058
     142    1656       0       0       0       0       0       000010500D0003059
     142       0       0       1       0                               0D0003060
     102    1657       0       0       0       0       0       000010000D0003061
     102       0       0       1       0                               0D0003062
     110    1658       0       0       0       0       0       000010000D0003063
     110       0       0       1       0                               0D0003064
     110    1659       0       0       0       0       0       000010000D0003065
     110       0       0       1       0                               0D0003066
     110    1660       0       0       0       0       0       000010000D0003067
     110       0       0       1       0                               0D0003068
     110    1661       0       0       0       0       0       000010000D0003069
     110       0       0       1       0                               0D0003070
     144    1662       0       0       0       0       0       000020000D0003071
     144       0       0       1       0                               0D0003072
     108    1663       0       0       0       0       0       000010000D0003073
     108       0       0       1       0                               0D0003074
     142    1664       0       0       0       0       0       000010500D0003075
     142       0       0       1       0                               0D0003076
     102    1665       0       0       0       0       0       000010000D0003077
     102       0       0       1       0                               0D0003078
     110    1666       0       0       0       0       0       000010000D0003079
     110       0       0       1       0                               0D0003080
     110    1667       0       0       0       0       0       000010000D0003081
     110       0       0       1       0                               0D0003082
     110    1668       0       0       0       0       0       000010000D0003083
     110       0       0       1       0                               0D0003084
     110    1669       0       0       0       0       0       000010000D0003085
     110       0       0       1       0                               0D0003086
     144    1670       0       0       0       0       0       000020000D0003087
     144       0       0       1       0                               0D0003088
     108    1671       0       0       0       0       0       000010000D0003089
     108       0       0       1       0                               0D0003090
     142    1672       0       0       0       0       0       000010500D0003091
     142       0       0       1       0                               0D0003092
     102    1673       0       0       0       0       0       000010000D0003093
     102       0       0       1       0                               0D0003094
     110    1674       0       0       0       0       0       000010000D0003095
     110       0       0       1       0                               0D0003096
     110    1675       0       0       0       0       0       000010000D0003097
     110       0       0       1       0                               0D0003098
     110    1676       0       0       0       0       0       000010000D0003099
     110       0       0       1       0                               0D0003100
     110    1677       0       0       0       0       0       000010000D0003101
     110       0       0       1       0                               0D0003102
     144    1678       0       0       0       0       0       000020000D0003103
     144       0       0       1       0                               0D0003104
     108    1679       0       0       0       0       0       000010000D0003105
     108       0       0       1       0                               0D0003106
     142    1680       0       0       0       0       0       000010500D0003107
     142       0       0       1       0                               0D0003108
     102    1681       0       0       0       0       0       000010000D0003109
     102       0       0       1       0                               0D0003110
     110    1682       0       0       0       0       0       000010000D0003111
     110       0       0       1       0                               0D0003112
     110    1683       0       0       0       0       0       000010000D0003113
     110       0       0       1       0                               0D0003114
     110    1684       0       0       0       0       0       000010000D0003115
     110       0       0       1       0                               0D0003116
     110    1685       0       0       0       0       0       000010000D0003117
     110       0       0       1       0                               0D0003118
     144    1686       0       0       0       0       0       000020000D0003119
     144       0       0       1       0                               0D0003120
     108    1687       0       0       0       0       0       000010000D0003121
     108       0       0       1       0                               0D0003122
     142    1688       0       0       0       0       0       000010500D0003123
     142       0       0       1       0                               0D0003124
     102    1689       0       0       0       0       0       000010000D0003125
     102       0       0       1       0                               0D0003126
     110    1690       0       0       0       0       0       000010000D0003127
     110       0       0       1       0                               0D0003128
     110    1691       0       0       0       0       0       000010000D0003129
     110       0       0       1       0                               0D0003130
     110    1692       0       0       0       0       0       000010000D0003131
     110       0       0       1       0                               0D0003132
     110    1693       0       0       0       0       0       000010000D0003133
     110       0       0       1       0                               0D0003134
     144    1694       0       0       0       0       0       000020000D0003135
     144       0       0       1       0                               0D0003136
     108    1695       0       0       0       0       0       000010000D0003137
     108       0       0       1       0                               0D0003138
     142    1696       0       0       0       0       0       000010500D0003139
     142       0       0       1       0                               0D0003140
     102    1697       0       0       0       0       0       000010000D0003141
     102       0       0       1       0                               0D0003142
     110    1698       0       0       0       0       0       000010000D0003143
     110       0       0       1       0                               0D0003144
     110    1699       0       0       0       0       0       000010000D0003145
     110       0       0       1       0                               0D0003146
     110    1700       0       0       0       0       0       000010000D0003147
     110       0       0       1       0                               0D0003148
     110    1701       0       0       0       0       0       000010000D0003149
     110       0       0       1       0                               0D0003150
     144    1702       0       0       0       0       0       000020000D0003151
     144       0       0       1       0                               0D0003152
     108    1703       0       0       0       0       0       000010000D0003153
     108       0       0       1       0                               0D0003154
     142    1704       0       0       0       0       0       000010500D0003155
     142       0       0       1       0                               0D0003156
     102    1705       0       0       0       0       0       000010000D0003157
     102       0       0       1       0                               0D0003158
     110    1706       0       0       0       0       0       000010000D0003159
     110       0       0       1       0                               0D0003160
     110    1707       0       0       0       0       0       000010000D0003161
     110       0       0       1       0                               0D0003162
     110    1708       0       0       0       0       0       000010000D0003163
     110       0       0       1       0                               0D0003164
     110    1709       0       0       0       0       0       000010000D0003165
     110       0       0       1       0                               0D0003166
     144    1710       0       0       0       0       0       000020000D0003167
     144       0       0       1       0                               0D0003168
     108    1711       0       0       0       0       0       000010000D0003169
     108       0       0       1       0                               0D0003170
     142    1712       0       0       0       0       0       000010500D0003171
     142       0       0       1       0                               0D0003172
     102    1713       0       0       0       0       0       000010000D0003173
     102       0       0       1       0                               0D0003174
     110    1714       0       0       0       0       0       000010000D0003175
     110       0       0       1       0                               0D0003176
     110    1715       0       0       0       0       0       000010000D0003177
     110       0       0       1       0                               0D0003178
     110    1716       0       0       0       0       0       000010000D0003179
     110       0       0       1       0                               0D0003180
     110    1717       0       0       0       0       0       000010000D0003181
     110       0       0       1       0                               0D0003182
     144    1718       0       0       0       0       0       000020000D0003183
     144       0       0       1       0                               0D0003184
     108    1719       0       0       0       0       0       000010000D0003185
     108       0       0       1       0                               0D0003186
     142    1720       0       0       0       0       0       000010500D0003187
     142       0       0       1       0                               0D0003188
     102    1721       0       0       0       0       0       000010000D0003189
     102       0       0       1       0                               0D0003190
     110    1722       0       0       0       0       0       000010000D0003191
     110       0       0       1       0                               0D0003192
     110    1723       0       0       0       0       0       000010000D0003193
     110       0       0       1       0                               0D0003194
     110    1724       0       0       0       0       0       000010000D0003195
     110       0       0       1       0                               0D0003196
     110    1725       0       0       0       0       0       000010000D0003197
     110       0       0       1       0                               0D0003198
     144    1726       0       0       0       0       0       000020000D0003199
     144       0       0       1       0                               0D0003200
     120    1727       0       0       0       0    3203       000010000D0003201
     120       0       0       1       0                               0D0003202
     124    1728       0       0       0       0       0       000000000D0003203
     124       0       0       1       0                               0D0003204
     110    1729       0       0       0       0       0       000010000D0003205
     110       0       0       1       0                               0D0003206
     110    1730       0       0       0       0       0       000010000D0003207
     110       0       0       1       0                               0D0003208
     142    1731       0       0       0       0       0       000010500D0003209
     142       0       0       1       0                               0D0003210
     102    1732       0       0       0       0       0       000010000D0003211
     102       0       0       1       0                               0D0003212
     110    1733       0       0       0       0       0       000010000D0003213
     110       0       0       1       0                               0D0003214
     110    1734       0       0       0       0       0       000010000D0003215
     110       0       0       2       0                               0D0003216
     110    1736       0       0       0       0       0       000010000D0003217
     110       0       0       1       0                               0D0003218
     110    1737       0       0       0       0       0       000010000D0003219
     110       0       0       1       0                               0D0003220
     102    1738       0       0       0       0       0       000010000D0003221
     102       0       0       1       0                               0D0003222
     110    1739       0       0       0       0       0       000010000D0003223
     110       0       0       1       0                               0D0003224
     100    1740       0       0       0       0    3227       000010000D0003225
     100       0       0       1       0                               0D0003226
     124    1741       0       0       0       0       0       000000000D0003227
     124       0       0       1       0                               0D0003228
     110    1742       0       0       0       0       0       000010000D0003229
     110       0       0       1       0                               0D0003230
     100    1743       0       0       0       0    3233       000010000D0003231
     100       0       0       1       0                               0D0003232
     124    1744       0       0       0       0       0       000000000D0003233
     124       0       0       1       0                               0D0003234
     144    1745       0       0       0       0       0       000020000D0003235
     144       0       0       1       0                               0D0003236
     108    1746       0       0       0       0       0       000010000D0003237
     108       0       0       1       0                               0D0003238
     142    1747       0       0       0       0       0       000010500D0003239
     142       0       0       1       0                               0D0003240
     102    1748       0       0       0       0       0       000010000D0003241
     102       0       0       1       0                               0D0003242
     110    1749       0       0       0       0       0       000010000D0003243
     110       0       0       1       0                               0D0003244
     110    1750       0       0       0       0       0       000010000D0003245
     110       0       0       1       0                               0D0003246
     110    1751       0       0       0       0       0       000010000D0003247
     110       0       0       1       0                               0D0003248
     110    1752       0       0       0       0       0       000010000D0003249
     110       0       0       1       0                               0D0003250
     110    1753       0       0       0       0       0       000010000D0003251
     110       0       0       1       0                               0D0003252
     110    1754       0       0       0       0       0       000010000D0003253
     110       0       0       1       0                               0D0003254
     110    1755       0       0       0       0       0       000010000D0003255
     110       0       0       1       0                               0D0003256
     110    1756       0       0       0       0       0       000010000D0003257
     110       0       0       1       0                               0D0003258
     144    1757       0       0       0       0       0       000020000D0003259
     144       0       0       1       0                               0D0003260
     120    1758       0       0       0       0    3263       000010000D0003261
     120       0       0       1       0                               0D0003262
     124    1759       0       0       0       0       0       000000000D0003263
     124       0       0       1       0                               0D0003264
     110    1760       0       0       0       0       0       000010000D0003265
     110       0       0       1       0                               0D0003266
     110    1761       0       0       0       0       0       000010000D0003267
     110       0       0       1       0                               0D0003268
     142    1762       0       0       0       0       0       000010500D0003269
     142       0       0       1       0                               0D0003270
     102    1763       0       0       0       0       0       000010000D0003271
     102       0       0       1       0                               0D0003272
     110    1764       0       0       0       0       0       000010000D0003273
     110       0       0       1       0                               0D0003274
     110    1765       0       0       0       0       0       000010000D0003275
     110       0       0       2       0                               0D0003276
     110    1767       0       0       0       0       0       000010000D0003277
     110       0       0       1       0                               0D0003278
     110    1768       0       0       0       0       0       000010000D0003279
     110       0       0       1       0                               0D0003280
     102    1769       0       0       0       0       0       000010000D0003281
     102       0       0       1       0                               0D0003282
     110    1770       0       0       0       0       0       000010000D0003283
     110       0       0       1       0                               0D0003284
     100    1771       0       0       0       0    3287       000010000D0003285
     100       0       0       1       0                               0D0003286
     124    1772       0       0       0       0       0       000000000D0003287
     124       0       0       1       0                               0D0003288
     110    1773       0       0       0       0       0       000010000D0003289
     110       0       0       1       0                               0D0003290
     100    1774       0       0       0       0    3293       000010000D0003291
     100       0       0       1       0                               0D0003292
     124    1775       0       0       0       0       0       000000000D0003293
     124       0       0       1       0                               0D0003294
     144    1776       0       0       0       0       0       000020000D0003295
     144       0       0       1       0                               0D0003296
     108    1777       0       0       0       0       0       000010000D0003297
     108       0       0       1       0                               0D0003298
     142    1778       0       0       0       0       0       000010500D0003299
     142       0       0       1       0                               0D0003300
     102    1779       0       0       0       0       0       000010000D0003301
     102       0       0       1       0                               0D0003302
     110    1780       0       0       0       0       0       000010000D0003303
     110       0       0       1       0                               0D0003304
     110    1781       0       0       0       0       0       000010000D0003305
     110       0       0       1       0                               0D0003306
     110    1782       0       0       0       0       0       000010000D0003307
     110       0       0       1       0                               0D0003308
     110    1783       0       0       0       0       0       000010000D0003309
     110       0       0       1       0                               0D0003310
     144    1784       0       0       0       0       0       000020000D0003311
     144       0       0       1       0                               0D0003312
     108    1785       0       0       0       0       0       000010000D0003313
     108       0       0       1       0                               0D0003314
     142    1786       0       0       0       0       0       000010500D0003315
     142       0       0       1       0                               0D0003316
     102    1787       0       0       0       0       0       000010000D0003317
     102       0       0       1       0                               0D0003318
     110    1788       0       0       0       0       0       000010000D0003319
     110       0       0       1       0                               0D0003320
     110    1789       0       0       0       0       0       000010000D0003321
     110       0       0       1       0                               0D0003322
     110    1790       0       0       0       0       0       000010000D0003323
     110       0       0       1       0                               0D0003324
     110    1791       0       0       0       0       0       000010000D0003325
     110       0       0       1       0                               0D0003326
     144    1792       0       0       0       0       0       000020000D0003327
     144       0       0       1       0                               0D0003328
     108    1793       0       0       0       0       0       000010000D0003329
     108       0       0       1       0                               0D0003330
     142    1794       0       0       0       0       0       000010500D0003331
     142       0       0       1       0                               0D0003332
     102    1795       0       0       0       0       0       000010000D0003333
     102       0       0       1       0                               0D0003334
     110    1796       0       0       0       0       0       000010000D0003335
     110       0       0       1       0                               0D0003336
     110    1797       0       0       0       0       0       000010000D0003337
     110       0       0       1       0                               0D0003338
     110    1798       0       0       0       0       0       000010000D0003339
     110       0       0       1       0                               0D0003340
     110    1799       0       0       0       0       0       000010000D0003341
     110       0       0       1       0                               0D0003342
     144    1800       0       0       0       0       0       000020000D0003343
     144       0       0       1       0                               0D0003344
     108    1801       0       0       0       0       0       000010000D0003345
     108       0       0       1       0                               0D0003346
     142    1802       0       0       0       0       0       000010500D0003347
     142       0       0       1       0                               0D0003348
     102    1803       0       0       0       0       0       000010000D0003349
     102       0       0       1       0                               0D0003350
     110    1804       0       0       0       0       0       000010000D0003351
     110       0       0       1       0                               0D0003352
     110    1805       0       0       0       0       0       000010000D0003353
     110       0       0       1       0                               0D0003354
     110    1806       0       0       0       0       0       000010000D0003355
     110       0       0       1       0                               0D0003356
     110    1807       0       0       0       0       0       000010000D0003357
     110       0       0       1       0                               0D0003358
     144    1808       0       0       0       0       0       000020000D0003359
     144       0       0       1       0                               0D0003360
     108    1809       0       0       0       0       0       000010000D0003361
     108       0       0       1       0                               0D0003362
     142    1810       0       0       0       0       0       000010500D0003363
     142       0       0       1       0                               0D0003364
     102    1811       0       0       0       0       0       000010000D0003365
     102       0       0       1       0                               0D0003366
     110    1812       0       0       0       0       0       000010000D0003367
     110       0       0       1       0                               0D0003368
     110    1813       0       0       0       0       0       000010000D0003369
     110       0       0       1       0                               0D0003370
     110    1814       0       0       0       0       0       000010000D0003371
     110       0       0       1       0                               0D0003372
     110    1815       0       0       0       0       0       000010000D0003373
     110       0       0       1       0                               0D0003374
     142    1816       0       0       0       0       0       000010500D0003375
     142       0       0       1       0                               0D0003376
     102    1817       0       0       0       0       0       000010000D0003377
     102       0       0       1       0                               0D0003378
     100    1818       0       0       0       0    3381       000010000D0003379
     100       0       0       1       0                               0D0003380
     124    1819       0       0       0       0       0       000000000D0003381
     124       0       0       1       0                               0D0003382
     100    1820       0       0       0       0    3385       000010000D0003383
     100       0       0       1       0                               0D0003384
     124    1821       0       0       0       0       0       000000000D0003385
     124       0       0       1       0                               0D0003386
     144    1822       0       0       0       0       0       000020000D0003387
     144       0       0       1       0                               0D0003388
     108    1823       0       0       0       0       0       000010000D0003389
     108       0       0       1       0                               0D0003390
     142    1824       0       0       0       0       0       000010500D0003391
     142       0       0       1       0                               0D0003392
     102    1825       0       0       0       0       0       000010000D0003393
     102       0       0       1       0                               0D0003394
     110    1826       0       0       0       0       0       000010000D0003395
     110       0       0       1       0                               0D0003396
     110    1827       0       0       0       0       0       000010000D0003397
     110       0       0       1       0                               0D0003398
     110    1828       0       0       0       0       0       000010000D0003399
     110       0       0       1       0                               0D0003400
     110    1829       0       0       0       0       0       000010000D0003401
     110       0       0       1       0                               0D0003402
     142    1830       0       0       0       0       0       000010500D0003403
     142       0       0       1       0                               0D0003404
     102    1831       0       0       0       0       0       000010000D0003405
     102       0       0       1       0                               0D0003406
     100    1832       0       0       0       0    3409       000010000D0003407
     100       0       0       1       0                               0D0003408
     124    1833       0       0       0       0       0       000000000D0003409
     124       0       0       1       0                               0D0003410
     100    1834       0       0       0       0    3413       000010000D0003411
     100       0       0       1       0                               0D0003412
     124    1835       0       0       0       0       0       000000000D0003413
     124       0       0       1       0                               0D0003414
     144    1836       0       0       0       0       0       000020000D0003415
     144       0       0       1       0                               0D0003416
     108    1837       0       0       0       0       0       000010000D0003417
     108       0       0       1       0                               0D0003418
     142    1838       0       0       0       0       0       000010500D0003419
     142       0       0       1       0                               0D0003420
     102    1839       0       0       0       0       0       000010000D0003421
     102       0       0       1       0                               0D0003422
     110    1840       0       0       0       0       0       000010000D0003423
     110       0       0       1       0                               0D0003424
     110    1841       0       0       0       0       0       000010000D0003425
     110       0       0       1       0                               0D0003426
     110    1842       0       0       0       0       0       000010000D0003427
     110       0       0       1       0                               0D0003428
     110    1843       0       0       0       0       0       000010000D0003429
     110       0       0       1       0                               0D0003430
     144    1844       0       0       0       0       0       000020000D0003431
     144       0       0       1       0                               0D0003432
     108    1845       0       0       0       0       0       000010000D0003433
     108       0       0       1       0                               0D0003434
     142    1846       0       0       0       0       0       000010500D0003435
     142       0       0       1       0                               0D0003436
     102    1847       0       0       0       0       0       000010000D0003437
     102       0       0       1       0                               0D0003438
     110    1848       0       0       0       0       0       000010000D0003439
     110       0       0       1       0                               0D0003440
     110    1849       0       0       0       0       0       000010000D0003441
     110       0       0       1       0                               0D0003442
     110    1850       0       0       0       0       0       000010000D0003443
     110       0       0       1       0                               0D0003444
     110    1851       0       0       0       0       0       000010000D0003445
     110       0       0       1       0                               0D0003446
     144    1852       0       0       0       0       0       000020000D0003447
     144       0       0       1       0                               0D0003448
     108    1853       0       0       0       0       0       000010000D0003449
     108       0       0       1       0                               0D0003450
     142    1854       0       0       0       0       0       000010500D0003451
     142       0       0       1       0                               0D0003452
     102    1855       0       0       0       0       0       000010000D0003453
     102       0       0       1       0                               0D0003454
     110    1856       0       0       0       0       0       000010000D0003455
     110       0       0       1       0                               0D0003456
     110    1857       0       0       0       0       0       000010000D0003457
     110       0       0       1       0                               0D0003458
     110    1858       0       0       0       0       0       000010000D0003459
     110       0       0       1       0                               0D0003460
     110    1859       0       0       0       0       0       000010000D0003461
     110       0       0       1       0                               0D0003462
     144    1860       0       0       0       0       0       000020000D0003463
     144       0       0       1       0                               0D0003464
     120    1861       0       0       0       0    3467       000010000D0003465
     120       0       0       1       0                               0D0003466
     124    1862       0       0       0       0       0       000000000D0003467
     124       0       0       1       0                               0D0003468
     110    1863       0       0       0       0       0       000010000D0003469
     110       0       0       1       0                               0D0003470
     110    1864       0       0       0       0       0       000010000D0003471
     110       0       0       1       0                               0D0003472
     142    1865       0       0       0       0       0       000010500D0003473
     142       0       0       1       0                               0D0003474
     102    1866       0       0       0       0       0       000010000D0003475
     102       0       0       1       0                               0D0003476
     110    1867       0       0       0       0       0       000010000D0003477
     110       0       0       2       0                               0D0003478
     110    1869       0       0       0       0       0       000010000D0003479
     110       0       0       1       0                               0D0003480
     110    1870       0       0       0       0       0       000010000D0003481
     110       0       0       1       0                               0D0003482
     110    1871       0       0       0       0       0       000010000D0003483
     110       0       0       1       0                               0D0003484
     102    1872       0       0       0       0       0       000010000D0003485
     102       0       0       1       0                               0D0003486
     100    1873       0       0       0       0    3489       000010000D0003487
     100       0       0       1       0                               0D0003488
     124    1874       0       0       0       0       0       000000000D0003489
     124       0       0       1       0                               0D0003490
     110    1875       0       0       0       0       0       000010000D0003491
     110       0       0       1       0                               0D0003492
     100    1876       0       0       0       0    3495       000010000D0003493
     100       0       0       1       0                               0D0003494
     124    1877       0       0       0       0       0       000000000D0003495
     124       0       0       1       0                               0D0003496
     110    1878       0       0       0       0       0       000010000D0003497
     110       0       0       1       0                               0D0003498
     144    1879       0       0       0       0       0       000020000D0003499
     144       0       0       1       0                               0D0003500
     120    1880       0       0       0       0    3503       000010000D0003501
     120       0       0       1       0                               0D0003502
     124    1881       0       0       0       0       0       000000000D0003503
     124       0       0       1       0                               0D0003504
     110    1882       0       0       0       0       0       000010000D0003505
     110       0       0       1       0                               0D0003506
     110    1883       0       0       0       0       0       000010000D0003507
     110       0       0       1       0                               0D0003508
     142    1884       0       0       0       0       0       000010500D0003509
     142       0       0       1       0                               0D0003510
     102    1885       0       0       0       0       0       000010000D0003511
     102       0       0       1       0                               0D0003512
     110    1886       0       0       0       0       0       000010000D0003513
     110       0       0       1       0                               0D0003514
     110    1887       0       0       0       0       0       000010000D0003515
     110       0       0       1       0                               0D0003516
     110    1888       0       0       0       0       0       000010000D0003517
     110       0       0       2       0                               0D0003518
     110    1890       0       0       0       0       0       000010000D0003519
     110       0       0       1       0                               0D0003520
     102    1891       0       0       0       0       0       000010000D0003521
     102       0       0       1       0                               0D0003522
     100    1892       0       0       0       0    3525       000010000D0003523
     100       0       0       1       0                               0D0003524
     124    1893       0       0       0       0       0       000000000D0003525
     124       0       0       1       0                               0D0003526
     110    1894       0       0       0       0       0       000010000D0003527
     110       0       0       1       0                               0D0003528
     100    1895       0       0       0       0    3531       000010000D0003529
     100       0       0       1       0                               0D0003530
     124    1896       0       0       0       0       0       000000000D0003531
     124       0       0       1       0                               0D0003532
     110    1897       0       0       0       0       0       000010000D0003533
     110       0       0       1       0                               0D0003534
     144    1898       0       0       0       0       0       000020000D0003535
     144       0       0       1       0                               0D0003536
     120    1899       0       0       0       0    3539       000010000D0003537
     120       0       0       1       0                               0D0003538
     124    1900       0       0       0       0       0       000000000D0003539
     124       0       0       1       0                               0D0003540
     110    1901       0       0       0       0       0       000010000D0003541
     110       0       0       1       0                               0D0003542
     110    1902       0       0       0       0       0       000010000D0003543
     110       0       0       1       0                               0D0003544
     142    1903       0       0       0       0       0       000010500D0003545
     142       0       0       1       0                               0D0003546
     102    1904       0       0       0       0       0       000010000D0003547
     102       0       0       1       0                               0D0003548
     110    1905       0       0       0       0       0       000010000D0003549
     110       0       0       1       0                               0D0003550
     110    1906       0       0       0       0       0       000010000D0003551
     110       0       0       1       0                               0D0003552
     110    1907       0       0       0       0       0       000010000D0003553
     110       0       0       2       0                               0D0003554
     110    1909       0       0       0       0       0       000010000D0003555
     110       0       0       1       0                               0D0003556
     102    1910       0       0       0       0       0       000010000D0003557
     102       0       0       1       0                               0D0003558
     100    1911       0       0       0       0    3561       000010000D0003559
     100       0       0       1       0                               0D0003560
     124    1912       0       0       0       0       0       000000000D0003561
     124       0       0       1       0                               0D0003562
     110    1913       0       0       0       0       0       000010000D0003563
     110       0       0       1       0                               0D0003564
     100    1914       0       0       0       0    3567       000010000D0003565
     100       0       0       1       0                               0D0003566
     124    1915       0       0       0       0       0       000000000D0003567
     124       0       0       1       0                               0D0003568
     110    1916       0       0       0       0       0       000010000D0003569
     110       0       0       1       0                               0D0003570
     144    1917       0       0       0       0       0       000020000D0003571
     144       0       0       1       0                               0D0003572
     120    1918       0       0       0       0    3575       000010000D0003573
     120       0       0       1       0                               0D0003574
     124    1919       0       0       0       0       0       000000000D0003575
     124       0       0       1       0                               0D0003576
     110    1920       0       0       0       0       0       000010000D0003577
     110       0       0       1       0                               0D0003578
     110    1921       0       0       0       0       0       000010000D0003579
     110       0       0       1       0                               0D0003580
     142    1922       0       0       0       0       0       000010500D0003581
     142       0       0       1       0                               0D0003582
     102    1923       0       0       0       0       0       000010000D0003583
     102       0       0       1       0                               0D0003584
     110    1924       0       0       0       0       0       000010000D0003585
     110       0       0       2       0                               0D0003586
     110    1926       0       0       0       0       0       000010000D0003587
     110       0       0       1       0                               0D0003588
     110    1927       0       0       0       0       0       000010000D0003589
     110       0       0       1       0                               0D0003590
     110    1928       0       0       0       0       0       000010000D0003591
     110       0       0       1       0                               0D0003592
     102    1929       0       0       0       0       0       000010000D0003593
     102       0       0       1       0                               0D0003594
     100    1930       0       0       0       0    3597       000010000D0003595
     100       0       0       1       0                               0D0003596
     124    1931       0       0       0       0       0       000000000D0003597
     124       0       0       1       0                               0D0003598
     110    1932       0       0       0       0       0       000010000D0003599
     110       0       0       1       0                               0D0003600
     100    1933       0       0       0       0    3603       000010000D0003601
     100       0       0       1       0                               0D0003602
     124    1934       0       0       0       0       0       000000000D0003603
     124       0       0       1       0                               0D0003604
     110    1935       0       0       0       0       0       000010000D0003605
     110       0       0       1       0                               0D0003606
     144    1936       0       0       0       0       0       000020000D0003607
     144       0       0       1       0                               0D0003608
     108    1937       0       0       0       0       0       000010000D0003609
     108       0       0       1       0                               0D0003610
     142    1938       0       0       0       0       0       000010500D0003611
     142       0       0       1       0                               0D0003612
     102    1939       0       0       0       0       0       000010000D0003613
     102       0       0       1       0                               0D0003614
     100    1940       0       0       0       0    3617       000010000D0003615
     100       0       0       1       0                               0D0003616
     124    1941       0       0       0       0       0       000000000D0003617
     124       0       0       1       0                               0D0003618
     100    1942       0       0       0       0    3621       000010000D0003619
     100       0       0       1       0                               0D0003620
     124    1943       0       0       0       0       0       000000000D0003621
     124       0       0       1       0                               0D0003622
     144    1944       0       0       0       0       0       000020000D0003623
     144       0       0       1       0                               0D0003624
     120    1945       0       0       0       0    3627       000010000D0003625
     120       0       0       1       0                               0D0003626
     124    1946       0       0       0       0       0       000000000D0003627
     124       0       0       1       0                               0D0003628
     110    1947       0       0       0       0       0       000010000D0003629
     110       0       0       1       0                               0D0003630
     110    1948       0       0       0       0       0       000010000D0003631
     110       0       0       1       0                               0D0003632
     142    1949       0       0       0       0       0       000010500D0003633
     142       0       0       1       0                               0D0003634
     102    1950       0       0       0       0       0       000010000D0003635
     102       0       0       1       0                               0D0003636
     110    1951       0       0       0       0       0       000010000D0003637
     110       0       0       2       0                               0D0003638
     110    1953       0       0       0       0       0       000010000D0003639
     110       0       0       1       0                               0D0003640
     110    1954       0       0       0       0       0       000010000D0003641
     110       0       0       1       0                               0D0003642
     110    1955       0       0       0       0       0       000010000D0003643
     110       0       0       1       0                               0D0003644
     102    1956       0       0       0       0       0       000010000D0003645
     102       0       0       1       0                               0D0003646
     100    1957       0       0       0       0    3649       000010000D0003647
     100       0       0       1       0                               0D0003648
     124    1958       0       0       0       0       0       000000000D0003649
     124       0       0       1       0                               0D0003650
     110    1959       0       0       0       0       0       000010000D0003651
     110       0       0       1       0                               0D0003652
     100    1960       0       0       0       0    3655       000010000D0003653
     100       0       0       1       0                               0D0003654
     124    1961       0       0       0       0       0       000000000D0003655
     124       0       0       1       0                               0D0003656
     110    1962       0       0       0       0       0       000010000D0003657
     110       0       0       1       0                               0D0003658
     144    1963       0       0       0       0       0       000020000D0003659
     144       0       0       1       0                               0D0003660
     120    1964       0       0       0       0    3663       000010000D0003661
     120       0       0       1       0                               0D0003662
     124    1965       0       0       0       0       0       000000000D0003663
     124       0       0       1       0                               0D0003664
     110    1966       0       0       0       0       0       000010000D0003665
     110       0       0       1       0                               0D0003666
     110    1967       0       0       0       0       0       000010000D0003667
     110       0       0       1       0                               0D0003668
     142    1968       0       0       0       0       0       000010500D0003669
     142       0       0       1       0                               0D0003670
     102    1969       0       0       0       0       0       000010000D0003671
     102       0       0       1       0                               0D0003672
     110    1970       0       0       0       0       0       000010000D0003673
     110       0       0       1       0                               0D0003674
     110    1971       0       0       0       0       0       000010000D0003675
     110       0       0       1       0                               0D0003676
     110    1972       0       0       0       0       0       000010000D0003677
     110       0       0       1       0                               0D0003678
     110    1973       0       0       0       0       0       000010000D0003679
     110       0       0       1       0                               0D0003680
     102    1974       0       0       0       0       0       000010000D0003681
     102       0       0       1       0                               0D0003682
     100    1975       0       0       0       0    3685       000010000D0003683
     100       0       0       1       0                               0D0003684
     124    1976       0       0       0       0       0       000000000D0003685
     124       0       0       1       0                               0D0003686
     110    1977       0       0       0       0       0       000010000D0003687
     110       0       0       1       0                               0D0003688
     100    1978       0       0       0       0    3691       000010000D0003689
     100       0       0       1       0                               0D0003690
     124    1979       0       0       0       0       0       000000000D0003691
     124       0       0       1       0                               0D0003692
     110    1980       0       0       0       0       0       000010000D0003693
     110       0       0       1       0                               0D0003694
     144    1981       0       0       0       0       0       000020000D0003695
     144       0       0       1       0                               0D0003696
     120    1982       0       0       0       0    3699       000010000D0003697
     120       0       0       1       0                               0D0003698
     124    1983       0       0       0       0       0       000000000D0003699
     124       0       0       1       0                               0D0003700
     110    1984       0       0       0       0       0       000010000D0003701
     110       0       0       1       0                               0D0003702
     110    1985       0       0       0       0       0       000010000D0003703
     110       0       0       1       0                               0D0003704
     142    1986       0       0       0       0       0       000010500D0003705
     142       0       0       1       0                               0D0003706
     102    1987       0       0       0       0       0       000010000D0003707
     102       0       0       1       0                               0D0003708
     110    1988       0       0       0       0       0       000010000D0003709
     110       0       0       2       0                               0D0003710
     110    1990       0       0       0       0       0       000010000D0003711
     110       0       0       1       0                               0D0003712
     110    1991       0       0       0       0       0       000010000D0003713
     110       0       0       1       0                               0D0003714
     110    1992       0       0       0       0       0       000010000D0003715
     110       0       0       1       0                               0D0003716
     102    1993       0       0       0       0       0       000010000D0003717
     102       0       0       1       0                               0D0003718
     100    1994       0       0       0       0    3721       000010000D0003719
     100       0       0       1       0                               0D0003720
     124    1995       0       0       0       0       0       000000000D0003721
     124       0       0       1       0                               0D0003722
     110    1996       0       0       0       0       0       000010000D0003723
     110       0       0       1       0                               0D0003724
     100    1997       0       0       0       0    3727       000010000D0003725
     100       0       0       1       0                               0D0003726
     124    1998       0       0       0       0       0       000000000D0003727
     124       0       0       1       0                               0D0003728
     110    1999       0       0       0       0       0       000010000D0003729
     110       0       0       1       0                               0D0003730
     144    2000       0       0       0       0       0       000020000D0003731
     144       0       0       1       0                               0D0003732
     120    2001       0       0       0       0    3735       000010000D0003733
     120       0       0       1       0                               0D0003734
     124    2002       0       0       0       0       0       000000000D0003735
     124       0       0       1       0                               0D0003736
     110    2003       0       0       0       0       0       000010000D0003737
     110       0       0       1       0                               0D0003738
     110    2004       0       0       0       0       0       000010000D0003739
     110       0       0       1       0                               0D0003740
     142    2005       0       0       0       0       0       000010500D0003741
     142       0       0       1       0                               0D0003742
     102    2006       0       0       0       0       0       000010000D0003743
     102       0       0       1       0                               0D0003744
     110    2007       0       0       0       0       0       000010000D0003745
     110       0       0       1       0                               0D0003746
     110    2008       0       0       0       0       0       000010000D0003747
     110       0       0       1       0                               0D0003748
     110    2009       0       0       0       0       0       000010000D0003749
     110       0       0       2       0                               0D0003750
     110    2011       0       0       0       0       0       000010000D0003751
     110       0       0       1       0                               0D0003752
     102    2012       0       0       0       0       0       000010000D0003753
     102       0       0       1       0                               0D0003754
     100    2013       0       0       0       0    3757       000010000D0003755
     100       0       0       1       0                               0D0003756
     124    2014       0       0       0       0       0       000000000D0003757
     124       0       0       1       0                               0D0003758
     110    2015       0       0       0       0       0       000010000D0003759
     110       0       0       1       0                               0D0003760
     100    2016       0       0       0       0    3763       000010000D0003761
     100       0       0       1       0                               0D0003762
     124    2017       0       0       0       0       0       000000000D0003763
     124       0       0       1       0                               0D0003764
     110    2018       0       0       0       0       0       000010000D0003765
     110       0       0       1       0                               0D0003766
     144    2019       0       0       0       0       0       000020000D0003767
     144       0       0       1       0                               0D0003768
     108    2020       0       0       0       0       0       000010000D0003769
     108       0       0       1       0                               0D0003770
     142    2021       0       0       0       0       0       000010500D0003771
     142       0       0       1       0                               0D0003772
     102    2022       0       0       0       0       0       000010000D0003773
     102       0       0       1       0                               0D0003774
     100    2023       0       0       0       0    3777       000010000D0003775
     100       0       0       1       0                               0D0003776
     124    2024       0       0       0       0       0       000000000D0003777
     124       0       0       1       0                               0D0003778
     100    2025       0       0       0       0    3781       000010000D0003779
     100       0       0       1       0                               0D0003780
     124    2026       0       0       0       0       0       000000000D0003781
     124       0       0       1       0                               0D0003782
     144    2027       0       0       0       0       0       000020000D0003783
     144       0       0       1       0                               0D0003784
     120    2028       0       0       0       0    3787       000010000D0003785
     120       0       0       1       0                               0D0003786
     124    2029       0       0       0       0       0       000000000D0003787
     124       0       0       1       0                               0D0003788
     110    2030       0       0       0       0       0       000010000D0003789
     110       0       0       1       0                               0D0003790
     110    2031       0       0       0       0       0       000010000D0003791
     110       0       0       1       0                               0D0003792
     142    2032       0       0       0       0       0       000010500D0003793
     142       0       0       1       0                               0D0003794
     102    2033       0       0       0       0       0       000010000D0003795
     102       0       0       1       0                               0D0003796
     110    2034       0       0       0       0       0       000010000D0003797
     110       0       0       1       0                               0D0003798
     110    2035       0       0       0       0       0       000010000D0003799
     110       0       0       2       0                               0D0003800
     110    2037       0       0       0       0       0       000010000D0003801
     110       0       0       1       0                               0D0003802
     110    2038       0       0       0       0       0       000010000D0003803
     110       0       0       1       0                               0D0003804
     102    2039       0       0       0       0       0       000010000D0003805
     102       0       0       1       0                               0D0003806
     110    2040       0       0       0       0       0       000010000D0003807
     110       0       0       2       0                               0D0003808
     100    2042       0       0       0       0    3811       000010000D0003809
     100       0       0       1       0                               0D0003810
     124    2043       0       0       0       0       0       000000000D0003811
     124       0       0       2       0                               0D0003812
     110    2045       0       0       0       0       0       000010000D0003813
     110       0       0       2       0                               0D0003814
     100    2047       0       0       0       0    3817       000010000D0003815
     100       0       0       1       0                               0D0003816
     124    2048       0       0       0       0       0       000000000D0003817
     124       0       0       2       0                               0D0003818
     144    2050       0       0       0       0       0       000020000D0003819
     144       0       0       1       0                               0D0003820
     108    2051       0       0       0       0       0       000010000D0003821
     108       0       0       2       0                               0D0003822
     142    2053       0       0       0       0       0       000010500D0003823
     142       0       0       1       0                               0D0003824
     102    2054       0       0       0       0       0       000010000D0003825
     102       0       0       1       0                               0D0003826
     110    2055       0       0       0       0       0       000010000D0003827
     110       0       0       2       0                               0D0003828
     110    2057       0       0       0       0       0       000010000D0003829
     110       0       0       1       0                               0D0003830
     110    2058       0       0       0       0       0       000010000D0003831
     110       0       0       1       0                               0D0003832
     110    2059       0       0       0       0       0       000010000D0003833
     110       0       0       1       0                               0D0003834
     144    2060       0       0       0       0       0       000020000D0003835
     144       0       0       1       0                               0D0003836
     120    2061       0       0       0       0    3839       000010000D0003837
     120       0       0       1       0                               0D0003838
     124    2062       0       0       0       0       0       000000000D0003839
     124       0       0       1       0                               0D0003840
     110    2063       0       0       0       0       0       000010000D0003841
     110       0       0       1       0                               0D0003842
     110    2064       0       0       0       0       0       000010000D0003843
     110       0       0       1       0                               0D0003844
     142    2065       0       0       0       0       0       000010500D0003845
     142       0       0       1       0                               0D0003846
     102    2066       0       0       0       0       0       000010000D0003847
     102       0       0       1       0                               0D0003848
     110    2067       0       0       0       0       0       000010000D0003849
     110       0       0       1       0                               0D0003850
     110    2068       0       0       0       0       0       000010000D0003851
     110       0       0       2       0                               0D0003852
     110    2070       0       0       0       0       0       000010000D0003853
     110       0       0       1       0                               0D0003854
     110    2071       0       0       0       0       0       000010000D0003855
     110       0       0       1       0                               0D0003856
     102    2072       0       0       0       0       0       000010000D0003857
     102       0       0       1       0                               0D0003858
     110    2073       0       0       0       0       0       000010000D0003859
     110       0       0       2       0                               0D0003860
     100    2075       0       0       0       0    3863       000010000D0003861
     100       0       0       1       0                               0D0003862
     124    2076       0       0       0       0       0       000000000D0003863
     124       0       0       2       0                               0D0003864
     110    2078       0       0       0       0       0       000010000D0003865
     110       0       0       2       0                               0D0003866
     100    2080       0       0       0       0    3869       000010000D0003867
     100       0       0       1       0                               0D0003868
     124    2081       0       0       0       0       0       000000000D0003869
     124       0       0       2       0                               0D0003870
     144    2083       0       0       0       0       0       000020000D0003871
     144       0       0       1       0                               0D0003872
     120    2084       0       0       0       0    3875       000010000D0003873
     120       0       0       1       0                               0D0003874
     124    2085       0       0       0       0       0       000000000D0003875
     124       0       0       1       0                               0D0003876
     110    2086       0       0       0       0       0       000010000D0003877
     110       0       0       1       0                               0D0003878
     110    2087       0       0       0       0       0       000010000D0003879
     110       0       0       1       0                               0D0003880
     142    2088       0       0       0       0       0       000010500D0003881
     142       0       0       1       0                               0D0003882
     102    2089       0       0       0       0       0       000010000D0003883
     102       0       0       1       0                               0D0003884
     110    2090       0       0       0       0       0       000010000D0003885
     110       0       0       1       0                               0D0003886
     110    2091       0       0       0       0       0       000010000D0003887
     110       0       0       1       0                               0D0003888
     110    2092       0       0       0       0       0       000010000D0003889
     110       0       0       1       0                               0D0003890
     110    2093       0       0       0       0       0       000010000D0003891
     110       0       0       2       0                               0D0003892
     102    2095       0       0       0       0       0       000010000D0003893
     102       0       0       1       0                               0D0003894
     110    2096       0       0       0       0       0       000010000D0003895
     110       0       0       2       0                               0D0003896
     100    2098       0       0       0       0    3899       000010000D0003897
     100       0       0       1       0                               0D0003898
     124    2099       0       0       0       0       0       000000000D0003899
     124       0       0       2       0                               0D0003900
     110    2101       0       0       0       0       0       000010000D0003901
     110       0       0       2       0                               0D0003902
     100    2103       0       0       0       0    3905       000010000D0003903
     100       0       0       1       0                               0D0003904
     124    2104       0       0       0       0       0       000000000D0003905
     124       0       0       2       0                               0D0003906
     144    2106       0       0       0       0       0       000020000D0003907
     144       0       0       1       0                               0D0003908
     108    2107       0       0       0       0       0       000010000D0003909
     108       0       0       1       0                               0D0003910
     142    2108       0       0       0       0       0       000010500D0003911
     142       0       0       1       0                               0D0003912
     102    2109       0       0       0       0       0       000010000D0003913
     102       0       0       1       0                               0D0003914
     110    2110       0       0       0       0       0       000010000D0003915
     110       0       0       1       0                               0D0003916
     110    2111       0       0       0       0       0       000010000D0003917
     110       0       0       1       0                               0D0003918
     110    2112       0       0       0       0       0       000010000D0003919
     110       0       0       1       0                               0D0003920
     110    2113       0       0       0       0       0       000010000D0003921
     110       0       0       1       0                               0D0003922
     144    2114       0       0       0       0       0       000020000D0003923
     144       0       0       1       0                               0D0003924
     120    2115       0       0       0       0    3927       000010000D0003925
     120       0       0       1       0                               0D0003926
     124    2116       0       0       0       0       0       000000000D0003927
     124       0       0       1       0                               0D0003928
     110    2117       0       0       0       0       0       000010000D0003929
     110       0       0       1       0                               0D0003930
     110    2118       0       0       0       0       0       000010000D0003931
     110       0       0       1       0                               0D0003932
     142    2119       0       0       0       0       0       000010500D0003933
     142       0       0       1       0                               0D0003934
     102    2120       0       0       0       0       0       000010000D0003935
     102       0       0       1       0                               0D0003936
     110    2121       0       0       0       0       0       000010000D0003937
     110       0       0       1       0                               0D0003938
     110    2122       0       0       0       0       0       000010000D0003939
     110       0       0       1       0                               0D0003940
     110    2123       0       0       0       0       0       000010000D0003941
     110       0       0       2       0                               0D0003942
     110    2125       0       0       0       0       0       000010000D0003943
     110       0       0       1       0                               0D0003944
     102    2126       0       0       0       0       0       000010000D0003945
     102       0       0       1       0                               0D0003946
     100    2127       0       0       0       0    3949       000010000D0003947
     100       0       0       1       0                               0D0003948
     124    2128       0       0       0       0       0       000000000D0003949
     124       0       0       1       0                               0D0003950
     110    2129       0       0       0       0       0       000010000D0003951
     110       0       0       1       0                               0D0003952
     100    2130       0       0       0       0    3955       000010000D0003953
     100       0       0       1       0                               0D0003954
     124    2131       0       0       0       0       0       000000000D0003955
     124       0       0       1       0                               0D0003956
     110    2132       0       0       0       0       0       000010000D0003957
     110       0       0       1       0                               0D0003958
     144    2133       0       0       0       0       0       000020000D0003959
     144       0       0       1       0                               0D0003960
     108    2134       0       0       0       0       0       000010000D0003961
     108       0       0       1       0                               0D0003962
     142    2135       0       0       0       0       0       000010500D0003963
     142       0       0       1       0                               0D0003964
     102    2136       0       0       0       0       0       000010000D0003965
     102       0       0       1       0                               0D0003966
     110    2137       0       0       0       0       0       000010000D0003967
     110       0       0       1       0                               0D0003968
     110    2138       0       0       0       0       0       000010000D0003969
     110       0       0       1       0                               0D0003970
     110    2139       0       0       0       0       0       000010000D0003971
     110       0       0       1       0                               0D0003972
     110    2140       0       0       0       0       0       000010000D0003973
     110       0       0       1       0                               0D0003974
     144    2141       0       0       0       0       0       000020000D0003975
     144       0       0       1       0                               0D0003976
     120    2142       0       0       0       0    3979       000010000D0003977
     120       0       0       1       0                               0D0003978
     124    2143       0       0       0       0       0       000000000D0003979
     124       0       0       1       0                               0D0003980
     110    2144       0       0       0       0       0       000010000D0003981
     110       0       0       1       0                               0D0003982
     110    2145       0       0       0       0       0       000010000D0003983
     110       0       0       1       0                               0D0003984
     142    2146       0       0       0       0       0       000010500D0003985
     142       0       0       1       0                               0D0003986
     102    2147       0       0       0       0       0       000010000D0003987
     102       0       0       1       0                               0D0003988
     110    2148       0       0       0       0       0       000010000D0003989
     110       0       0       1       0                               0D0003990
     110    2149       0       0       0       0       0       000010000D0003991
     110       0       0       2       0                               0D0003992
     110    2151       0       0       0       0       0       000010000D0003993
     110       0       0       1       0                               0D0003994
     110    2152       0       0       0       0       0       000010000D0003995
     110       0       0       1       0                               0D0003996
     102    2153       0       0       0       0       0       000010000D0003997
     102       0       0       1       0                               0D0003998
     110    2154       0       0       0       0       0       000010000D0003999
     110       0       0       1       0                               0D0004000
     100    2155       0       0       0       0    4003       000010000D0004001
     100       0       0       1       0                               0D0004002
     124    2156       0       0       0       0       0       000000000D0004003
     124       0       0       1       0                               0D0004004
     110    2157       0       0       0       0       0       000010000D0004005
     110       0       0       2       0                               0D0004006
     100    2159       0       0       0       0    4009       000010000D0004007
     100       0       0       1       0                               0D0004008
     124    2160       0       0       0       0       0       000000000D0004009
     124       0       0       1       0                               0D0004010
     144    2161       0       0       0       0       0       000020000D0004011
     144       0       0       1       0                               0D0004012
     120    2162       0       0       0       0    4015       000010000D0004013
     120       0       0       1       0                               0D0004014
     124    2163       0       0       0       0       0       000000000D0004015
     124       0       0       1       0                               0D0004016
     110    2164       0       0       0       0       0       000010000D0004017
     110       0       0       1       0                               0D0004018
     100    2165       0       0       0       0    4021       000010000D0004019
     100       0       0       1       0                               0D0004020
     124    2166       0       0       0       0       0       000000000D0004021
     124       0       0       1       0                               0D0004022
     142    2167       0       0       0       0       0       000010500D0004023
     142       0       0       1       0                               0D0004024
     102    2168       0       0       0       0       0       000010000D0004025
     102       0       0       1       0                               0D0004026
     110    2169       0       0       0       0       0       000010000D0004027
     110       0       0       1       0                               0D0004028
     110    2170       0       0       0       0       0       000010000D0004029
     110       0       0       1       0                               0D0004030
     110    2171       0       0       0       0       0       000010000D0004031
     110       0       0       1       0                               0D0004032
     110    2172       0       0       0       0       0       000010000D0004033
     110       0       0       2       0                               0D0004034
     102    2174       0       0       0       0       0       000010000D0004035
     102       0       0       1       0                               0D0004036
     100    2175       0       0       0       0    4039       000010000D0004037
     100       0       0       1       0                               0D0004038
     124    2176       0       0       0       0       0       000000000D0004039
     124       0       0       2       0                               0D0004040
     100    2178       0       0       0       0    4043       000010000D0004041
     100       0       0       1       0                               0D0004042
     124    2179       0       0       0       0       0       000000000D0004043
     124       0       0       1       0                               0D0004044
     100    2180       0       0       0       0    4047       000010000D0004045
     100       0       0       1       0                               0D0004046
     124    2181       0       0       0       0       0       000000000D0004047
     124       0       0       1       0                               0D0004048
     100    2182       0       0       0       0    4051       000010000D0004049
     100       0       0       1       0                               0D0004050
     124    2183       0       0       0       0       0       000000000D0004051
     124       0       0       1       0                               0D0004052
     144    2184       0       0       0       0       0       000020000D0004053
     144       0       0       1       0                               0D0004054
     120    2185       0       0       0       0    4057       000010000D0004055
     120       0       0       1       0                               0D0004056
     124    2186       0       0       0       0       0       000000000D0004057
     124       0       0       2       0                               0D0004058
     110    2188       0       0       0       0       0       000010000D0004059
     110       0       0       1       0                               0D0004060
     110    2189       0       0       0       0       0       000010000D0004061
     110       0       0       1       0                               0D0004062
     142    2190       0       0       0       0       0       000010500D0004063
     142       0       0       1       0                               0D0004064
     102    2191       0       0       0       0       0       000010000D0004065
     102       0       0       1       0                               0D0004066
     110    2192       0       0       0       0       0       000010000D0004067
     110       0       0       1       0                               0D0004068
     110    2193       0       0       0       0       0       000010000D0004069
     110       0       0       1       0                               0D0004070
     110    2194       0       0       0       0       0       000010000D0004071
     110       0       0       2       0                               0D0004072
     110    2196       0       0       0       0       0       000010000D0004073
     110       0       0       1       0                               0D0004074
     102    2197       0       0       0       0       0       000010000D0004075
     102       0       0       1       0                               0D0004076
     100    2198       0       0       0       0    4079       000010000D0004077
     100       0       0       1       0                               0D0004078
     124    2199       0       0       0       0       0       000000000D0004079
     124       0       0       2       0                               0D0004080
     110    2201       0       0       0       0       0       000010000D0004081
     110       0       0       1       0                               0D0004082
     100    2202       0       0       0       0    4085       000010000D0004083
     100       0       0       1       0                               0D0004084
     124    2203       0       0       0       0       0       000000000D0004085
     124       0       0       2       0                               0D0004086
     110    2205       0       0       0       0       0       000010000D0004087
     110       0       0       2       0                               0D0004088
     144    2207       0       0       0       0       0       000020000D0004089
     144       0       0       1       0                               0D0004090
     108    2208       0       0       0       0       0       000010000D0004091
     108       0       0       2       0                               0D0004092
     142    2210       0       0       0       0       0       000010500D0004093
     142       0       0       1       0                               0D0004094
     102    2211       0       0       0       0       0       000010000D0004095
     102       0       0       1       0                               0D0004096
     110    2212       0       0       0       0       0       000010000D0004097
     110       0       0       2       0                               0D0004098
     110    2214       0       0       0       0       0       000010000D0004099
     110       0       0       1       0                               0D0004100
     110    2215       0       0       0       0       0       000010000D0004101
     110       0       0       2       0                               0D0004102
     110    2217       0       0       0       0       0       000010000D0004103
     110       0       0       2       0                               0D0004104
     144    2219       0       0       0       0       0       000020000D0004105
     144       0       0       1       0                               0D0004106
     120    2220       0       0       0       0    4109       000010000D0004107
     120       0       0       1       0                               0D0004108
     124    2221       0       0       0       0       0       000000000D0004109
     124       0       0       1       0                               0D0004110
     110    2222       0       0       0       0       0       000010000D0004111
     110       0       0       1       0                               0D0004112
     110    2223       0       0       0       0       0       000010000D0004113
     110       0       0       1       0                               0D0004114
     142    2224       0       0       0       0       0       000010500D0004115
     142       0       0       1       0                               0D0004116
     102    2225       0       0       0       0       0       000010000D0004117
     102       0       0       1       0                               0D0004118
     110    2226       0       0       0       0       0       000010000D0004119
     110       0       0       1       0                               0D0004120
     110    2227       0       0       0       0       0       000010000D0004121
     110       0       0       2       0                               0D0004122
     110    2229       0       0       0       0       0       000010000D0004123
     110       0       0       1       0                               0D0004124
     110    2230       0       0       0       0       0       000010000D0004125
     110       0       0       1       0                               0D0004126
     102    2231       0       0       0       0       0       000010000D0004127
     102       0       0       1       0                               0D0004128
     110    2232       0       0       0       0       0       000010000D0004129
     110       0       0       2       0                               0D0004130
     100    2234       0       0       0       0    4133       000010000D0004131
     100       0       0       1       0                               0D0004132
     124    2235       0       0       0       0       0       000000000D0004133
     124       0       0       2       0                               0D0004134
     110    2237       0       0       0       0       0       000010000D0004135
     110       0       0       1       0                               0D0004136
     100    2238       0       0       0       0    4139       000010000D0004137
     100       0       0       1       0                               0D0004138
     124    2239       0       0       0       0       0       000000000D0004139
     124       0       0       2       0                               0D0004140
     144    2241       0       0       0       0       0       000020000D0004141
     144       0       0       1       0                               0D0004142
     120    2242       0       0       0       0    4145       000010000D0004143
     120       0       0       1       0                               0D0004144
     124    2243       0       0       0       0       0       000000000D0004145
     124       0       0       2       0                               0D0004146
     110    2245       0       0       0       0       0       000010000D0004147
     110       0       0       1       0                               0D0004148
     100    2246       0       0       0       0    4151       000010000D0004149
     100       0       0       1       0                               0D0004150
     124    2247       0       0       0       0       0       000000000D0004151
     124       0       0       1       0                               0D0004152
     142    2248       0       0       0       0       0       000010500D0004153
     142       0       0       1       0                               0D0004154
     102    2249       0       0       0       0       0       000010000D0004155
     102       0       0       1       0                               0D0004156
     110    2250       0       0       0       0       0       000010000D0004157
     110       0       0       1       0                               0D0004158
     110    2251       0       0       0       0       0       000010000D0004159
     110       0       0       1       0                               0D0004160
     110    2252       0       0       0       0       0       000010000D0004161
     110       0       0       1       0                               0D0004162
     110    2253       0       0       0       0       0       000010000D0004163
     110       0       0       2       0                               0D0004164
     102    2255       0       0       0       0       0       000010000D0004165
     102       0       0       1       0                               0D0004166
     100    2256       0       0       0       0    4169       000010000D0004167
     100       0       0       1       0                               0D0004168
     124    2257       0       0       0       0       0       000000000D0004169
     124       0       0       1       0                               0D0004170
     100    2258       0       0       0       0    4173       000010000D0004171
     100       0       0       1       0                               0D0004172
     124    2259       0       0       0       0       0       000000000D0004173
     124       0       0       2       0                               0D0004174
     100    2261       0       0       0       0    4177       000010000D0004175
     100       0       0       1       0                               0D0004176
     124    2262       0       0       0       0       0       000000000D0004177
     124       0       0       2       0                               0D0004178
     100    2264       0       0       0       0    4181       000010000D0004179
     100       0       0       1       0                               0D0004180
     124    2265       0       0       0       0       0       000000000D0004181
     124       0       0       2       0                               0D0004182
     144    2267       0       0       0       0       0       000020000D0004183
     144       0       0       1       0                               0D0004184
     120    2268       0       0       0       0    4187       000010000D0004185
     120       0       0       1       0                               0D0004186
     124    2269       0       0       0       0       0       000000000D0004187
     124       0       0       1       1                               0D0004188
     110    2270       0       0       0       0       0       000010000D0004189
     110       0       0       1       0                               0D0004190
     110    2271       0       0       0       0       0       000010000D0004191
     110       0       0       1       0                               0D0004192
     142    2272       0       0       0       0       0       000010500D0004193
     142       0       0       1       0                               0D0004194
     102    2273       0       0       0       0       0       000010000D0004195
     102       0       0       1       0                               0D0004196
     110    2274       0       0       0       0       0       000010000D0004197
     110       0       0       2       0                               0D0004198
     110    2276       0       0       0       0       0       000010000D0004199
     110       0       0       1       0                               0D0004200
     110    2277       0       0       0       0       0       000010000D0004201
     110       0       0       1       0                               0D0004202
     110    2278       0       0       0       0       0       000010000D0004203
     110       0       0       1       0                               0D0004204
     102    2279       0       0       0       0       0       000010000D0004205
     102       0       0       1       0                               0D0004206
     100    2280       0       0       0       0    4209       000010000D0004207
     100       0       0       1       0                               0D0004208
     124    2281       0       0       0       0       0       000000000D0004209
     124       0       0       1       0                               0D0004210
     110    2282       0       0       0       0       0       000010000D0004211
     110       0       0       1       0                               0D0004212
     100    2283       0       0       0       0    4215       000010000D0004213
     100       0       0       1       0                               0D0004214
     124    2284       0       0       0       0       0       000000000D0004215
     124       0       0       2       0                               0D0004216
     110    2286       0       0       0       0       0       000010000D0004217
     110       0       0       1       0                               0D0004218
     144    2287       0       0       0       0       0       000020000D0004219
     144       0       0       1       0                               0D0004220
     108    2288       0       0       0       0       0       000010000D0004221
     108       0       0       1       0                               0D0004222
     142    2289       0       0       0       0       0       000010500D0004223
     142       0       0       1       0                               0D0004224
     102    2290       0       0       0       0       0       000010000D0004225
     102       0       0       1       0                               0D0004226
     110    2291       0       0       0       0       0       000010000D0004227
     110       0       0       1       0                               0D0004228
     110    2292       0       0       0       0       0       000010000D0004229
     110       0       0       1       0                               0D0004230
     110    2293       0       0       0       0       0       000010000D0004231
     110       0       0       1       0                               0D0004232
     110    2294       0       0       0       0       0       000010000D0004233
     110       0       0       1       0                               0D0004234
     144    2295       0       0       0       0       0       000020000D0004235
     144       0       0       1       0                               0D0004236
     120    2296       0       0       0       0    4239       000010000D0004237
     120       0       0       1       0                               0D0004238
     124    2297       0       0       0       0       0       000000000D0004239
     124       0       0       1       1                               0D0004240
     110    2298       0       0       0       0       0       000010000D0004241
     110       0       0       1       0                               0D0004242
     110    2299       0       0       0       0       0       000010000D0004243
     110       0       0       1       0                               0D0004244
     142    2300       0       0       0       0       0       000010500D0004245
     142       0       0       1       0                               0D0004246
     102    2301       0       0       0       0       0       000010000D0004247
     102       0       0       1       0                               0D0004248
     110    2302       0       0       0       0       0       000010000D0004249
     110       0       0       2       0                               0D0004250
     110    2304       0       0       0       0       0       000010000D0004251
     110       0       0       1       0                               0D0004252
     110    2305       0       0       0       0       0       000010000D0004253
     110       0       0       1       0                               0D0004254
     110    2306       0       0       0       0       0       000010000D0004255
     110       0       0       1       0                               0D0004256
     102    2307       0       0       0       0       0       000010000D0004257
     102       0       0       1       0                               0D0004258
     100    2308       0       0       0       0    4261       000010000D0004259
     100       0       0       1       0                               0D0004260
     124    2309       0       0       0       0       0       000000000D0004261
     124       0       0       2       0                               0D0004262
     110    2311       0       0       0       0       0       000010000D0004263
     110       0       0       1       0                               0D0004264
     100    2312       0       0       0       0    4267       000010000D0004265
     100       0       0       1       0                               0D0004266
     124    2313       0       0       0       0       0       000000000D0004267
     124       0       0       1       0                               0D0004268
     110    2314       0       0       0       0       0       000010000D0004269
     110       0       0       1       0                               0D0004270
     144    2315       0       0       0       0       0       000020000D0004271
     144       0       0       1       0                               0D0004272
     108    2316       0       0       0       0       0       000010000D0004273
     108       0       0       2       0                               0D0004274
     142    2318       0       0       0       0       0       000010500D0004275
     142       0       0       1       0                               0D0004276
     102    2319       0       0       0       0       0       000010000D0004277
     102       0       0       1       0                               0D0004278
     110    2320       0       0       0       0       0       000010000D0004279
     110       0       0       1       0                               0D0004280
     110    2321       0       0       0       0       0       000010000D0004281
     110       0       0       1       0                               0D0004282
     110    2322       0       0       0       0       0       000010000D0004283
     110       0       0       1       0                               0D0004284
     110    2323       0       0       0       0       0       000010000D0004285
     110       0       0       1       0                               0D0004286
     144    2324       0       0       0       0       0       000020000D0004287
     144       0       0       1       0                               0D0004288
     120    2325       0       0       0       0    4291       000010000D0004289
     120       0       0       1       0                               0D0004290
     124    2326       0       0       0       0       0       000000000D0004291
     124       0       0       1       1                               0D0004292
     110    2327       0       0       0       0       0       000010000D0004293
     110       0       0       1       0                               0D0004294
     110    2328       0       0       0       0       0       000010000D0004295
     110       0       0       1       0                               0D0004296
     142    2329       0       0       0       0       0       000010500D0004297
     142       0       0       1       0                               0D0004298
     102    2330       0       0       0       0       0       000010000D0004299
     102       0       0       1       0                               0D0004300
     110    2331       0       0       0       0       0       000010000D0004301
     110       0       0       2       0                               0D0004302
     110    2333       0       0       0       0       0       000010000D0004303
     110       0       0       1       0                               0D0004304
     110    2334       0       0       0       0       0       000010000D0004305
     110       0       0       1       0                               0D0004306
     110    2335       0       0       0       0       0       000010000D0004307
     110       0       0       1       0                               0D0004308
     102    2336       0       0       0       0       0       000010000D0004309
     102       0       0       1       0                               0D0004310
     100    2337       0       0       0       0    4313       000010000D0004311
     100       0       0       1       0                               0D0004312
     124    2338       0       0       0       0       0       000000000D0004313
     124       0       0       1       0                               0D0004314
     110    2339       0       0       0       0       0       000010000D0004315
     110       0       0       1       0                               0D0004316
     100    2340       0       0       0       0    4319       000010000D0004317
     100       0       0       1       0                               0D0004318
     124    2341       0       0       0       0       0       000000000D0004319
     124       0       0       2       0                               0D0004320
     110    2343       0       0       0       0       0       000010000D0004321
     110       0       0       1       0                               0D0004322
     144    2344       0       0       0       0       0       000020000D0004323
     144       0       0       1       0                               0D0004324
     120    2345       0       0       0       0    4327       000010000D0004325
     120       0       0       1       0                               0D0004326
     124    2346       0       0       0       0       0       000000000D0004327
     124       0       0       2       0                               0D0004328
     110    2348       0       0       0       0       0       000010000D0004329
     110       0       0       1       0                               0D0004330
     100    2349       0       0       0       0    4333       000010000D0004331
     100       0       0       1       0                               0D0004332
     124    2350       0       0       0       0       0       000000000D0004333
     124       0       0       1       0                               0D0004334
     142    2351       0       0       0       0       0       000010500D0004335
     142       0       0       1       0                               0D0004336
     102    2352       0       0       0       0       0       000010000D0004337
     102       0       0       1       0                               0D0004338
     110    2353       0       0       0       0       0       000010000D0004339
     110       0       0       1       0                               0D0004340
     110    2354       0       0       0       0       0       000010000D0004341
     110       0       0       1       0                               0D0004342
     110    2355       0       0       0       0       0       000010000D0004343
     110       0       0       1       0                               0D0004344
     110    2356       0       0       0       0       0       000010000D0004345
     110       0       0       2       0                               0D0004346
     102    2358       0       0       0       0       0       000010000D0004347
     102       0       0       1       0                               0D0004348
     100    2359       0       0       0       0    4351       000010000D0004349
     100       0       0       1       0                               0D0004350
     124    2360       0       0       0       0       0       000000000D0004351
     124       0       0       1       0                               0D0004352
     100    2361       0       0       0       0    4355       000010000D0004353
     100       0       0       1       0                               0D0004354
     124    2362       0       0       0       0       0       000000000D0004355
     124       0       0       2       0                               0D0004356
     100    2364       0       0       0       0    4359       000010000D0004357
     100       0       0       1       0                               0D0004358
     124    2365       0       0       0       0       0       000000000D0004359
     124       0       0       2       0                               0D0004360
     100    2367       0       0       0       0    4363       000010000D0004361
     100       0       0       1       0                               0D0004362
     124    2368       0       0       0       0       0       000000000D0004363
     124       0       0       2       0                               0D0004364
     144    2370       0       0       0       0       0       000020000D0004365
     144       0       0       1       0                               0D0004366
     120    2371       0       0       0       0    4369       000010000D0004367
     120       0       0       1       0                               0D0004368
     124    2372       0       0       0       0       0       000000000D0004369
     124       0       0       1       0                               0D0004370
     110    2373       0       0       0       0       0       000010000D0004371
     110       0       0       1       0                               0D0004372
     110    2374       0       0       0       0       0       000010000D0004373
     110       0       0       1       0                               0D0004374
     142    2375       0       0       0       0       0       000010500D0004375
     142       0       0       1       0                               0D0004376
     102    2376       0       0       0       0       0       000010000D0004377
     102       0       0       1       0                               0D0004378
     110    2377       0       0       0       0       0       000010000D0004379
     110       0       0       1       0                               0D0004380
     110    2378       0       0       0       0       0       000010000D0004381
     110       0       0       2       0                               0D0004382
     110    2380       0       0       0       0       0       000010000D0004383
     110       0       0       1       0                               0D0004384
     110    2381       0       0       0       0       0       000010000D0004385
     110       0       0       1       0                               0D0004386
     102    2382       0       0       0       0       0       000010000D0004387
     102       0       0       1       0                               0D0004388
     110    2383       0       0       0       0       0       000010000D0004389
     110       0       0       2       0                               0D0004390
     100    2385       0       0       0       0    4393       000010000D0004391
     100       0       0       1       0                               0D0004392
     124    2386       0       0       0       0       0       000000000D0004393
     124       0       0       2       0                               0D0004394
     110    2388       0       0       0       0       0       000010000D0004395
     110       0       0       1       0                               0D0004396
     100    2389       0       0       0       0    4399       000010000D0004397
     100       0       0       1       0                               0D0004398
     124    2390       0       0       0       0       0       000000000D0004399
     124       0       0       2       0                               0D0004400
     144    2392       0       0       0       0       0       000020000D0004401
     144       0       0       1       0                               0D0004402
     108    2393       0       0       0       0       0       000010000D0004403
     108       0       0       2       0                               0D0004404
     142    2395       0       0       0       0       0       000010500D0004405
     142       0       0       1       0                               0D0004406
     102    2396       0       0       0       0       0       000010000D0004407
     102       0       0       1       0                               0D0004408
     110    2397       0       0       0       0       0       000010000D0004409
     110       0       0       2       0                               0D0004410
     110    2399       0       0       0       0       0       000010000D0004411
     110       0       0       1       0                               0D0004412
     110    2400       0       0       0       0       0       000010000D0004413
     110       0       0       2       0                               0D0004414
     110    2402       0       0       0       0       0       000010000D0004415
     110       0       0       2       0                               0D0004416
     144    2404       0       0       0       0       0       000020000D0004417
     144       0       0       1       0                               0D0004418
     120    2405       0       0       0       0    4421       000010000D0004419
     120       0       0       1       0                               0D0004420
     124    2406       0       0       0       0       0       000000000D0004421
     124       0       0       2       0                               0D0004422
     110    2408       0       0       0       0       0       000010000D0004423
     110       0       0       1       0                               0D0004424
     110    2409       0       0       0       0       0       000010000D0004425
     110       0       0       1       0                               0D0004426
     142    2410       0       0       0       0       0       000010500D0004427
     142       0       0       1       0                               0D0004428
     102    2411       0       0       0       0       0       000010000D0004429
     102       0       0       1       0                               0D0004430
     110    2412       0       0       0       0       0       000010000D0004431
     110       0       0       1       0                               0D0004432
     110    2413       0       0       0       0       0       000010000D0004433
     110       0       0       1       0                               0D0004434
     110    2414       0       0       0       0       0       000010000D0004435
     110       0       0       2       0                               0D0004436
     110    2416       0       0       0       0       0       000010000D0004437
     110       0       0       1       0                               0D0004438
     102    2417       0       0       0       0       0       000010000D0004439
     102       0       0       1       0                               0D0004440
     100    2418       0       0       0       0    4443       000010000D0004441
     100       0       0       1       0                               0D0004442
     124    2419       0       0       0       0       0       000000000D0004443
     124       0       0       2       0                               0D0004444
     110    2421       0       0       0       0       0       000010000D0004445
     110       0       0       1       0                               0D0004446
     100    2422       0       0       0       0    4449       000010000D0004447
     100       0       0       1       0                               0D0004448
     124    2423       0       0       0       0       0       000000000D0004449
     124       0       0       2       0                               0D0004450
     110    2425       0       0       0       0       0       000010000D0004451
     110       0       0       2       0                               0D0004452
     144    2427       0       0       0       0       0       000020000D0004453
     144       0       0       1       0                               0D0004454
     120    2428       0       0       0       0    4457       000010000D0004455
     120       0       0       1       0                               0D0004456
     124    2429       0       0       0       0       0       000000000D0004457
     124       0       0       1       0                               0D0004458
     110    2430       0       0       0       0       0       000010000D0004459
     110       0       0       1       0                               0D0004460
     100    2431       0       0       0       0    4463       000010000D0004461
     100       0       0       1       0                               0D0004462
     124    2432       0       0       0       0       0       000000000D0004463
     124       0       0       1       0                               0D0004464
     142    2433       0       0       0       0       0       000010500D0004465
     142       0       0       1       0                               0D0004466
     102    2434       0       0       0       0       0       000010000D0004467
     102       0       0       1       0                               0D0004468
     110    2435       0       0       0       0       0       000010000D0004469
     110       0       0       1       0                               0D0004470
     110    2436       0       0       0       0       0       000010000D0004471
     110       0       0       1       0                               0D0004472
     110    2437       0       0       0       0       0       000010000D0004473
     110       0       0       1       0                               0D0004474
     110    2438       0       0       0       0       0       000010000D0004475
     110       0       0       2       0                               0D0004476
     102    2440       0       0       0       0       0       000010000D0004477
     102       0       0       1       0                               0D0004478
     100    2441       0       0       0       0    4481       000010000D0004479
     100       0       0       1       0                               0D0004480
     124    2442       0       0       0       0       0       000000000D0004481
     124       0       0       2       0                               0D0004482
     100    2444       0       0       0       0    4485       000010000D0004483
     100       0       0       1       0                               0D0004484
     124    2445       0       0       0       0       0       000000000D0004485
     124       0       0       1       0                               0D0004486
     100    2446       0       0       0       0    4489       000010000D0004487
     100       0       0       1       0                               0D0004488
     124    2447       0       0       0       0       0       000000000D0004489
     124       0       0       1       0                               0D0004490
     100    2448       0       0       0       0    4493       000010000D0004491
     100       0       0       1       0                               0D0004492
     124    2449       0       0       0       0       0       000000000D0004493
     124       0       0       1       0                               0D0004494
     144    2450       0       0       0       0       0       000020000D0004495
     144       0       0       1       0                               0D0004496
     120    2451       0       0       0       0    4499       000010000D0004497
     120       0       0       1       0                               0D0004498
     124    2452       0       0       0       0       0       000000000D0004499
     124       0       0       1       0                               0D0004500
     110    2453       0       0       0       0       0       000010000D0004501
     110       0       0       1       0                               0D0004502
     110    2454       0       0       0       0       0       000010000D0004503
     110       0       0       1       0                               0D0004504
     142    2455       0       0       0       0       0       000010500D0004505
     142       0       0       1       0                               0D0004506
     102    2456       0       0       0       0       0       000010000D0004507
     102       0       0       1       0                               0D0004508
     110    2457       0       0       0       0       0       000010000D0004509
     110       0       0       1       0                               0D0004510
     110    2458       0       0       0       0       0       000010000D0004511
     110       0       0       2       0                               0D0004512
     110    2460       0       0       0       0       0       000010000D0004513
     110       0       0       1       0                               0D0004514
     110    2461       0       0       0       0       0       000010000D0004515
     110       0       0       1       0                               0D0004516
     102    2462       0       0       0       0       0       000010000D0004517
     102       0       0       1       0                               0D0004518
     110    2463       0       0       0       0       0       000010000D0004519
     110       0       0       1       0                               0D0004520
     100    2464       0       0       0       0    4523       000010000D0004521
     100       0       0       1       0                               0D0004522
     124    2465       0       0       0       0       0       000000000D0004523
     124       0       0       1       0                               0D0004524
     110    2466       0       0       0       0       0       000010000D0004525
     110       0       0       2       0                               0D0004526
     100    2468       0       0       0       0    4529       000010000D0004527
     100       0       0       1       0                               0D0004528
     124    2469       0       0       0       0       0       000000000D0004529
     124       0       0       2       0                               0D0004530
     144    2471       0       0       0       0       0       000020000D0004531
     144       0       0       1       0                               0D0004532
     108    2472       0       0       0       0       0       000010000D0004533
     108       0       0       1       0                               0D0004534
     142    2473       0       0       0       0       0       000010500D0004535
     142       0       0       1       0                               0D0004536
     102    2474       0       0       0       0       0       000010000D0004537
     102       0       0       1       0                               0D0004538
     110    2475       0       0       0       0       0       000010000D0004539
     110       0       0       1       0                               0D0004540
     110    2476       0       0       0       0       0       000010000D0004541
     110       0       0       1       0                               0D0004542
     110    2477       0       0       0       0       0       000010000D0004543
     110       0       0       1       0                               0D0004544
     110    2478       0       0       0       0       0       000010000D0004545
     110       0       0       2       0                               0D0004546
     144    2480       0       0       0       0       0       000020000D0004547
     144       0       0       1       0                               0D0004548
     120    2481       0       0       0       0    4551       000010000D0004549
     120       0       0       1       0                               0D0004550
     124    2482       0       0       0       0       0       000000000D0004551
     124       0       0       1       0                               0D0004552
     110    2483       0       0       0       0       0       000010000D0004553
     110       0       0       1       0                               0D0004554
     110    2484       0       0       0       0       0       000010000D0004555
     110       0       0       1       0                               0D0004556
     142    2485       0       0       0       0       0       000010500D0004557
     142       0       0       1       0                               0D0004558
     102    2486       0       0       0       0       0       000010000D0004559
     102       0       0       1       0                               0D0004560
     110    2487       0       0       0       0       0       000010000D0004561
     110       0       0       1       0                               0D0004562
     110    2488       0       0       0       0       0       000010000D0004563
     110       0       0       1       0                               0D0004564
     110    2489       0       0       0       0       0       000010000D0004565
     110       0       0       2       0                               0D0004566
     110    2491       0       0       0       0       0       000010000D0004567
     110       0       0       1       0                               0D0004568
     102    2492       0       0       0       0       0       000010000D0004569
     102       0       0       1       0                               0D0004570
     100    2493       0       0       0       0    4573       000010000D0004571
     100       0       0       1       0                               0D0004572
     124    2494       0       0       0       0       0       000000000D0004573
     124       0       0       1       0                               0D0004574
     110    2495       0       0       0       0       0       000010000D0004575
     110       0       0       1       0                               0D0004576
     100    2496       0       0       0       0    4579       000010000D0004577
     100       0       0       1       0                               0D0004578
     124    2497       0       0       0       0       0       000000000D0004579
     124       0       0       2       0                               0D0004580
     110    2499       0       0       0       0       0       000010000D0004581
     110       0       0       2       0                               0D0004582
     144    2501       0       0       0       0       0       000020000D0004583
     144       0       0       1       0                               0D0004584
     120    2502       0       0       0       0    4587       000010000D0004585
     120       0       0       1       0                               0D0004586
     124    2503       0       0       0       0       0       000000000D0004587
     124       0       0       1       0                               0D0004588
     110    2504       0       0       0       0       0       000010000D0004589
     110       0       0       1       0                               0D0004590
     110    2505       0       0       0       0       0       000010000D0004591
     110       0       0       1       0                               0D0004592
     142    2506       0       0       0       0       0       000010500D0004593
     142       0       0       1       0                               0D0004594
     102    2507       0       0       0       0       0       000010000D0004595
     102       0       0       1       0                               0D0004596
     110    2508       0       0       0       0       0       000010000D0004597
     110       0       0       1       0                               0D0004598
     110    2509       0       0       0       0       0       000010000D0004599
     110       0       0       2       0                               0D0004600
     110    2511       0       0       0       0       0       000010000D0004601
     110       0       0       1       0                               0D0004602
     110    2512       0       0       0       0       0       000010000D0004603
     110       0       0       1       0                               0D0004604
     102    2513       0       0       0       0       0       000010000D0004605
     102       0       0       1       0                               0D0004606
     110    2514       0       0       0       0       0       000010000D0004607
     110       0       0       1       0                               0D0004608
     100    2515       0       0       0       0    4611       000010000D0004609
     100       0       0       1       0                               0D0004610
     124    2516       0       0       0       0       0       000000000D0004611
     124       0       0       1       0                               0D0004612
     110    2517       0       0       0       0       0       000010000D0004613
     110       0       0       1       0                               0D0004614
     100    2518       0       0       0       0    4617       000010000D0004615
     100       0       0       1       0                               0D0004616
     124    2519       0       0       0       0       0       000000000D0004617
     124       0       0       1       0                               0D0004618
     144    2520       0       0       0       0       0       000020000D0004619
     144       0       0       1       0                               0D0004620
     120    2521       0       0       0       0    4623       000010000D0004621
     120       0       0       1       0                               0D0004622
     124    2522       0       0       0       0       0       000000000D0004623
     124       0       0       1       0                               0D0004624
     110    2523       0       0       0       0       0       000010000D0004625
     110       0       0       1       0                               0D0004626
     110    2524       0       0       0       0       0       000010000D0004627
     110       0       0       1       0                               0D0004628
     142    2525       0       0       0       0       0       000010500D0004629
     142       0       0       1       0                               0D0004630
     102    2526       0       0       0       0       0       000010000D0004631
     102       0       0       1       0                               0D0004632
     110    2527       0       0       0       0       0       000010000D0004633
     110       0       0       1       0                               0D0004634
     110    2528       0       0       0       0       0       000010000D0004635
     110       0       0       2       0                               0D0004636
     110    2530       0       0       0       0       0       000010000D0004637
     110       0       0       1       0                               0D0004638
     110    2531       0       0       0       0       0       000010000D0004639
     110       0       0       1       0                               0D0004640
     102    2532       0       0       0       0       0       000010000D0004641
     102       0       0       1       0                               0D0004642
     110    2533       0       0       0       0       0       000010000D0004643
     110       0       0       1       0                               0D0004644
     100    2534       0       0       0       0    4647       000010000D0004645
     100       0       0       1       0                               0D0004646
     124    2535       0       0       0       0       0       000000000D0004647
     124       0       0       1       0                               0D0004648
     110    2536       0       0       0       0       0       000010000D0004649
     110       0       0       1       0                               0D0004650
     100    2537       0       0       0       0    4653       000010000D0004651
     100       0       0       1       0                               0D0004652
     124    2538       0       0       0       0       0       000000000D0004653
     124       0       0       1       0                               0D0004654
     144    2539       0       0       0       0       0       000020000D0004655
     144       0       0       1       0                               0D0004656
     108    2540       0       0       0       0       0       000010000D0004657
     108       0       0       1       0                               0D0004658
     142    2541       0       0       0       0       0       000010500D0004659
     142       0       0       1       0                               0D0004660
     102    2542       0       0       0       0       0       000010000D0004661
     102       0       0       1       0                               0D0004662
     100    2543       0       0       0       0    4665       000010000D0004663
     100       0       0       1       0                               0D0004664
     124    2544       0       0       0       0       0       000000000D0004665
     124       0       0       1       0                               0D0004666
     100    2545       0       0       0       0    4669       000010000D0004667
     100       0       0       1       0                               0D0004668
     124    2546       0       0       0       0       0       000000000D0004669
     124       0       0       1       0                               0D0004670
     144    2547       0       0       0       0       0       000020000D0004671
     144       0       0       1       0                               0D0004672
     120    2548       0       0       0       0    4675       000010000D0004673
     120       0       0       1       0                               0D0004674
     124    2549       0       0       0       0       0       000000000D0004675
     124       0       0       1       0                               0D0004676
     110    2550       0       0       0       0       0       000010000D0004677
     110       0       0       1       0                               0D0004678
     110    2551       0       0       0       0       0       000010000D0004679
     110       0       0       1       0                               0D0004680
     142    2552       0       0       0       0       0       000010500D0004681
     142       0       0       1       0                               0D0004682
     102    2553       0       0       0       0       0       000010000D0004683
     102       0       0       1       0                               0D0004684
     110    2554       0       0       0       0       0       000010000D0004685
     110       0       0       2       0                               0D0004686
     110    2556       0       0       0       0       0       000010000D0004687
     110       0       0       1       0                               0D0004688
     110    2557       0       0       0       0       0       000010000D0004689
     110       0       0       1       0                               0D0004690
     110    2558       0       0       0       0       0       000010000D0004691
     110       0       0       1       0                               0D0004692
     102    2559       0       0       0       0       0       000010000D0004693
     102       0       0       1       0                               0D0004694
     100    2560       0       0       0       0    4697       000010000D0004695
     100       0       0       1       0                               0D0004696
     124    2561       0       0       0       0       0       000000000D0004697
     124       0       0       1       0                               0D0004698
     110    2562       0       0       0       0       0       000010000D0004699
     110       0       0       1       0                               0D0004700
     100    2563       0       0       0       0    4703       000010000D0004701
     100       0       0       1       0                               0D0004702
     124    2564       0       0       0       0       0       000000000D0004703
     124       0       0       1       0                               0D0004704
     110    2565       0       0       0       0       0       000010000D0004705
     110       0       0       1       0                               0D0004706
     144    2566       0       0       0       0       0       000020000D0004707
     144       0       0       1       0                               0D0004708
     120    2567       0       0       0       0    4711       000010000D0004709
     120       0       0       1       0                               0D0004710
     124    2568       0       0       0       0       0       000000000D0004711
     124       0       0       1       0                               0D0004712
     110    2569       0       0       0       0       0       000010000D0004713
     110       0       0       1       0                               0D0004714
     110    2570       0       0       0       0       0       000010000D0004715
     110       0       0       1       0                               0D0004716
     142    2571       0       0       0       0       0       000010500D0004717
     142       0       0       1       0                               0D0004718
     102    2572       0       0       0       0       0       000010000D0004719
     102       0       0       1       0                               0D0004720
     110    2573       0       0       0       0       0       000010000D0004721
     110       0       0       1       0                               0D0004722
     110    2574       0       0       0       0       0       000010000D0004723
     110       0       0       1       0                               0D0004724
     110    2575       0       0       0       0       0       000010000D0004725
     110       0       0       2       0                               0D0004726
     110    2577       0       0       0       0       0       000010000D0004727
     110       0       0       1       0                               0D0004728
     102    2578       0       0       0       0       0       000010000D0004729
     102       0       0       1       0                               0D0004730
     100    2579       0       0       0       0    4733       000010000D0004731
     100       0       0       1       0                               0D0004732
     124    2580       0       0       0       0       0       000000000D0004733
     124       0       0       1       0                               0D0004734
     110    2581       0       0       0       0       0       000010000D0004735
     110       0       0       1       0                               0D0004736
     100    2582       0       0       0       0    4739       000010000D0004737
     100       0       0       1       0                               0D0004738
     124    2583       0       0       0       0       0       000000000D0004739
     124       0       0       1       0                               0D0004740
     110    2584       0       0       0       0       0       000010000D0004741
     110       0       0       1       0                               0D0004742
     144    2585       0       0       0       0       0       000020000D0004743
     144       0       0       1       0                               0D0004744
     108    2586       0       0       0       0       0       000010000D0004745
     108       0       0       1       0                               0D0004746
     142    2587       0       0       0       0       0       000010500D0004747
     142       0       0       1       0                               0D0004748
     102    2588       0       0       0       0       0       000010000D0004749
     102       0       0       1       0                               0D0004750
     100    2589       0       0       0       0    4753       000010000D0004751
     100       0       0       1       0                               0D0004752
     124    2590       0       0       0       0       0       000000000D0004753
     124       0       0       1       0                               0D0004754
     100    2591       0       0       0       0    4757       000010000D0004755
     100       0       0       1       0                               0D0004756
     124    2592       0       0       0       0       0       000000000D0004757
     124       0       0       1       0                               0D0004758
     144    2593       0       0       0       0       0       000020000D0004759
     144       0       0       1       0                               0D0004760
     120    2594       0       0       0       0    4763       000010000D0004761
     120       0       0       1       0                               0D0004762
     124    2595       0       0       0       0       0       000000000D0004763
     124       0       0       1       0                               0D0004764
     110    2596       0       0       0       0       0       000010000D0004765
     110       0       0       1       0                               0D0004766
     110    2597       0       0       0       0       0       000010000D0004767
     110       0       0       1       0                               0D0004768
     142    2598       0       0       0       0       0       000010500D0004769
     142       0       0       1       0                               0D0004770
     102    2599       0       0       0       0       0       000010000D0004771
     102       0       0       1       0                               0D0004772
     110    2600       0       0       0       0       0       000010000D0004773
     110       0       0       2       0                               0D0004774
     110    2602       0       0       0       0       0       000010000D0004775
     110       0       0       1       0                               0D0004776
     110    2603       0       0       0       0       0       000010000D0004777
     110       0       0       1       0                               0D0004778
     110    2604       0       0       0       0       0       000010000D0004779
     110       0       0       1       0                               0D0004780
     102    2605       0       0       0       0       0       000010000D0004781
     102       0       0       1       0                               0D0004782
     100    2606       0       0       0       0    4785       000010000D0004783
     100       0       0       1       0                               0D0004784
     124    2607       0       0       0       0       0       000000000D0004785
     124       0       0       1       0                               0D0004786
     110    2608       0       0       0       0       0       000010000D0004787
     110       0       0       1       0                               0D0004788
     100    2609       0       0       0       0    4791       000010000D0004789
     100       0       0       1       0                               0D0004790
     124    2610       0       0       0       0       0       000000000D0004791
     124       0       0       1       0                               0D0004792
     110    2611       0       0       0       0       0       000010000D0004793
     110       0       0       1       0                               0D0004794
     144    2612       0       0       0       0       0       000020000D0004795
     144       0       0       1       0                               0D0004796
     120    2613       0       0       0       0    4799       000010000D0004797
     120       0       0       1       0                               0D0004798
     124    2614       0       0       0       0       0       000000000D0004799
     124       0       0       1       0                               0D0004800
     110    2615       0       0       0       0       0       000010000D0004801
     110       0       0       1       0                               0D0004802
     110    2616       0       0       0       0       0       000010000D0004803
     110       0       0       1       0                               0D0004804
     142    2617       0       0       0       0       0       000010500D0004805
     142       0       0       1       0                               0D0004806
     102    2618       0       0       0       0       0       000010000D0004807
     102       0       0       1       0                               0D0004808
     110    2619       0       0       0       0       0       000010000D0004809
     110       0       0       1       0                               0D0004810
     110    2620       0       0       0       0       0       000010000D0004811
     110       0       0       1       0                               0D0004812
     110    2621       0       0       0       0       0       000010000D0004813
     110       0       0       2       0                               0D0004814
     110    2623       0       0       0       0       0       000010000D0004815
     110       0       0       1       0                               0D0004816
     102    2624       0       0       0       0       0       000010000D0004817
     102       0       0       1       0                               0D0004818
     100    2625       0       0       0       0    4821       000010000D0004819
     100       0       0       1       0                               0D0004820
     124    2626       0       0       0       0       0       000000000D0004821
     124       0       0       1       0                               0D0004822
     110    2627       0       0       0       0       0       000010000D0004823
     110       0       0       1       0                               0D0004824
     100    2628       0       0       0       0    4827       000010000D0004825
     100       0       0       1       0                               0D0004826
     124    2629       0       0       0       0       0       000000000D0004827
     124       0       0       1       0                               0D0004828
     110    2630       0       0       0       0       0       000010000D0004829
     110       0       0       1       0                               0D0004830
     144    2631       0       0       0       0       0       000020000D0004831
     144       0       0       1       0                               0D0004832
     108    2632       0       0       0       0       0       000010000D0004833
     108       0       0       1       0                               0D0004834
     142    2633       0       0       0       0       0       000010500D0004835
     142       0       0       1       0                               0D0004836
     102    2634       0       0       0       0       0       000010000D0004837
     102       0       0       1       0                               0D0004838
     100    2635       0       0       0       0    4841       000010000D0004839
     100       0       0       1       0                               0D0004840
     124    2636       0       0       0       0       0       000000000D0004841
     124       0       0       1       0                               0D0004842
     100    2637       0       0       0       0    4845       000010000D0004843
     100       0       0       1       0                               0D0004844
     124    2638       0       0       0       0       0       000000000D0004845
     124       0       0       1       0                               0D0004846
     144    2639       0       0       0       0       0       000020000D0004847
     144       0       0       1       0                               0D0004848
     120    2640       0       0       0       0    4851       000010000D0004849
     120       0       0       1       0                               0D0004850
     124    2641       0       0       0       0       0       000000000D0004851
     124       0       0       1       0                               0D0004852
     110    2642       0       0       0       0       0       000010000D0004853
     110       0       0       1       0                               0D0004854
     110    2643       0       0       0       0       0       000010000D0004855
     110       0       0       1       0                               0D0004856
     142    2644       0       0       0       0       0       000010500D0004857
     142       0       0       1       0                               0D0004858
     102    2645       0       0       0       0       0       000010000D0004859
     102       0       0       1       0                               0D0004860
     110    2646       0       0       0       0       0       000010000D0004861
     110       0       0       2       0                               0D0004862
     110    2648       0       0       0       0       0       000010000D0004863
     110       0       0       1       0                               0D0004864
     110    2649       0       0       0       0       0       000010000D0004865
     110       0       0       1       0                               0D0004866
     110    2650       0       0       0       0       0       000010000D0004867
     110       0       0       1       0                               0D0004868
     102    2651       0       0       0       0       0       000010000D0004869
     102       0       0       1       0                               0D0004870
     100    2652       0       0       0       0    4873       000010000D0004871
     100       0       0       1       0                               0D0004872
     124    2653       0       0       0       0       0       000000000D0004873
     124       0       0       1       0                               0D0004874
     110    2654       0       0       0       0       0       000010000D0004875
     110       0       0       1       0                               0D0004876
     100    2655       0       0       0       0    4879       000010000D0004877
     100       0       0       1       0                               0D0004878
     124    2656       0       0       0       0       0       000000000D0004879
     124       0       0       1       0                               0D0004880
     110    2657       0       0       0       0       0       000010000D0004881
     110       0       0       1       0                               0D0004882
     144    2658       0       0       0       0       0       000020000D0004883
     144       0       0       1       0                               0D0004884
     120    2659       0       0       0       0    4887       000010000D0004885
     120       0       0       1       0                               0D0004886
     124    2660       0       0       0       0       0       000000000D0004887
     124       0       0       1       0                               0D0004888
     110    2661       0       0       0       0       0       000010000D0004889
     110       0       0       1       0                               0D0004890
     110    2662       0       0       0       0       0       000010000D0004891
     110       0       0       1       0                               0D0004892
     142    2663       0       0       0       0       0       000010500D0004893
     142       0       0       1       0                               0D0004894
     102    2664       0       0       0       0       0       000010000D0004895
     102       0       0       1       0                               0D0004896
     110    2665       0       0       0       0       0       000010000D0004897
     110       0       0       1       0                               0D0004898
     110    2666       0       0       0       0       0       000010000D0004899
     110       0       0       1       0                               0D0004900
     110    2667       0       0       0       0       0       000010000D0004901
     110       0       0       2       0                               0D0004902
     110    2669       0       0       0       0       0       000010000D0004903
     110       0       0       1       0                               0D0004904
     102    2670       0       0       0       0       0       000010000D0004905
     102       0       0       1       0                               0D0004906
     100    2671       0       0       0       0    4909       000010000D0004907
     100       0       0       1       0                               0D0004908
     124    2672       0       0       0       0       0       000000000D0004909
     124       0       0       1       0                               0D0004910
     110    2673       0       0       0       0       0       000010000D0004911
     110       0       0       1       0                               0D0004912
     100    2674       0       0       0       0    4915       000010000D0004913
     100       0       0       1       0                               0D0004914
     124    2675       0       0       0       0       0       000000000D0004915
     124       0       0       1       0                               0D0004916
     110    2676       0       0       0       0       0       000010000D0004917
     110       0       0       1       0                               0D0004918
     144    2677       0       0       0       0       0       000020000D0004919
     144       0       0       1       0                               0D0004920
     108    2678       0       0       0       0       0       000010000D0004921
     108       0       0       1       0                               0D0004922
     142    2679       0       0       0       0       0       000010500D0004923
     142       0       0       1       0                               0D0004924
     102    2680       0       0       0       0       0       000010000D0004925
     102       0       0       1       0                               0D0004926
     100    2681       0       0       0       0    4929       000010000D0004927
     100       0       0       1       0                               0D0004928
     124    2682       0       0       0       0       0       000000000D0004929
     124       0       0       1       0                               0D0004930
     100    2683       0       0       0       0    4933       000010000D0004931
     100       0       0       1       0                               0D0004932
     124    2684       0       0       0       0       0       000000000D0004933
     124       0       0       1       0                               0D0004934
     144    2685       0       0       0       0       0       000020000D0004935
     144       0       0       1       0                               0D0004936
     120    2686       0       0       0       0    4939       000010000D0004937
     120       0       0       1       0                               0D0004938
     124    2687       0       0       0       0       0       000000000D0004939
     124       0       0       1       0                               0D0004940
     110    2688       0       0       0       0       0       000010000D0004941
     110       0       0       1       0                               0D0004942
     110    2689       0       0       0       0       0       000010000D0004943
     110       0       0       1       0                               0D0004944
     142    2690       0       0       0       0       0       000010500D0004945
     142       0       0       1       0                               0D0004946
     102    2691       0       0       0       0       0       000010000D0004947
     102       0       0       1       0                               0D0004948
     110    2692       0       0       0       0       0       000010000D0004949
     110       0       0       2       0                               0D0004950
     110    2694       0       0       0       0       0       000010000D0004951
     110       0       0       1       0                               0D0004952
     110    2695       0       0       0       0       0       000010000D0004953
     110       0       0       1       0                               0D0004954
     110    2696       0       0       0       0       0       000010000D0004955
     110       0       0       1       0                               0D0004956
     102    2697       0       0       0       0       0       000010000D0004957
     102       0       0       1       0                               0D0004958
     100    2698       0       0       0       0    4961       000010000D0004959
     100       0       0       1       0                               0D0004960
     124    2699       0       0       0       0       0       000000000D0004961
     124       0       0       1       0                               0D0004962
     110    2700       0       0       0       0       0       000010000D0004963
     110       0       0       1       0                               0D0004964
     100    2701       0       0       0       0    4967       000010000D0004965
     100       0       0       1       0                               0D0004966
     124    2702       0       0       0       0       0       000000000D0004967
     124       0       0       1       0                               0D0004968
     110    2703       0       0       0       0       0       000010000D0004969
     110       0       0       1       0                               0D0004970
     144    2704       0       0       0       0       0       000020000D0004971
     144       0       0       1       0                               0D0004972
     120    2705       0       0       0       0    4975       000010000D0004973
     120       0       0       1       0                               0D0004974
     124    2706       0       0       0       0       0       000000000D0004975
     124       0       0       1       0                               0D0004976
     110    2707       0       0       0       0       0       000010000D0004977
     110       0       0       1       0                               0D0004978
     110    2708       0       0       0       0       0       000010000D0004979
     110       0       0       1       0                               0D0004980
     142    2709       0       0       0       0       0       000010500D0004981
     142       0       0       1       0                               0D0004982
     102    2710       0       0       0       0       0       000010000D0004983
     102       0       0       1       0                               0D0004984
     110    2711       0       0       0       0       0       000010000D0004985
     110       0       0       1       0                               0D0004986
     110    2712       0       0       0       0       0       000010000D0004987
     110       0       0       1       0                               0D0004988
     110    2713       0       0       0       0       0       000010000D0004989
     110       0       0       2       0                               0D0004990
     110    2715       0       0       0       0       0       000010000D0004991
     110       0       0       1       0                               0D0004992
     102    2716       0       0       0       0       0       000010000D0004993
     102       0       0       1       0                               0D0004994
     100    2717       0       0       0       0    4997       000010000D0004995
     100       0       0       1       0                               0D0004996
     124    2718       0       0       0       0       0       000000000D0004997
     124       0       0       1       0                               0D0004998
     110    2719       0       0       0       0       0       000010000D0004999
     110       0       0       1       0                               0D0005000
     100    2720       0       0       0       0    5003       000010000D0005001
     100       0       0       1       0                               0D0005002
     124    2721       0       0       0       0       0       000000000D0005003
     124       0       0       1       0                               0D0005004
     110    2722       0       0       0       0       0       000010000D0005005
     110       0       0       1       0                               0D0005006
     144    2723       0       0       0       0       0       000020000D0005007
     144       0       0       1       0                               0D0005008
     108    2724       0       0       0       0       0       000010000D0005009
     108       0       0       1       0                               0D0005010
     142    2725       0       0       0       0       0       000010500D0005011
     142       0       0       1       0                               0D0005012
     102    2726       0       0       0       0       0       000010000D0005013
     102       0       0       1       0                               0D0005014
     100    2727       0       0       0       0    5017       000010000D0005015
     100       0       0       1       0                               0D0005016
     124    2728       0       0       0       0       0       000000000D0005017
     124       0       0       1       0                               0D0005018
     100    2729       0       0       0       0    5021       000010000D0005019
     100       0       0       1       0                               0D0005020
     124    2730       0       0       0       0       0       000000000D0005021
     124       0       0       1       0                               0D0005022
     144    2731       0       0       0       0       0       000020000D0005023
     144       0       0       1       0                               0D0005024
     120    2732       0       0       0       0    5027       000010000D0005025
     120       0       0       1       0                               0D0005026
     124    2733       0       0       0       0       0       000000000D0005027
     124       0       0       1       0                               0D0005028
     110    2734       0       0       0       0       0       000010000D0005029
     110       0       0       1       0                               0D0005030
     110    2735       0       0       0       0       0       000010000D0005031
     110       0       0       1       0                               0D0005032
     142    2736       0       0       0       0       0       000010500D0005033
     142       0       0       1       0                               0D0005034
     102    2737       0       0       0       0       0       000010000D0005035
     102       0       0       1       0                               0D0005036
     110    2738       0       0       0       0       0       000010000D0005037
     110       0       0       1       0                               0D0005038
     110    2739       0       0       0       0       0       000010000D0005039
     110       0       0       2       0                               0D0005040
     110    2741       0       0       0       0       0       000010000D0005041
     110       0       0       1       0                               0D0005042
     110    2742       0       0       0       0       0       000010000D0005043
     110       0       0       1       0                               0D0005044
     102    2743       0       0       0       0       0       000010000D0005045
     102       0       0       1       0                               0D0005046
     110    2744       0       0       0       0       0       000010000D0005047
     110       0       0       1       0                               0D0005048
     100    2745       0       0       0       0    5051       000010000D0005049
     100       0       0       1       0                               0D0005050
     124    2746       0       0       0       0       0       000000000D0005051
     124       0       0       1       0                               0D0005052
     110    2747       0       0       0       0       0       000010000D0005053
     110       0       0       1       0                               0D0005054
     100    2748       0       0       0       0    5057       000010000D0005055
     100       0       0       1       0                               0D0005056
     124    2749       0       0       0       0       0       000000000D0005057
     124       0       0       1       0                               0D0005058
     144    2750       0       0       0       0       0       000020000D0005059
     144       0       0       1       0                               0D0005060
     120    2751       0       0       0       0    5063       000010000D0005061
     120       0       0       1       0                               0D0005062
     124    2752       0       0       0       0       0       000000000D0005063
     124       0       0       1       0                               0D0005064
     110    2753       0       0       0       0       0       000010000D0005065
     110       0       0       1       0                               0D0005066
     110    2754       0       0       0       0       0       000010000D0005067
     110       0       0       1       0                               0D0005068
     142    2755       0       0       0       0       0       000010500D0005069
     142       0       0       1       0                               0D0005070
     102    2756       0       0       0       0       0       000010000D0005071
     102       0       0       1       0                               0D0005072
     110    2757       0       0       0       0       0       000010000D0005073
     110       0       0       1       0                               0D0005074
     110    2758       0       0       0       0       0       000010000D0005075
     110       0       0       1       0                               0D0005076
     110    2759       0       0       0       0       0       000010000D0005077
     110       0       0       1       0                               0D0005078
     110    2760       0       0       0       0       0       000010000D0005079
     110       0       0       1       0                               0D0005080
     102    2761       0       0       0       0       0       000010000D0005081
     102       0       0       1       0                               0D0005082
     110    2762       0       0       0       0       0       000010000D0005083
     110       0       0       1       0                               0D0005084
     100    2763       0       0       0       0    5087       000010000D0005085
     100       0       0       1       0                               0D0005086
     124    2764       0       0       0       0       0       000000000D0005087
     124       0       0       1       0                               0D0005088
     110    2765       0       0       0       0       0       000010000D0005089
     110       0       0       1       0                               0D0005090
     100    2766       0       0       0       0    5093       000010000D0005091
     100       0       0       1       0                               0D0005092
     124    2767       0       0       0       0       0       000000000D0005093
     124       0       0       1       0                               0D0005094
     144    2768       0       0       0       0       0       000020000D0005095
     144       0       0       1       0                               0D0005096
     108    2769       0       0       0       0       0       000010000D0005097
     108       0       0       1       0                               0D0005098
     142    2770       0       0       0       0       0       000010500D0005099
     142       0       0       1       0                               0D0005100
     102    2771       0       0       0       0       0       000010000D0005101
     102       0       0       1       0                               0D0005102
     100    2772       0       0       0       0    5105       000010000D0005103
     100       0       0       1       0                               0D0005104
     124    2773       0       0       0       0       0       000000000D0005105
     124       0       0       1       0                               0D0005106
     100    2774       0       0       0       0    5109       000010000D0005107
     100       0       0       1       0                               0D0005108
     124    2775       0       0       0       0       0       000000000D0005109
     124       0       0       1       0                               0D0005110
     144    2776       0       0       0       0       0       000020000D0005111
     144       0       0       1       0                               0D0005112
     120    2777       0       0       0       0    5115       000010000D0005113
     120       0       0       1       0                               0D0005114
     124    2778       0       0       0       0       0       000000000D0005115
     124       0       0       1       0                               0D0005116
     110    2779       0       0       0       0       0       000010000D0005117
     110       0       0       1       0                               0D0005118
     110    2780       0       0       0       0       0       000010000D0005119
     110       0       0       1       0                               0D0005120
     142    2781       0       0       0       0       0       000010500D0005121
     142       0       0       1       0                               0D0005122
     102    2782       0       0       0       0       0       000010000D0005123
     102       0       0       1       0                               0D0005124
     110    2783       0       0       0       0       0       000010000D0005125
     110       0       0       2       0                               0D0005126
     110    2785       0       0       0       0       0       000010000D0005127
     110       0       0       1       0                               0D0005128
     110    2786       0       0       0       0       0       000010000D0005129
     110       0       0       1       0                               0D0005130
     110    2787       0       0       0       0       0       000010000D0005131
     110       0       0       1       0                               0D0005132
     102    2788       0       0       0       0       0       000010000D0005133
     102       0       0       1       0                               0D0005134
     100    2789       0       0       0       0    5137       000010000D0005135
     100       0       0       1       0                               0D0005136
     124    2790       0       0       0       0       0       000000000D0005137
     124       0       0       1       0                               0D0005138
     110    2791       0       0       0       0       0       000010000D0005139
     110       0       0       1       0                               0D0005140
     100    2792       0       0       0       0    5143       000010000D0005141
     100       0       0       1       0                               0D0005142
     124    2793       0       0       0       0       0       000000000D0005143
     124       0       0       1       0                               0D0005144
     110    2794       0       0       0       0       0       000010000D0005145
     110       0       0       1       0                               0D0005146
     144    2795       0       0       0       0       0       000020000D0005147
     144       0       0       1       0                               0D0005148
     120    2796       0       0       0       0    5151       000010000D0005149
     120       0       0       1       0                               0D0005150
     124    2797       0       0       0       0       0       000000000D0005151
     124       0       0       1       0                               0D0005152
     110    2798       0       0       0       0       0       000010000D0005153
     110       0       0       1       0                               0D0005154
     110    2799       0       0       0       0       0       000010000D0005155
     110       0       0       1       0                               0D0005156
     142    2800       0       0       0       0       0       000010500D0005157
     142       0       0       1       0                               0D0005158
     102    2801       0       0       0       0       0       000010000D0005159
     102       0       0       1       0                               0D0005160
     110    2802       0       0       0       0       0       000010000D0005161
     110       0       0       1       0                               0D0005162
     110    2803       0       0       0       0       0       000010000D0005163
     110       0       0       1       0                               0D0005164
     110    2804       0       0       0       0       0       000010000D0005165
     110       0       0       1       0                               0D0005166
     110    2805       0       0       0       0       0       000010000D0005167
     110       0       0       1       0                               0D0005168
     102    2806       0       0       0       0       0       000010000D0005169
     102       0       0       1       0                               0D0005170
     100    2807       0       0       0       0    5173       000010000D0005171
     100       0       0       1       0                               0D0005172
     124    2808       0       0       0       0       0       000000000D0005173
     124       0       0       1       0                               0D0005174
     110    2809       0       0       0       0       0       000010000D0005175
     110       0       0       1       0                               0D0005176
     100    2810       0       0       0       0    5179       000010000D0005177
     100       0       0       1       0                               0D0005178
     124    2811       0       0       0       0       0       000000000D0005179
     124       0       0       1       0                               0D0005180
     110    2812       0       0       0       0       0       000010000D0005181
     110       0       0       1       0                               0D0005182
     144    2813       0       0       0       0       0       000020000D0005183
     144       0       0       1       0                               0D0005184
     108    2814       0       0       0       0       0       000010000D0005185
     108       0       0       1       0                               0D0005186
     142    2815       0       0       0       0       0       000010500D0005187
     142       0       0       1       0                               0D0005188
     102    2816       0       0       0       0       0       000010000D0005189
     102       0       0       1       0                               0D0005190
     100    2817       0       0       0       0    5193       000010000D0005191
     100       0       0       1       0                               0D0005192
     124    2818       0       0       0       0       0       000000000D0005193
     124       0       0       1       0                               0D0005194
     100    2819       0       0       0       0    5197       000010000D0005195
     100       0       0       1       0                               0D0005196
     124    2820       0       0       0       0       0       000000000D0005197
     124       0       0       1       0                               0D0005198
     144    2821       0       0       0       0       0       000020000D0005199
     144       0       0       1       0                               0D0005200
     120    2822       0       0       0       0    5203       000010000D0005201
     120       0       0       1       0                               0D0005202
     124    2823       0       0       0       0       0       000000000D0005203
     124       0       0       1       0                               0D0005204
     110    2824       0       0       0       0       0       000010000D0005205
     110       0       0       1       0                               0D0005206
     110    2825       0       0       0       0       0       000010000D0005207
     110       0       0       1       0                               0D0005208
     142    2826       0       0       0       0       0       000010500D0005209
     142       0       0       1       0                               0D0005210
     102    2827       0       0       0       0       0       000010000D0005211
     102       0       0       1       0                               0D0005212
     110    2828       0       0       0       0       0       000010000D0005213
     110       0       0       2       0                               0D0005214
     110    2830       0       0       0       0       0       000010000D0005215
     110       0       0       1       0                               0D0005216
     110    2831       0       0       0       0       0       000010000D0005217
     110       0       0       1       0                               0D0005218
     110    2832       0       0       0       0       0       000010000D0005219
     110       0       0       1       0                               0D0005220
     102    2833       0       0       0       0       0       000010000D0005221
     102       0       0       1       0                               0D0005222
     100    2834       0       0       0       0    5225       000010000D0005223
     100       0       0       1       0                               0D0005224
     124    2835       0       0       0       0       0       000000000D0005225
     124       0       0       1       0                               0D0005226
     110    2836       0       0       0       0       0       000010000D0005227
     110       0       0       1       0                               0D0005228
     100    2837       0       0       0       0    5231       000010000D0005229
     100       0       0       1       0                               0D0005230
     124    2838       0       0       0       0       0       000000000D0005231
     124       0       0       1       0                               0D0005232
     110    2839       0       0       0       0       0       000010000D0005233
     110       0       0       1       0                               0D0005234
     144    2840       0       0       0       0       0       000020000D0005235
     144       0       0       1       0                               0D0005236
     120    2841       0       0       0       0    5239       000010000D0005237
     120       0       0       1       0                               0D0005238
     124    2842       0       0       0       0       0       000000000D0005239
     124       0       0       1       0                               0D0005240
     110    2843       0       0       0       0       0       000010000D0005241
     110       0       0       1       0                               0D0005242
     110    2844       0       0       0       0       0       000010000D0005243
     110       0       0       1       0                               0D0005244
     142    2845       0       0       0       0       0       000010500D0005245
     142       0       0       1       0                               0D0005246
     102    2846       0       0       0       0       0       000010000D0005247
     102       0       0       1       0                               0D0005248
     110    2847       0       0       0       0       0       000010000D0005249
     110       0       0       1       0                               0D0005250
     110    2848       0       0       0       0       0       000010000D0005251
     110       0       0       1       0                               0D0005252
     110    2849       0       0       0       0       0       000010000D0005253
     110       0       0       1       0                               0D0005254
     110    2850       0       0       0       0       0       000010000D0005255
     110       0       0       1       0                               0D0005256
     102    2851       0       0       0       0       0       000010000D0005257
     102       0       0       1       0                               0D0005258
     100    2852       0       0       0       0    5261       000010000D0005259
     100       0       0       1       0                               0D0005260
     124    2853       0       0       0       0       0       000000000D0005261
     124       0       0       1       0                               0D0005262
     110    2854       0       0       0       0       0       000010000D0005263
     110       0       0       1       0                               0D0005264
     100    2855       0       0       0       0    5267       000010000D0005265
     100       0       0       1       0                               0D0005266
     124    2856       0       0       0       0       0       000000000D0005267
     124       0       0       1       0                               0D0005268
     110    2857       0       0       0       0       0       000010000D0005269
     110       0       0       1       0                               0D0005270
     144    2858       0       0       0       0       0       000020000D0005271
     144       0       0       1       0                               0D0005272
     108    2859       0       0       0       0       0       000010000D0005273
     108       0       0       1       0                               0D0005274
     142    2860       0       0       0       0       0       000010500D0005275
     142       0       0       1       0                               0D0005276
     102    2861       0       0       0       0       0       000010000D0005277
     102       0       0       1       0                               0D0005278
     100    2862       0       0       0       0    5281       000010000D0005279
     100       0       0       1       0                               0D0005280
     124    2863       0       0       0       0       0       000000000D0005281
     124       0       0       1       0                               0D0005282
     100    2864       0       0       0       0    5285       000010000D0005283
     100       0       0       1       0                               0D0005284
     124    2865       0       0       0       0       0       000000000D0005285
     124       0       0       1       0                               0D0005286
     144    2866       0       0       0       0       0       000020000D0005287
     144       0       0       1       0                               0D0005288
     120    2867       0       0       0       0    5291       000010000D0005289
     120       0       0       1       0                               0D0005290
     124    2868       0       0       0       0       0       000000000D0005291
     124       0       0       1       0                               0D0005292
     110    2869       0       0       0       0       0       000010000D0005293
     110       0       0       1       0                               0D0005294
     110    2870       0       0       0       0       0       000010000D0005295
     110       0       0       1       0                               0D0005296
     142    2871       0       0       0       0       0       000010500D0005297
     142       0       0       1       0                               0D0005298
     102    2872       0       0       0       0       0       000010000D0005299
     102       0       0       1       0                               0D0005300
     110    2873       0       0       0       0       0       000010000D0005301
     110       0       0       2       0                               0D0005302
     110    2875       0       0       0       0       0       000010000D0005303
     110       0       0       1       0                               0D0005304
     110    2876       0       0       0       0       0       000010000D0005305
     110       0       0       1       0                               0D0005306
     110    2877       0       0       0       0       0       000010000D0005307
     110       0       0       1       0                               0D0005308
     102    2878       0       0       0       0       0       000010000D0005309
     102       0       0       1       0                               0D0005310
     100    2879       0       0       0       0    5313       000010000D0005311
     100       0       0       1       0                               0D0005312
     124    2880       0       0       0       0       0       000000000D0005313
     124       0       0       1       0                               0D0005314
     110    2881       0       0       0       0       0       000010000D0005315
     110       0       0       1       0                               0D0005316
     100    2882       0       0       0       0    5319       000010000D0005317
     100       0       0       1       0                               0D0005318
     124    2883       0       0       0       0       0       000000000D0005319
     124       0       0       1       0                               0D0005320
     110    2884       0       0       0       0       0       000010000D0005321
     110       0       0       1       0                               0D0005322
     144    2885       0       0       0       0       0       000020000D0005323
     144       0       0       1       0                               0D0005324
     120    2886       0       0       0       0    5327       000010000D0005325
     120       0       0       1       0                               0D0005326
     124    2887       0       0       0       0       0       000000000D0005327
     124       0       0       1       0                               0D0005328
     110    2888       0       0       0       0       0       000010000D0005329
     110       0       0       1       0                               0D0005330
     110    2889       0       0       0       0       0       000010000D0005331
     110       0       0       1       0                               0D0005332
     142    2890       0       0       0       0       0       000010500D0005333
     142       0       0       1       0                               0D0005334
     102    2891       0       0       0       0       0       000010000D0005335
     102       0       0       1       0                               0D0005336
     110    2892       0       0       0       0       0       000010000D0005337
     110       0       0       1       0                               0D0005338
     110    2893       0       0       0       0       0       000010000D0005339
     110       0       0       1       0                               0D0005340
     110    2894       0       0       0       0       0       000010000D0005341
     110       0       0       1       0                               0D0005342
     110    2895       0       0       0       0       0       000010000D0005343
     110       0       0       1       0                               0D0005344
     102    2896       0       0       0       0       0       000010000D0005345
     102       0       0       1       0                               0D0005346
     100    2897       0       0       0       0    5349       000010000D0005347
     100       0       0       1       0                               0D0005348
     124    2898       0       0       0       0       0       000000000D0005349
     124       0       0       1       0                               0D0005350
     110    2899       0       0       0       0       0       000010000D0005351
     110       0       0       1       0                               0D0005352
     100    2900       0       0       0       0    5355       000010000D0005353
     100       0       0       1       0                               0D0005354
     124    2901       0       0       0       0       0       000000000D0005355
     124       0       0       1       0                               0D0005356
     110    2902       0       0       0       0       0       000010000D0005357
     110       0       0       1       0                               0D0005358
     144    2903       0       0       0       0       0       000020000D0005359
     144       0       0       1       0                               0D0005360
     108    2904       0       0       0       0       0       000010000D0005361
     108       0       0       1       0                               0D0005362
     142    2905       0       0       0       0       0       000010500D0005363
     142       0       0       1       0                               0D0005364
     102    2906       0       0       0       0       0       000010000D0005365
     102       0       0       1       0                               0D0005366
     100    2907       0       0       0       0    5369       000010000D0005367
     100       0       0       1       0                               0D0005368
     124    2908       0       0       0       0       0       000000000D0005369
     124       0       0       1       0                               0D0005370
     100    2909       0       0       0       0    5373       000010000D0005371
     100       0       0       1       0                               0D0005372
     124    2910       0       0       0       0       0       000000000D0005373
     124       0       0       1       0                               0D0005374
     144    2911       0       0       0       0       0       000020000D0005375
     144       0       0       1       0                               0D0005376
     120    2912       0       0       0       0    5379       000010000D0005377
     120       0       0       1       0                               0D0005378
     124    2913       0       0       0       0       0       000000000D0005379
     124       0       0       1       0                               0D0005380
     110    2914       0       0       0       0       0       000010000D0005381
     110       0       0       1       0                               0D0005382
     110    2915       0       0       0       0       0       000010000D0005383
     110       0       0       1       0                               0D0005384
     142    2916       0       0       0       0       0       000010500D0005385
     142       0       0       1       0                               0D0005386
     102    2917       0       0       0       0       0       000010000D0005387
     102       0       0       1       0                               0D0005388
     110    2918       0       0       0       0       0       000010000D0005389
     110       0       0       1       0                               0D0005390
     110    2919       0       0       0       0       0       000010000D0005391
     110       0       0       1       0                               0D0005392
     110    2920       0       0       0       0       0       000010000D0005393
     110       0       0       2       0                               0D0005394
     110    2922       0       0       0       0       0       000010000D0005395
     110       0       0       1       0                               0D0005396
     102    2923       0       0       0       0       0       000010000D0005397
     102       0       0       1       0                               0D0005398
     100    2924       0       0       0       0    5401       000010000D0005399
     100       0       0       1       0                               0D0005400
     124    2925       0       0       0       0       0       000000000D0005401
     124       0       0       2       0                               0D0005402
     110    2927       0       0       0       0       0       000010000D0005403
     110       0       0       2       0                               0D0005404
     100    2929       0       0       0       0    5407       000010000D0005405
     100       0       0       1       0                               0D0005406
     124    2930       0       0       0       0       0       000000000D0005407
     124       0       0       2       0                               0D0005408
     110    2932       0       0       0       0       0       000010000D0005409
     110       0       0       1       0                               0D0005410
     144    2933       0       0       0       0       0       000020000D0005411
     144       0       0       1       0                               0D0005412
     120    2934       0       0       0       0    5415       000010000D0005413
     120       0       0       1       0                               0D0005414
     124    2935       0       0       0       0       0       000000000D0005415
     124       0       0       1       0                               0D0005416
     110    2936       0       0       0       0       0       000010000D0005417
     110       0       0       1       0                               0D0005418
     110    2937       0       0       0       0       0       000010000D0005419
     110       0       0       1       0                               0D0005420
     142    2938       0       0       0       0       0       000010500D0005421
     142       0       0       1       0                               0D0005422
     102    2939       0       0       0       0       0       000010000D0005423
     102       0       0       1       0                               0D0005424
     110    2940       0       0       0       0       0       000010000D0005425
     110       0       0       1       0                               0D0005426
     110    2941       0       0       0       0       0       000010000D0005427
     110       0       0       1       0                               0D0005428
     110    2942       0       0       0       0       0       000010000D0005429
     110       0       0       2       0                               0D0005430
     110    2944       0       0       0       0       0       000010000D0005431
     110       0       0       1       0                               0D0005432
     102    2945       0       0       0       0       0       000010000D0005433
     102       0       0       1       0                               0D0005434
     100    2946       0       0       0       0    5437       000010000D0005435
     100       0       0       1       0                               0D0005436
     124    2947       0       0       0       0       0       000000000D0005437
     124       0       0       2       0                               0D0005438
     110    2949       0       0       0       0       0       000010000D0005439
     110       0       0       1       0                               0D0005440
     100    2950       0       0       0       0    5443       000010000D0005441
     100       0       0       1       0                               0D0005442
     124    2951       0       0       0       0       0       000000000D0005443
     124       0       0       2       0                               0D0005444
     110    2953       0       0       0       0       0       000010000D0005445
     110       0       0       2       0                               0D0005446
     144    2955       0       0       0       0       0       000020000D0005447
     144       0       0       1       0                               0D0005448
     120    2956       0       0       0       0    5451       000010000D0005449
     120       0       0       1       0                               0D0005450
     124    2957       0       0       0       0       0       000000000D0005451
     124       0       0       1       0                               0D0005452
     110    2958       0       0       0       0       0       000010000D0005453
     110       0       0       1       0                               0D0005454
     110    2959       0       0       0       0       0       000010000D0005455
     110       0       0       1       0                               0D0005456
     142    2960       0       0       0       0       0       000010500D0005457
     142       0       0       1       0                               0D0005458
     102    2961       0       0       0       0       0       000010000D0005459
     102       0       0       1       0                               0D0005460
     110    2962       0       0       0       0       0       000010000D0005461
     110       0       0       1       0                               0D0005462
     110    2963       0       0       0       0       0       000010000D0005463
     110       0       0       1       0                               0D0005464
     110    2964       0       0       0       0       0       000010000D0005465
     110       0       0       2       0                               0D0005466
     110    2966       0       0       0       0       0       000010000D0005467
     110       0       0       1       0                               0D0005468
     102    2967       0       0       0       0       0       000010000D0005469
     102       0       0       1       0                               0D0005470
     100    2968       0       0       0       0    5473       000010000D0005471
     100       0       0       1       0                               0D0005472
     124    2969       0       0       0       0       0       000000000D0005473
     124       0       0       2       0                               0D0005474
     110    2971       0       0       0       0       0       000010000D0005475
     110       0       0       1       0                               0D0005476
     100    2972       0       0       0       0    5479       000010000D0005477
     100       0       0       1       0                               0D0005478
     124    2973       0       0       0       0       0       000000000D0005479
     124       0       0       2       0                               0D0005480
     110    2975       0       0       0       0       0       000010000D0005481
     110       0       0       1       0                               0D0005482
     144    2976       0       0       0       0       0       000020000D0005483
     144       0       0       1       0                               0D0005484
     120    2977       0       0       0       0    5487       000010000D0005485
     120       0       0       1       0                               0D0005486
     124    2978       0       0       0       0       0       000000000D0005487
     124       0       0       1       0                               0D0005488
     110    2979       0       0       0       0       0       000010000D0005489
     110       0       0       1       0                               0D0005490
     110    2980       0       0       0       0       0       000010000D0005491
     110       0       0       1       0                               0D0005492
     142    2981       0       0       0       0       0       000010500D0005493
     142       0       0       1       0                               0D0005494
     102    2982       0       0       0       0       0       000010000D0005495
     102       0       0       1       0                               0D0005496
     110    2983       0       0       0       0       0       000010000D0005497
     110       0       0       2       0                               0D0005498
     110    2985       0       0       0       0       0       000010000D0005499
     110       0       0       1       0                               0D0005500
     110    2986       0       0       0       0       0       000010000D0005501
     110       0       0       1       0                               0D0005502
     110    2987       0       0       0       0       0       000010000D0005503
     110       0       0       1       0                               0D0005504
     102    2988       0       0       0       0       0       000010000D0005505
     102       0       0       1       0                               0D0005506
     100    2989       0       0       0       0    5509       000010000D0005507
     100       0       0       1       0                               0D0005508
     124    2990       0       0       0       0       0       000000000D0005509
     124       0       0       2       0                               0D0005510
     110    2992       0       0       0       0       0       000010000D0005511
     110       0       0       1       0                               0D0005512
     100    2993       0       0       0       0    5515       000010000D0005513
     100       0       0       1       0                               0D0005514
     124    2994       0       0       0       0       0       000000000D0005515
     124       0       0       2       0                               0D0005516
     110    2996       0       0       0       0       0       000010000D0005517
     110       0       0       1       0                               0D0005518
     144    2997       0       0       0       0       0       000020000D0005519
     144       0       0       1       0                               0D0005520
     120    2998       0       0       0       0    5523       000010000D0005521
     120       0       0       1       0                               0D0005522
     124    2999       0       0       0       0       0       000000000D0005523
     124       0       0       1       0                               0D0005524
     110    3000       0       0       0       0       0       000010000D0005525
     110       0       0       1       0                               0D0005526
     110    3001       0       0       0       0       0       000010000D0005527
     110       0       0       1       0                               0D0005528
     142    3002       0       0       0       0       0       000010500D0005529
     142       0       0       1       0                               0D0005530
     102    3003       0       0       0       0       0       000010000D0005531
     102       0       0       1       0                               0D0005532
     110    3004       0       0       0       0       0       000010000D0005533
     110       0       0       1       0                               0D0005534
     110    3005       0       0       0       0       0       000010000D0005535
     110       0       0       1       0                               0D0005536
     110    3006       0       0       0       0       0       000010000D0005537
     110       0       0       1       0                               0D0005538
     110    3007       0       0       0       0       0       000010000D0005539
     110       0       0       2       0                               0D0005540
     102    3009       0       0       0       0       0       000010000D0005541
     102       0       0       1       0                               0D0005542
     110    3010       0       0       0       0       0       000010000D0005543
     110       0       0       1       0                               0D0005544
     100    3011       0       0       0       0    5547       000010000D0005545
     100       0       0       1       0                               0D0005546
     124    3012       0       0       0       0       0       000000000D0005547
     124       0       0       2       0                               0D0005548
     110    3014       0       0       0       0       0       000010000D0005549
     110       0       0       2       0                               0D0005550
     100    3016       0       0       0       0    5553       000010000D0005551
     100       0       0       1       0                               0D0005552
     124    3017       0       0       0       0       0       000000000D0005553
     124       0       0       2       0                               0D0005554
     144    3019       0       0       0       0       0       000020000D0005555
     144       0       0       1       0                               0D0005556
     120    3020       0       0       0       0    5559       000010000D0005557
     120       0       0       1       0                               0D0005558
     124    3021       0       0       0       0       0       000000000D0005559
     124       0       0       1       0                               0D0005560
     110    3022       0       0       0       0       0       000010000D0005561
     110       0       0       1       0                               0D0005562
     110    3023       0       0       0       0       0       000010000D0005563
     110       0       0       1       0                               0D0005564
     142    3024       0       0       0       0       0       000010500D0005565
     142       0       0       1       0                               0D0005566
     102    3025       0       0       0       0       0       000010000D0005567
     102       0       0       1       0                               0D0005568
     110    3026       0       0       0       0       0       000010000D0005569
     110       0       0       1       0                               0D0005570
     110    3027       0       0       0       0       0       000010000D0005571
     110       0       0       2       0                               0D0005572
     110    3029       0       0       0       0       0       000010000D0005573
     110       0       0       1       0                               0D0005574
     110    3030       0       0       0       0       0       000010000D0005575
     110       0       0       1       0                               0D0005576
     110    3031       0       0       0       0       0       000010000D0005577
     110       0       0       1       0                               0D0005578
     102    3032       0       0       0       0       0       000010000D0005579
     102       0       0       1       0                               0D0005580
     110    3033       0       0       0       0       0       000010000D0005581
     110       0       0       1       0                               0D0005582
     100    3034       0       0       0       0    5585       000010000D0005583
     100       0       0       1       0                               0D0005584
     124    3035       0       0       0       0       0       000000000D0005585
     124       0       0       2       0                               0D0005586
     110    3037       0       0       0       0       0       000010000D0005587
     110       0       0       1       0                               0D0005588
     100    3038       0       0       0       0    5591       000010000D0005589
     100       0       0       1       0                               0D0005590
     124    3039       0       0       0       0       0       000000000D0005591
     124       0       0       2       0                               0D0005592
     100    3041       0       0       0       0    5595       000010000D0005593
     100       0       0       1       0                               0D0005594
     124    3042       0       0       0       0       0       000000000D0005595
     124       0       0       2       0                               0D0005596
     144    3044       0       0       0       0       0       000020000D0005597
     144       0       0       1       0                               0D0005598
     108    3045       0       0       0       0       0       000010000D0005599
     108       0       0       1       0                               0D0005600
     142    3046       0       0       0       0       0       000010500D0005601
     142       0       0       1       0                               0D0005602
     102    3047       0       0       0       0       0       000010000D0005603
     102       0       0       1       0                               0D0005604
     110    3048       0       0       0       0       0       000010000D0005605
     110       0       0       1       0                               0D0005606
     110    3049       0       0       0       0       0       000010000D0005607
     110       0       0       1       0                               0D0005608
     126    3050       0       0       0       0       0       000010000D0005609
     126       0       0       5       0                               0D0005610
     126    3055       0       0       0       0       0       000010000D0005611
     126       0       0       5       0                               0D0005612
     110    3060       0       0       0       0       0       000010000D0005613
     110       0       0       1       0                               0D0005614
     144    3061       0       0       0       0       0       000020000D0005615
     144       0       0       1       0                               0D0005616
     120    3062       0       0       0       0    5619       000010000D0005617
     120       0       0       1       0                               0D0005618
     124    3063       0       0       0       0       0       000000000D0005619
     124       0       0       1       0                               0D0005620
     110    3064       0       0       0       0       0       000010000D0005621
     110       0       0       1       0                               0D0005622
     110    3065       0       0       0       0       0       000010000D0005623
     110       0       0       1       0                               0D0005624
     142    3066       0       0       0       0       0       000010500D0005625
     142       0       0       1       0                               0D0005626
     102    3067       0       0       0       0       0       000010000D0005627
     102       0       0       1       0                               0D0005628
     126    3068       0       0       0       0       0       000010000D0005629
     126       0       0      19       0                               0D0005630
     110    3087       0       0       0       0       0       000010000D0005631
     110       0       0       2       0                               0D0005632
     126    3089       0       0       0       0       0       000010000D0005633
     126       0       0      20       0                               0D0005634
     110    3109       0       0       0       0       0       000010000D0005635
     110       0       0       1       0                               0D0005636
     102    3110       0       0       0       0       0       000010000D0005637
     102       0       0       1       0                               0D0005638
     126    3111       0       0       0       0       0       000010000D0005639
     126       0       0       6       0                               0D0005640
     100    3117       0       0       0       0    5643       000010000D0005641
     100       0       0       1       0                               0D0005642
     124    3118       0       0       0       0       0       000000000D0005643
     124       0       0       2       0                               0D0005644
     126    3120       0       0       0       0       0       000010000D0005645
     126       0       0       6       0                               0D0005646
     100    3126       0       0       0       0    5649       000010000D0005647
     100       0       0       1       0                               0D0005648
     124    3127       0       0       0       0       0       000000000D0005649
     124       0       0       2       0                               0D0005650
     144    3129       0       0       0       0       0       000020000D0005651
     144       0       0       1       0                               0D0005652
     120    3130       0       0       0       0    5655       000010000D0005653
     120       0       0       1       0                               0D0005654
     124    3131       0       0       0       0       0       000000000D0005655
     124       0       0       1       0                               0D0005656
     110    3132       0       0       0       0       0       000010000D0005657
     110       0       0       1       0                               0D0005658
     110    3133       0       0       0       0       0       000010000D0005659
     110       0       0       1       0                               0D0005660
     142    3134       0       0       0       0       0       000010500D0005661
     142       0       0       1       0                               0D0005662
     102    3135       0       0       0       0       0       000010000D0005663
     102       0       0       1       0                               0D0005664
     110    3136       0       0       0       0       0       000010000D0005665
     110       0       0       1       0                               0D0005666
     126    3137       0       0       0       0       0       000010000D0005667
     126       0       0      18       0                               0D0005668
     110    3155       0       0       0       0       0       000010000D0005669
     110       0       0       2       0                               0D0005670
     126    3157       0       0       0       0       0       000010000D0005671
     126       0       0      19       0                               0D0005672
     102    3176       0       0       0       0       0       000010000D0005673
     102       0       0       1       0                               0D0005674
     100    3177       0       0       0       0    5677       000010000D0005675
     100       0       0       1       0                               0D0005676
     124    3178       0       0       0       0       0       000000000D0005677
     124       0       0       2       0                               0D0005678
     126    3180       0       0       0       0       0       000010000D0005679
     126       0       0       6       0                               0D0005680
     100    3186       0       0       0       0    5683       000010000D0005681
     100       0       0       1       0                               0D0005682
     124    3187       0       0       0       0       0       000000000D0005683
     124       0       0       1       0                               0D0005684
     126    3188       0       0       0       0       0       000010000D0005685
     126       0       0       5       0                               0D0005686
     144    3193       0       0       0       0       0       000020000D0005687
     144       0       0       1       0                               0D0005688
     120    3194       0       0       0       0    5691       000010000D0005689
     120       0       0       1       0                               0D0005690
     124    3195       0       0       0       0       0       000000000D0005691
     124       0       0       1       0                               0D0005692
     110    3196       0       0       0       0       0       000010000D0005693
     110       0       0       1       0                               0D0005694
     110    3197       0       0       0       0       0       000010000D0005695
     110       0       0       1       0                               0D0005696
     142    3198       0       0       0       0       0       000010500D0005697
     142       0       0       1       0                               0D0005698
     102    3199       0       0       0       0       0       000010000D0005699
     102       0       0       1       0                               0D0005700
     110    3200       0       0       0       0       0       000010000D0005701
     110       0       0       2       0                               0D0005702
     126    3202       0       0       0       0       0       000010000D0005703
     126       0       0      19       0                               0D0005704
     110    3221       0       0       0       0       0       000010000D0005705
     110       0       0       1       0                               0D0005706
     126    3222       0       0       0       0       0       000010000D0005707
     126       0       0      19       0                               0D0005708
     102    3241       0       0       0       0       0       000010000D0005709
     102       0       0       1       0                               0D0005710
     100    3242       0       0       0       0    5713       000010000D0005711
     100       0       0       1       0                               0D0005712
     124    3243       0       0       0       0       0       000000000D0005713
     124       0       0       2       0                               0D0005714
     126    3245       0       0       0       0       0       000010000D0005715
     126       0       0       6       0                               0D0005716
     100    3251       0       0       0       0    5719       000010000D0005717
     100       0       0       1       0                               0D0005718
     124    3252       0       0       0       0       0       000000000D0005719
     124       0       0       2       0                               0D0005720
     126    3254       0       0       0       0       0       000010000D0005721
     126       0       0       5       0                               0D0005722
     144    3259       0       0       0       0       0       000020000D0005723
     144       0       0       1       0                               0D0005724
     120    3260       0       0       0       0    5727       000010000D0005725
     120       0       0       1       0                               0D0005726
     124    3261       0       0       0       0       0       000000000D0005727
     124       0       0       1       0                               0D0005728
     110    3262       0       0       0       0       0       000010000D0005729
     110       0       0       1       0                               0D0005730
     110    3263       0       0       0       0       0       000010000D0005731
     110       0       0       1       0                               0D0005732
     142    3264       0       0       0       0       0       000010500D0005733
     142       0       0       1       0                               0D0005734
     102    3265       0       0       0       0       0       000010000D0005735
     102       0       0       1       0                               0D0005736
     110    3266       0       0       0       0       0       000010000D0005737
     110       0       0       2       0                               0D0005738
     126    3268       0       0       0       0       0       000010000D0005739
     126       0       0      19       0                               0D0005740
     110    3287       0       0       0       0       0       000010000D0005741
     110       0       0       1       0                               0D0005742
     126    3288       0       0       0       0       0       000010000D0005743
     126       0       0      18       0                               0D0005744
     102    3306       0       0       0       0       0       000010000D0005745
     102       0       0       1       0                               0D0005746
     100    3307       0       0       0       0    5749       000010000D0005747
     100       0       0       1       0                               0D0005748
     124    3308       0       0       0       0       0       000000000D0005749
     124       0       0       2       0                               0D0005750
     126    3310       0       0       0       0       0       000010000D0005751
     126       0       0       5       0                               0D0005752
     100    3315       0       0       0       0    5755       000010000D0005753
     100       0       0       1       0                               0D0005754
     124    3316       0       0       0       0       0       000000000D0005755
     124       0       0       2       0                               0D0005756
     126    3318       0       0       0       0       0       000010000D0005757
     126       0       0       6       0                               0D0005758
     144    3324       0       0       0       0       0       000020000D0005759
     144       0       0       1       0                               0D0005760
     120    3325       0       0       0       0    5763       000010000D0005761
     120       0       0       1       0                               0D0005762
     124    3326       0       0       0       0       0       000000000D0005763
     124       0       0       1       0                               0D0005764
     110    3327       0       0       0       0       0       000010000D0005765
     110       0       0       1       0                               0D0005766
     110    3328       0       0       0       0       0       000010000D0005767
     110       0       0       1       0                               0D0005768
     142    3329       0       0       0       0       0       000010500D0005769
     142       0       0       1       0                               0D0005770
     102    3330       0       0       0       0       0       000010000D0005771
     102       0       0       1       0                               0D0005772
     110    3331       0       0       0       0       0       000010000D0005773
     110       0       0       2       0                               0D0005774
     126    3333       0       0       0       0       0       000010000D0005775
     126       0       0      19       0                               0D0005776
     110    3352       0       0       0       0       0       000010000D0005777
     110       0       0       1       0                               0D0005778
     126    3353       0       0       0       0       0       000010000D0005779
     126       0       0      19       0                               0D0005780
     102    3372       0       0       0       0       0       000010000D0005781
     102       0       0       1       0                               0D0005782
     100    3373       0       0       0       0    5785       000010000D0005783
     100       0       0       1       0                               0D0005784
     124    3374       0       0       0       0       0       000000000D0005785
     124       0       0       1       0                               0D0005786
     126    3375       0       0       0       0       0       000010000D0005787
     126       0       0       6       0                               0D0005788
     100    3381       0       0       0       0    5791       000010000D0005789
     100       0       0       1       0                               0D0005790
     124    3382       0       0       0       0       0       000000000D0005791
     124       0       0       2       0                               0D0005792
     126    3384       0       0       0       0       0       000010000D0005793
     126       0       0       5       0                               0D0005794
     144    3389       0       0       0       0       0       000020000D0005795
     144       0       0       1       0                               0D0005796
     120    3390       0       0       0       0    5799       000010000D0005797
     120       0       0       1       0                               0D0005798
     124    3391       0       0       0       0       0       000000000D0005799
     124       0       0       1       0                               0D0005800
     110    3392       0       0       0       0       0       000010000D0005801
     110       0       0       1       0                               0D0005802
     110    3393       0       0       0       0       0       000010000D0005803
     110       0       0       1       0                               0D0005804
     142    3394       0       0       0       0       0       000010500D0005805
     142       0       0       1       0                               0D0005806
     102    3395       0       0       0       0       0       000010000D0005807
     102       0       0       1       0                               0D0005808
     110    3396       0       0       0       0       0       000010000D0005809
     110       0       0       2       0                               0D0005810
     110    3398       0       0       0       0       0       000010000D0005811
     110       0       0       1       0                               0D0005812
     110    3399       0       0       0       0       0       000010000D0005813
     110       0       0       1       0                               0D0005814
     126    3400       0       0       0       0       0       000010000D0005815
     126       0       0      19       0                               0D0005816
     102    3419       0       0       0       0       0       000010000D0005817
     102       0       0       1       0                               0D0005818
     100    3420       0       0       0       0    5821       000010000D0005819
     100       0       0       1       0                               0D0005820
     124    3421       0       0       0       0       0       000000000D0005821
     124       0       0       2       0                               0D0005822
     110    3423       0       0       0       0       0       000010000D0005823
     110       0       0       1       0                               0D0005824
     100    3424       0       0       0       0    5827       000010000D0005825
     100       0       0       1       0                               0D0005826
     124    3425       0       0       0       0       0       000000000D0005827
     124       0       0       2       0                               0D0005828
     126    3427       0       0       0       0       0       000010000D0005829
     126       0       0       6       0                               0D0005830
     144    3433       0       0       0       0       0       000020000D0005831
     144       0       0       1       0                               0D0005832
     108    3434       0       0       0       0       0       000010000D0005833
     108       0       0       1       0                               0D0005834
     142    3435       0       0       0       0       0       000010500D0005835
     142       0       0       1       0                               0D0005836
     102    3436       0       0       0       0       0       000010000D0005837
     102       0       0       1       0                               0D0005838
     110    3437       0       0       0       0       0       000010000D0005839
     110       0       0       1       0                               0D0005840
     110    3438       0       0       0       0       0       000010000D0005841
     110       0       0       2       0                               0D0005842
     126    3440       0       0       0       0       0       000010000D0005843
     126       0       0       6       0                               0D0005844
     126    3446       0       0       0       0       0       000010000D0005845
     126       0       0       6       0                               0D0005846
     110    3452       0       0       0       0       0       000010000D0005847
     110       0       0       2       0                               0D0005848
     144    3454       0       0       0       0       0       000020000D0005849
     144       0       0       1       0                               0D0005850
     108    3455       0       0       0       0       0       000010000D0005851
     108       0       0       1       0                               0D0005852
     142    3456       0       0       0       0       0       000010500D0005853
     142       0       0       1       0                               0D0005854
     102    3457       0       0       0       0       0       000010000D0005855
     102       0       0       1       0                               0D0005856
     100    3458       0       0       0       0    5859       000010000D0005857
     100       0       0       1       0                               0D0005858
     124    3459       0       0       0       0       0       000000000D0005859
     124       0       0       2       0                               0D0005860
     100    3461       0       0       0       0    5863       000010000D0005861
     100       0       0       1       0                               0D0005862
     124    3462       0       0       0       0       0       000000000D0005863
     124       0       0       1       0                               0D0005864
     100    3463       0       0       0       0    5867       000010000D0005865
     100       0       0       1       0                               0D0005866
     124    3464       0       0       0       0       0       000000000D0005867
     124       0       0       2       0                               0D0005868
     100    3466       0       0       0       0    5871       000010000D0005869
     100       0       0       1       0                               0D0005870
     124    3467       0       0       0       0       0       000000000D0005871
     124       0       0       2       0                               0D0005872
     100    3469       0       0       0       0    5875       000010000D0005873
     100       0       0       1       0                               0D0005874
     124    3470       0       0       0       0       0       000000000D0005875
     124       0       0       1       0                               0D0005876
     100    3471       0       0       0       0    5879       000010000D0005877
     100       0       0       1       0                               0D0005878
     124    3472       0       0       0       0       0       000000000D0005879
     124       0       0       2       0                               0D0005880
     100    3474       0       0       0       0    5883       000010000D0005881
     100       0       0       1       0                               0D0005882
     124    3475       0       0       0       0       0       000000000D0005883
     124       0       0       2       0                               0D0005884
     142    3477       0       0       0       0       0       000010500D0005885
     142       0       0       1       0                               0D0005886
     102    3478       0       0       0       0       0       000010000D0005887
     102       0       0       1       0                               0D0005888
     100    3479       0       0       0       0    5891       000010000D0005889
     100       0       0       1       0                               0D0005890
     124    3480       0       0       0       0       0       000000000D0005891
     124       0       0       1       0                               0D0005892
     100    3481       0       0       0       0    5895       000010000D0005893
     100       0       0       1       0                               0D0005894
     124    3482       0       0       0       0       0       000000000D0005895
     124       0       0       1       0                               0D0005896
     144    3483       0       0       0       0       0       000020000D0005897
     144       0       0       1       0                               0D0005898
     120    3484       0       0       0       0    5901       000010000D0005899
     120       0       0       1       0                               0D0005900
     124    3485       0       0       0       0       0       000000000D0005901
     124       0       0       1       1                               0D0005902
     110    3486       0       0       0       0       0       000010000D0005903
     110       0       0       1       0                               0D0005904
     110    3487       0       0       0       0       0       000010000D0005905
     110       0       0       1       0                               0D0005906
     142    3488       0       0       0       0       0       000010500D0005907
     142       0       0       1       0                               0D0005908
     102    3489       0       0       0       0       0       000010000D0005909
     102       0       0       1       0                               0D0005910
     110    3490       0       0       0       0       0       000010000D0005911
     110       0       0       1       0                               0D0005912
     110    3491       0       0       0       0       0       000010000D0005913
     110       0       0       1       0                               0D0005914
     110    3492       0       0       0       0       0       000010000D0005915
     110       0       0       2       0                               0D0005916
     110    3494       0       0       0       0       0       000010000D0005917
     110       0       0       1       0                               0D0005918
     102    3495       0       0       0       0       0       000010000D0005919
     102       0       0       1       0                               0D0005920
     100    3496       0       0       0       0    5923       000010000D0005921
     100       0       0       1       0                               0D0005922
     124    3497       0       0       0       0       0       000000000D0005923
     124       0       0       1       0                               0D0005924
     110    3498       0       0       0       0       0       000010000D0005925
     110       0       0       1       0                               0D0005926
     100    3499       0       0       0       0    5929       000010000D0005927
     100       0       0       1       0                               0D0005928
     124    3500       0       0       0       0       0       000000000D0005929
     124       0       0       1       0                               0D0005930
     110    3501       0       0       0       0       0       000010000D0005931
     110       0       0       1       0                               0D0005932
     144    3502       0       0       0       0       0       000020000D0005933
     144       0       0       1       0                               0D0005934
     120    3503       0       0       0       0    5937       000010000D0005935
     120       0       0       1       0                               0D0005936
     124    3504       0       0       0       0       0       000000000D0005937
     124       0       0       1       1                               0D0005938
     110    3505       0       0       0       0       0       000010000D0005939
     110       0       0       1       0                               0D0005940
     110    3506       0       0       0       0       0       000010000D0005941
     110       0       0       1       0                               0D0005942
     142    3507       0       0       0       0       0       000010500D0005943
     142       0       0       1       0                               0D0005944
     102    3508       0       0       0       0       0       000010000D0005945
     102       0       0       1       0                               0D0005946
     110    3509       0       0       0       0       0       000010000D0005947
     110       0       0       2       0                               0D0005948
     110    3511       0       0       0       0       0       000010000D0005949
     110       0       0       1       0                               0D0005950
     110    3512       0       0       0       0       0       000010000D0005951
     110       0       0       1       0                               0D0005952
     110    3513       0       0       0       0       0       000010000D0005953
     110       0       0       1       0                               0D0005954
     102    3514       0       0       0       0       0       000010000D0005955
     102       0       0       1       0                               0D0005956
     100    3515       0       0       0       0    5959       000010000D0005957
     100       0       0       1       0                               0D0005958
     124    3516       0       0       0       0       0       000000000D0005959
     124       0       0       1       0                               0D0005960
     110    3517       0       0       0       0       0       000010000D0005961
     110       0       0       1       0                               0D0005962
     100    3518       0       0       0       0    5965       000010000D0005963
     100       0       0       1       0                               0D0005964
     124    3519       0       0       0       0       0       000000000D0005965
     124       0       0       1       0                               0D0005966
     110    3520       0       0       0       0       0       000010000D0005967
     110       0       0       1       0                               0D0005968
     144    3521       0       0       0       0       0       000020000D0005969
     144       0       0       1       0                               0D0005970
     120    3522       0       0       0       0    5973       000010000D0005971
     120       0       0       1       0                               0D0005972
     124    3523       0       0       0       0       0       000000000D0005973
     124       0       0       1       1                               0D0005974
     110    3524       0       0       0       0       0       000010000D0005975
     110       0       0       1       0                               0D0005976
     110    3525       0       0       0       0       0       000010000D0005977
     110       0       0       1       0                               0D0005978
     142    3526       0       0       0       0       0       000010500D0005979
     142       0       0       1       0                               0D0005980
     102    3527       0       0       0       0       0       000010000D0005981
     102       0       0       1       0                               0D0005982
     110    3528       0       0       0       0       0       000010000D0005983
     110       0       0       1       0                               0D0005984
     110    3529       0       0       0       0       0       000010000D0005985
     110       0       0       1       0                               0D0005986
     126    3530       0       0       0       0       0       000010000D0005987
     126       0       0      20       0                               0D0005988
     102    3550       0       0       0       0       0       000010000D0005989
     102       0       0       1       0                               0D0005990
     110    3551       0       0       0       0       0       000010000D0005991
     110       0       0       1       0                               0D0005992
     100    3552       0       0       0       0    5995       000010000D0005993
     100       0       0       1       0                               0D0005994
     124    3553       0       0       0       0       0       000000000D0005995
     124       0       0       1       0                               0D0005996
     110    3554       0       0       0       0       0       000010000D0005997
     110       0       0       1       0                               0D0005998
     144    3555       0       0       0       0       0       000020000D0005999
     144       0       0       1       0                               0D0006000
     120    3556       0       0       0       0    6003       000010000D0006001
     120       0       0       1       0                               0D0006002
     124    3557       0       0       0       0       0       000000000D0006003
     124       0       0       1       1                               0D0006004
     110    3558       0       0       0       0       0       000010000D0006005
     110       0       0       1       0                               0D0006006
     110    3559       0       0       0       0       0       000010000D0006007
     110       0       0       1       0                               0D0006008
     142    3560       0       0       0       0       0       000010500D0006009
     142       0       0       1       0                               0D0006010
     102    3561       0       0       0       0       0       000010000D0006011
     102       0       0       1       0                               0D0006012
     110    3562       0       0       0       0       0       000010000D0006013
     110       0       0       1       0                               0D0006014
     110    3563       0       0       0       0       0       000010000D0006015
     110       0       0       1       0                               0D0006016
     126    3564       0       0       0       0       0       000010000D0006017
     126       0       0      20       0                               0D0006018
     102    3584       0       0       0       0       0       000010000D0006019
     102       0       0       1       0                               0D0006020
     100    3585       0       0       0       0    6023       000010000D0006021
     100       0       0       1       0                               0D0006022
     124    3586       0       0       0       0       0       000000000D0006023
     124       0       0       1       0                               0D0006024
     110    3587       0       0       0       0       0       000010000D0006025
     110       0       0       1       0                               0D0006026
     110    3588       0       0       0       0       0       000010000D0006027
     110       0       0       1       0                               0D0006028
     144    3589       0       0       0       0       0       000020000D0006029
     144       0       0       1       0                               0D0006030
     120    3590       0       0       0       0    6033       000010000D0006031
     120       0       0       1       0                               0D0006032
     124    3591       0       0       0       0       0       000000000D0006033
     124       0       0       1       0                               0D0006034
     110    3592       0       0       0       0       0       000010000D0006035
     110       0       0       1       0                               0D0006036
     110    3593       0       0       0       0       0       000010000D0006037
     110       0       0       1       0                               0D0006038
     142    3594       0       0       0       0       0       000010500D0006039
     142       0       0       1       0                               0D0006040
     102    3595       0       0       0       0       0       000010000D0006041
     102       0       0       1       0                               0D0006042
     110    3596       0       0       0       0       0       000010000D0006043
     110       0       0       1       0                               0D0006044
     110    3597       0       0       0       0       0       000010000D0006045
     110       0       0       1       0                               0D0006046
     110    3598       0       0       0       0       0       000010000D0006047
     110       0       0       2       0                               0D0006048
     126    3600       0       0       0       0       0       000010000D0006049
     126       0       0      19       0                               0D0006050
     102    3619       0       0       0       0       0       000010000D0006051
     102       0       0       1       0                               0D0006052
     100    3620       0       0       0       0    6055       000010000D0006053
     100       0       0       1       0                               0D0006054
     124    3621       0       0       0       0       0       000000000D0006055
     124       0       0       2       0                               0D0006056
     110    3623       0       0       0       0       0       000010000D0006057
     110       0       0       1       0                               0D0006058
     100    3624       0       0       0       0    6061       000010000D0006059
     100       0       0       1       0                               0D0006060
     124    3625       0       0       0       0       0       000000000D0006061
     124       0       0       2       0                               0D0006062
     126    3627       0       0       0       0       0       000010000D0006063
     126       0       0       6       0                               0D0006064
     144    3633       0       0       0       0       0       000020000D0006065
     144       0       0       1       0                               0D0006066
     108    3634       0       0       0       0       0       000010000D0006067
     108       0       0       1       0                               0D0006068
     142    3635       0       0       0       0       0       000010500D0006069
     142       0       0       1       0                               0D0006070
     102    3636       0       0       0       0       0       000010000D0006071
     102       0       0       1       0                               0D0006072
     110    3637       0       0       0       0       0       000010000D0006073
     110       0       0       1       0                               0D0006074
     110    3638       0       0       0       0       0       000010000D0006075
     110       0       0       1       0                               0D0006076
     126    3639       0       0       0       0       0       000010000D0006077
     126       0       0       6       0                               0D0006078
     126    3645       0       0       0       0       0       000010000D0006079
     126       0       0       6       0                               0D0006080
     110    3651       0       0       0       0       0       000010000D0006081
     110       0       0       1       0                               0D0006082
     144    3652       0       0       0       0       0       000020000D0006083
     144       0       0       1       0                               0D0006084
     108    3653       0       0       0       0       0       000010000D0006085
     108       0       0       1       0                               0D0006086
     142    3654       0       0       0       0       0       000010500D0006087
     142       0       0       1       0                               0D0006088
     102    3655       0       0       0       0       0       000010000D0006089
     102       0       0       1       0                               0D0006090
     110    3656       0       0       0       0       0       000010000D0006091
     110       0       0       1       0                               0D0006092
     110    3657       0       0       0       0       0       000010000D0006093
     110       0       0       1       0                               0D0006094
     126    3658       0       0       0       0       0       000010000D0006095
     126       0       0       6       0                               0D0006096
     126    3664       0       0       0       0       0       000010000D0006097
     126       0       0       6       0                               0D0006098
     110    3670       0       0       0       0       0       000010000D0006099
     110       0       0       1       0                               0D0006100
     144    3671       0       0       0       0       0       000020000D0006101
     144       0       0       1       0                               0D0006102
     108    3672       0       0       0       0       0       000010000D0006103
     108       0       0       1       0                               0D0006104
     142    3673       0       0       0       0       0       000010500D0006105
     142       0       0       1       0                               0D0006106
     102    3674       0       0       0       0       0       000010000D0006107
     102       0       0       1       0                               0D0006108
     110    3675       0       0       0       0       0       000010000D0006109
     110       0       0       1       0                               0D0006110
     110    3676       0       0       0       0       0       000010000D0006111
     110       0       0       1       0                               0D0006112
     126    3677       0       0       0       0       0       000010000D0006113
     126       0       0       5       0                               0D0006114
     126    3682       0       0       0       0       0       000010000D0006115
     126       0       0       5       0                               0D0006116
     110    3687       0       0       0       0       0       000010000D0006117
     110       0       0       1       0                               0D0006118
     144    3688       0       0       0       0       0       000020000D0006119
     144       0       0       1       0                               0D0006120
     108    3689       0       0       0       0       0       000010000D0006121
     108       0       0       2       0                               0D0006122
     142    3691       0       0       0       0       0       000010500D0006123
     142       0       0       1       0                               0D0006124
     102    3692       0       0       0       0       0       000010000D0006125
     102       0       0       1       0                               0D0006126
     110    3693       0       0       0       0       0       000010000D0006127
     110       0       0       1       0                               0D0006128
     110    3694       0       0       0       0       0       000010000D0006129
     110       0       0       2       0                               0D0006130
     126    3696       0       0       0       0       0       000010000D0006131
     126       0       0       7       0                               0D0006132
     126    3703       0       0       0       0       0       000010000D0006133
     126       0       0       6       0                               0D0006134
     110    3709       0       0       0       0       0       000010000D0006135
     110       0       0       1       0                               0D0006136
     144    3710       0       0       0       0       0       000020000D0006137
     144       0       0       1       0                               0D0006138
     120    3711       0       0       0       0    6141       000010000D0006139
     120       0       0       1       0                               0D0006140
     124    3712       0       0       0       0       0       000000000D0006141
     124       0       0       1       0                               0D0006142
     110    3713       0       0       0       0       0       000010000D0006143
     110       0       0       1       0                               0D0006144
     110    3714       0       0       0       0       0       000010000D0006145
     110       0       0       1       0                               0D0006146
     142    3715       0       0       0       0       0       000010500D0006147
     142       0       0       1       0                               0D0006148
     102    3716       0       0       0       0       0       000010000D0006149
     102       0       0       1       0                               0D0006150
     110    3717       0       0       0       0       0       000010000D0006151
     110       0       0       1       0                               0D0006152
     110    3718       0       0       0       0       0       000010000D0006153
     110       0       0       1       0                               0D0006154
     110    3719       0       0       0       0       0       000010000D0006155
     110       0       0       2       0                               0D0006156
     110    3721       0       0       0       0       0       000010000D0006157
     110       0       0       1       0                               0D0006158
     102    3722       0       0       0       0       0       000010000D0006159
     102       0       0       1       0                               0D0006160
     100    3723       0       0       0       0    6163       000010000D0006161
     100       0       0       1       0                               0D0006162
     124    3724       0       0       0       0       0       000000000D0006163
     124       0       0       2       0                               0D0006164
     110    3726       0       0       0       0       0       000010000D0006165
     110       0       0       2       0                               0D0006166
     100    3728       0       0       0       0    6169       000010000D0006167
     100       0       0       1       0                               0D0006168
     124    3729       0       0       0       0       0       000000000D0006169
     124       0       0       2       0                               0D0006170
     110    3731       0       0       0       0       0       000010000D0006171
     110       0       0       1       0                               0D0006172
     144    3732       0       0       0       0       0       000020000D0006173
     144       0       0       1       0                               0D0006174
     120    3733       0       0       0       0    6177       000010000D0006175
     120       0       0       1       0                               0D0006176
     124    3734       0       0       0       0       0       000000000D0006177
     124       0       0       1       0                               0D0006178
     110    3735       0       0       0       0       0       000010000D0006179
     110       0       0       1       0                               0D0006180
     110    3736       0       0       0       0       0       000010000D0006181
     110       0       0       1       0                               0D0006182
     142    3737       0       0       0       0       0       000010500D0006183
     142       0       0       1       0                               0D0006184
     102    3738       0       0       0       0       0       000010000D0006185
     102       0       0       1       0                               0D0006186
     110    3739       0       0       0       0       0       000010000D0006187
     110       0       0       1       0                               0D0006188
     110    3740       0       0       0       0       0       000010000D0006189
     110       0       0       1       0                               0D0006190
     110    3741       0       0       0       0       0       000010000D0006191
     110       0       0       2       0                               0D0006192
     110    3743       0       0       0       0       0       000010000D0006193
     110       0       0       1       0                               0D0006194
     102    3744       0       0       0       0       0       000010000D0006195
     102       0       0       1       0                               0D0006196
     100    3745       0       0       0       0    6199       000010000D0006197
     100       0       0       1       0                               0D0006198
     124    3746       0       0       0       0       0       000000000D0006199
     124       0       0       2       0                               0D0006200
     110    3748       0       0       0       0       0       000010000D0006201
     110       0       0       1       0                               0D0006202
     100    3749       0       0       0       0    6205       000010000D0006203
     100       0       0       1       0                               0D0006204
     124    3750       0       0       0       0       0       000000000D0006205
     124       0       0       2       0                               0D0006206
     110    3752       0       0       0       0       0       000010000D0006207
     110       0       0       2       0                               0D0006208
     144    3754       0       0       0       0       0       000020000D0006209
     144       0       0       1       0                               0D0006210
     120    3755       0       0       0       0    6213       000010000D0006211
     120       0       0       1       0                               0D0006212
     124    3756       0       0       0       0       0       000000000D0006213
     124       0       0       1       0                               0D0006214
     110    3757       0       0       0       0       0       000010000D0006215
     110       0       0       1       0                               0D0006216
     110    3758       0       0       0       0       0       000010000D0006217
     110       0       0       1       0                               0D0006218
     142    3759       0       0       0       0       0       000010500D0006219
     142       0       0       1       0                               0D0006220
     102    3760       0       0       0       0       0       000010000D0006221
     102       0       0       1       0                               0D0006222
     110    3761       0       0       0       0       0       000010000D0006223
     110       0       0       1       0                               0D0006224
     110    3762       0       0       0       0       0       000010000D0006225
     110       0       0       1       0                               0D0006226
     110    3763       0       0       0       0       0       000010000D0006227
     110       0       0       2       0                               0D0006228
     110    3765       0       0       0       0       0       000010000D0006229
     110       0       0       1       0                               0D0006230
     102    3766       0       0       0       0       0       000010000D0006231
     102       0       0       1       0                               0D0006232
     100    3767       0       0       0       0    6235       000010000D0006233
     100       0       0       1       0                               0D0006234
     124    3768       0       0       0       0       0       000000000D0006235
     124       0       0       2       0                               0D0006236
     110    3770       0       0       0       0       0       000010000D0006237
     110       0       0       2       0                               0D0006238
     100    3772       0       0       0       0    6241       000010000D0006239
     100       0       0       1       0                               0D0006240
     124    3773       0       0       0       0       0       000000000D0006241
     124       0       0       2       0                               0D0006242
     110    3775       0       0       0       0       0       000010000D0006243
     110       0       0       1       0                               0D0006244
     144    3776       0       0       0       0       0       000020000D0006245
     144       0       0       1       0                               0D0006246
     120    3777       0       0       0       0    6249       000010000D0006247
     120       0       0       1       0                               0D0006248
     124    3778       0       0       0       0       0       000000000D0006249
     124       0       0       1       0                               0D0006250
     110    3779       0       0       0       0       0       000010000D0006251
     110       0       0       1       0                               0D0006252
     110    3780       0       0       0       0       0       000010000D0006253
     110       0       0       1       0                               0D0006254
     142    3781       0       0       0       0       0       000010500D0006255
     142       0       0       1       0                               0D0006256
     102    3782       0       0       0       0       0       000010000D0006257
     102       0       0       1       0                               0D0006258
     110    3783       0       0       0       0       0       000010000D0006259
     110       0       0       2       0                               0D0006260
     110    3785       0       0       0       0       0       000010000D0006261
     110       0       0       1       0                               0D0006262
     110    3786       0       0       0       0       0       000010000D0006263
     110       0       0       1       0                               0D0006264
     110    3787       0       0       0       0       0       000010000D0006265
     110       0       0       1       0                               0D0006266
     102    3788       0       0       0       0       0       000010000D0006267
     102       0       0       1       0                               0D0006268
     100    3789       0       0       0       0    6271       000010000D0006269
     100       0       0       1       0                               0D0006270
     124    3790       0       0       0       0       0       000000000D0006271
     124       0       0       2       0                               0D0006272
     110    3792       0       0       0       0       0       000010000D0006273
     110       0       0       2       0                               0D0006274
     100    3794       0       0       0       0    6277       000010000D0006275
     100       0       0       1       0                               0D0006276
     124    3795       0       0       0       0       0       000000000D0006277
     124       0       0       2       0                               0D0006278
     110    3797       0       0       0       0       0       000010000D0006279
     110       0       0       1       0                               0D0006280
     144    3798       0       0       0       0       0       000020000D0006281
     144       0       0       1       0                               0D0006282
     120    3799       0       0       0       0    6285       000010000D0006283
     120       0       0       1       0                               0D0006284
     124    3800       0       0       0       0       0       000000000D0006285
     124       0       0       1       0                               0D0006286
     110    3801       0       0       0       0       0       000010000D0006287
     110       0       0       1       0                               0D0006288
     110    3802       0       0       0       0       0       000010000D0006289
     110       0       0       1       0                               0D0006290
     142    3803       0       0       0       0       0       000010500D0006291
     142       0       0       1       0                               0D0006292
     102    3804       0       0       0       0       0       000010000D0006293
     102       0       0       1       0                               0D0006294
     110    3805       0       0       0       0       0       000010000D0006295
     110       0       0       1       0                               0D0006296
     110    3806       0       0       0       0       0       000010000D0006297
     110       0       0       1       0                               0D0006298
     110    3807       0       0       0       0       0       000010000D0006299
     110       0       0       1       0                               0D0006300
     110    3808       0       0       0       0       0       000010000D0006301
     110       0       0       2       0                               0D0006302
     102    3810       0       0       0       0       0       000010000D0006303
     102       0       0       1       0                               0D0006304
     110    3811       0       0       0       0       0       000010000D0006305
     110       0       0       2       0                               0D0006306
     100    3813       0       0       0       0    6309       000010000D0006307
     100       0       0       1       0                               0D0006308
     124    3814       0       0       0       0       0       000000000D0006309
     124       0       0       2       0                               0D0006310
     110    3816       0       0       0       0       0       000010000D0006311
     110       0       0       2       0                               0D0006312
     100    3818       0       0       0       0    6315       000010000D0006313
     100       0       0       1       0                               0D0006314
     124    3819       0       0       0       0       0       000000000D0006315
     124       0       0       2       0                               0D0006316
     144    3821       0       0       0       0       0       000020000D0006317
     144       0       0       1       0                               0D0006318
     120    3822       0       0       0       0    6321       000010000D0006319
     120       0       0       1       0                               0D0006320
     124    3823       0       0       0       0       0       000000000D0006321
     124       0       0       1       0                               0D0006322
     110    3824       0       0       0       0       0       000010000D0006323
     110       0       0       1       0                               0D0006324
     110    3825       0       0       0       0       0       000010000D0006325
     110       0       0       1       0                               0D0006326
     142    3826       0       0       0       0       0       000010500D0006327
     142       0       0       1       0                               0D0006328
     102    3827       0       0       0       0       0       000010000D0006329
     102       0       0       1       0                               0D0006330
     110    3828       0       0       0       0       0       000010000D0006331
     110       0       0       1       0                               0D0006332
     110    3829       0       0       0       0       0       000010000D0006333
     110       0       0       2       0                               0D0006334
     110    3831       0       0       0       0       0       000010000D0006335
     110       0       0       2       0                               0D0006336
     110    3833       0       0       0       0       0       000010000D0006337
     110       0       0       1       0                               0D0006338
     110    3834       0       0       0       0       0       000010000D0006339
     110       0       0       1       0                               0D0006340
     102    3835       0       0       0       0       0       000010000D0006341
     102       0       0       1       0                               0D0006342
     110    3836       0       0       0       0       0       000010000D0006343
     110       0       0       1       0                               0D0006344
     100    3837       0       0       0       0    6347       000010000D0006345
     100       0       0       1       0                               0D0006346
     124    3838       0       0       0       0       0       000000000D0006347
     124       0       0       2       0                               0D0006348
     100    3840       0       0       0       0    6351       000010000D0006349
     100       0       0       1       0                               0D0006350
     124    3841       0       0       0       0       0       000000000D0006351
     124       0       0       2       0                               0D0006352
     110    3843       0       0       0       0       0       000010000D0006353
     110       0       0       2       0                               0D0006354
     100    3845       0       0       0       0    6357       000010000D0006355
     100       0       0       1       0                               0D0006356
     124    3846       0       0       0       0       0       000000000D0006357
     124       0       0       2       0                               0D0006358
     144    3848       0       0       0       0       0       000020000D0006359
     144       0       0       1       0                               0D0006360
     108    3849       0       0       0       0       0       000010000D0006361
     108       0       0       1       0                               0D0006362
     142    3850       0       0       0       0       0       000010500D0006363
     142       0       0       1       0                               0D0006364
     102    3851       0       0       0       0       0       000010000D0006365
     102       0       0       1       0                               0D0006366
     110    3852       0       0       0       0       0       000010000D0006367
     110       0       0       1       0                               0D0006368
     126    3853       0       0       0       0       0       000010000D0006369
     126       0       0       5       0                               0D0006370
     126    3858       0       0       0       0       0       000010000D0006371
     126       0       0       6       0                               0D0006372
     110    3864       0       0       0       0       0       000010000D0006373
     110       0       0       1       0                               0D0006374
     110    3865       0       0       0       0       0       000010000D0006375
     110       0       0       1       0                               0D0006376
     144    3866       0       0       0       0       0       000020000D0006377
     144       0       0       1       0                               0D0006378
     120    3867       0       0       0       0    6381       000010000D0006379
     120       0       0       1       0                               0D0006380
     124    3868       0       0       0       0       0       000000000D0006381
     124       0       0       1       0                               0D0006382
     110    3869       0       0       0       0       0       000010000D0006383
     110       0       0       1       0                               0D0006384
     110    3870       0       0       0       0       0       000010000D0006385
     110       0       0       1       0                               0D0006386
     142    3871       0       0       0       0       0       000010500D0006387
     142       0       0       1       0                               0D0006388
     102    3872       0       0       0       0       0       000010000D0006389
     102       0       0       1       0                               0D0006390
     126    3873       0       0       0       0       0       000010000D0006391
     126       0       0      19       0                               0D0006392
     110    3892       0       0       0       0       0       000010000D0006393
     110       0       0       1       0                               0D0006394
     126    3893       0       0       0       0       0       000010000D0006395
     126       0       0      18       0                               0D0006396
     110    3911       0       0       0       0       0       000010000D0006397
     110       0       0       2       0                               0D0006398
     102    3913       0       0       0       0       0       000010000D0006399
     102       0       0       1       0                               0D0006400
     126    3914       0       0       0       0       0       000010000D0006401
     126       0       0       6       0                               0D0006402
     100    3920       0       0       0       0    6405       000010000D0006403
     100       0       0       1       0                               0D0006404
     124    3921       0       0       0       0       0       000000000D0006405
     124       0       0       2       0                               0D0006406
     126    3923       0       0       0       0       0       000010000D0006407
     126       0       0       6       0                               0D0006408
     100    3929       0       0       0       0    6411       000010000D0006409
     100       0       0       1       0                               0D0006410
     124    3930       0       0       0       0       0       000000000D0006411
     124       0       0       2       0                               0D0006412
     144    3932       0       0       0       0       0       000020000D0006413
     144       0       0       1       0                               0D0006414
     120    3933       0       0       0       0    6417       000010000D0006415
     120       0       0       1       0                               0D0006416
     124    3934       0       0       0       0       0       000000000D0006417
     124       0       0       1       0                               0D0006418
     110    3935       0       0       0       0       0       000010000D0006419
     110       0       0       1       0                               0D0006420
     110    3936       0       0       0       0       0       000010000D0006421
     110       0       0       1       0                               0D0006422
     142    3937       0       0       0       0       0       000010500D0006423
     142       0       0       1       0                               0D0006424
     102    3938       0       0       0       0       0       000010000D0006425
     102       0       0       1       0                               0D0006426
     110    3939       0       0       0       0       0       000010000D0006427
     110       0       0       2       0                               0D0006428
     126    3941       0       0       0       0       0       000010000D0006429
     126       0       0      19       0                               0D0006430
     110    3960       0       0       0       0       0       000010000D0006431
     110       0       0       1       0                               0D0006432
     126    3961       0       0       0       0       0       000010000D0006433
     126       0       0      18       0                               0D0006434
     102    3979       0       0       0       0       0       000010000D0006435
     102       0       0       1       0                               0D0006436
     100    3980       0       0       0       0    6439       000010000D0006437
     100       0       0       1       0                               0D0006438
     124    3981       0       0       0       0       0       000000000D0006439
     124       0       0       1       0                               0D0006440
     126    3982       0       0       0       0       0       000010000D0006441
     126       0       0       6       0                               0D0006442
     100    3988       0       0       0       0    6445       000010000D0006443
     100       0       0       1       0                               0D0006444
     124    3989       0       0       0       0       0       000000000D0006445
     124       0       0       2       0                               0D0006446
     126    3991       0       0       0       0       0       000010000D0006447
     126       0       0       5       0                               0D0006448
     144    3996       0       0       0       0       0       000020000D0006449
     144       0       0       1       0                               0D0006450
     120    3997       0       0       0       0    6453       000010000D0006451
     120       0       0       1       0                               0D0006452
     124    3998       0       0       0       0       0       000000000D0006453
     124       0       0       1       0                               0D0006454
     110    3999       0       0       0       0       0       000010000D0006455
     110       0       0       1       0                               0D0006456
     110    4000       0       0       0       0       0       000010000D0006457
     110       0       0       1       0                               0D0006458
     142    4001       0       0       0       0       0       000010500D0006459
     142       0       0       1       0                               0D0006460
     102    4002       0       0       0       0       0       000010000D0006461
     102       0       0       1       0                               0D0006462
     110    4003       0       0       0       0       0       000010000D0006463
     110       0       0       1       0                               0D0006464
     126    4004       0       0       0       0       0       000010000D0006465
     126       0       0      19       0                               0D0006466
     110    4023       0       0       0       0       0       000010000D0006467
     110       0       0       1       0                               0D0006468
     126    4024       0       0       0       0       0       000010000D0006469
     126       0       0      19       0                               0D0006470
     102    4043       0       0       0       0       0       000010000D0006471
     102       0       0       1       0                               0D0006472
     100    4044       0       0       0       0    6475       000010000D0006473
     100       0       0       1       0                               0D0006474
     124    4045       0       0       0       0       0       000000000D0006475
     124       0       0       2       0                               0D0006476
     126    4047       0       0       0       0       0       000010000D0006477
     126       0       0       6       0                               0D0006478
     100    4053       0       0       0       0    6481       000010000D0006479
     100       0       0       1       0                               0D0006480
     124    4054       0       0       0       0       0       000000000D0006481
     124       0       0       2       0                               0D0006482
     126    4056       0       0       0       0       0       000010000D0006483
     126       0       0       5       0                               0D0006484
     144    4061       0       0       0       0       0       000020000D0006485
     144       0       0       1       0                               0D0006486
     120    4062       0       0       0       0    6489       000010000D0006487
     120       0       0       1       0                               0D0006488
     124    4063       0       0       0       0       0       000000000D0006489
     124       0       0       1       0                               0D0006490
     110    4064       0       0       0       0       0       000010000D0006491
     110       0       0       1       0                               0D0006492
     110    4065       0       0       0       0       0       000010000D0006493
     110       0       0       1       0                               0D0006494
     142    4066       0       0       0       0       0       000010500D0006495
     142       0       0       1       0                               0D0006496
     102    4067       0       0       0       0       0       000010000D0006497
     102       0       0       1       0                               0D0006498
     110    4068       0       0       0       0       0       000010000D0006499
     110       0       0       1       0                               0D0006500
     126    4069       0       0       0       0       0       000010000D0006501
     126       0       0      19       0                               0D0006502
     110    4088       0       0       0       0       0       000010000D0006503
     110       0       0       2       0                               0D0006504
     126    4090       0       0       0       0       0       000010000D0006505
     126       0       0      19       0                               0D0006506
     102    4109       0       0       0       0       0       000010000D0006507
     102       0       0       1       0                               0D0006508
     100    4110       0       0       0       0    6511       000010000D0006509
     100       0       0       1       0                               0D0006510
     124    4111       0       0       0       0       0       000000000D0006511
     124       0       0       2       0                               0D0006512
     126    4113       0       0       0       0       0       000010000D0006513
     126       0       0       6       0                               0D0006514
     100    4119       0       0       0       0    6517       000010000D0006515
     100       0       0       1       0                               0D0006516
     124    4120       0       0       0       0       0       000000000D0006517
     124       0       0       2       0                               0D0006518
     126    4122       0       0       0       0       0       000010000D0006519
     126       0       0       6       0                               0D0006520
     144    4128       0       0       0       0       0       000020000D0006521
     144       0       0       1       0                               0D0006522
     120    4129       0       0       0       0    6525       000010000D0006523
     120       0       0       1       0                               0D0006524
     124    4130       0       0       0       0       0       000000000D0006525
     124       0       0       1       0                               0D0006526
     110    4131       0       0       0       0       0       000010000D0006527
     110       0       0       1       0                               0D0006528
     110    4132       0       0       0       0       0       000010000D0006529
     110       0       0       1       0                               0D0006530
     142    4133       0       0       0       0       0       000010500D0006531
     142       0       0       1       0                               0D0006532
     102    4134       0       0       0       0       0       000010000D0006533
     102       0       0       1       0                               0D0006534
     110    4135       0       0       0       0       0       000010000D0006535
     110       0       0       1       0                               0D0006536
     126    4136       0       0       0       0       0       000010000D0006537
     126       0       0      19       0                               0D0006538
     110    4155       0       0       0       0       0       000010000D0006539
     110       0       0       1       0                               0D0006540
     126    4156       0       0       0       0       0       000010000D0006541
     126       0       0      19       0                               0D0006542
     102    4175       0       0       0       0       0       000010000D0006543
     102       0       0       1       0                               0D0006544
     100    4176       0       0       0       0    6547       000010000D0006545
     100       0       0       1       0                               0D0006546
     124    4177       0       0       0       0       0       000000000D0006547
     124       0       0       2       0                               0D0006548
     126    4179       0       0       0       0       0       000010000D0006549
     126       0       0       7       0                               0D0006550
     100    4186       0       0       0       0    6553       000010000D0006551
     100       0       0       1       0                               0D0006552
     124    4187       0       0       0       0       0       000000000D0006553
     124       0       0       1       0                               0D0006554
     126    4188       0       0       0       0       0       000010000D0006555
     126       0       0       5       0                               0D0006556
     144    4193       0       0       0       0       0       000020000D0006557
     144       0       0       1       0                               0D0006558
     120    4194       0       0       0       0    6561       000010000D0006559
     120       0       0       1       0                               0D0006560
     124    4195       0       0       0       0       0       000000000D0006561
     124       0       0       1       0                               0D0006562
     110    4196       0       0       0       0       0       000010000D0006563
     110       0       0       1       0                               0D0006564
     110    4197       0       0       0       0       0       000010000D0006565
     110       0       0       1       0                               0D0006566
     142    4198       0       0       0       0       0       000010500D0006567
     142       0       0       1       0                               0D0006568
     102    4199       0       0       0       0       0       000010000D0006569
     102       0       0       1       0                               0D0006570
     110    4200       0       0       0       0       0       000010000D0006571
     110       0       0       1       0                               0D0006572
     110    4201       0       0       0       0       0       000010000D0006573
     110       0       0       1       0                               0D0006574
     110    4202       0       0       0       0       0       000010000D0006575
     110       0       0       2       0                               0D0006576
     126    4204       0       0       0       0       0       000010000D0006577
     126       0       0      19       0                               0D0006578
     102    4223       0       0       0       0       0       000010000D0006579
     102       0       0       1       0                               0D0006580
     100    4224       0       0       0       0    6583       000010000D0006581
     100       0       0       1       0                               0D0006582
     124    4225       0       0       0       0       0       000000000D0006583
     124       0       0       2       0                               0D0006584
     110    4227       0       0       0       0       0       000010000D0006585
     110       0       0       1       0                               0D0006586
     100    4228       0       0       0       0    6589       000010000D0006587
     100       0       0       1       0                               0D0006588
     124    4229       0       0       0       0       0       000000000D0006589
     124       0       0       2       0                               0D0006590
     126    4231       0       0       0       0       0       000010000D0006591
     126       0       0       6       0                               0D0006592
     144    4237       0       0       0       0       0       000020000D0006593
     144       0       0       1       0                               0D0006594
     108    4238       0       0       0       0       0       000010000D0006595
     108       0       0       1       0                               0D0006596
     142    4239       0       0       0       0       0       000010500D0006597
     142       0       0       1       0                               0D0006598
     102    4240       0       0       0       0       0       000010000D0006599
     102       0       0       1       0                               0D0006600
     100    4241       0       0       0       0    6603       000010000D0006601
     100       0       0       1       0                               0D0006602
     124    4242       0       0       0       0       0       000000000D0006603
     124       0       0       2       0                               0D0006604
     100    4244       0       0       0       0    6607       000010000D0006605
     100       0       0       1       0                               0D0006606
     124    4245       0       0       0       0       0       000000000D0006607
     124       0       0       1       0                               0D0006608
     100    4246       0       0       0       0    6611       000010000D0006609
     100       0       0       1       0                               0D0006610
     124    4247       0       0       0       0       0       000000000D0006611
     124       0       0       2       0                               0D0006612
     100    4249       0       0       0       0    6615       000010000D0006613
     100       0       0       1       0                               0D0006614
     124    4250       0       0       0       0       0       000000000D0006615
     124       0       0       2       0                               0D0006616
     100    4252       0       0       0       0    6619       000010000D0006617
     100       0       0       1       0                               0D0006618
     124    4253       0       0       0       0       0       000000000D0006619
     124       0       0       1       0                               0D0006620
     100    4254       0       0       0       0    6623       000010000D0006621
     100       0       0       1       0                               0D0006622
     124    4255       0       0       0       0       0       000000000D0006623
     124       0       0       2       0                               0D0006624
     100    4257       0       0       0       0    6627       000010000D0006625
     100       0       0       1       0                               0D0006626
     124    4258       0       0       0       0       0       000000000D0006627
     124       0       0       2       0                               0D0006628
     142    4260       0       0       0       0       0       000010500D0006629
     142       0       0       1       0                               0D0006630
     102    4261       0       0       0       0       0       000010000D0006631
     102       0       0       1       0                               0D0006632
     100    4262       0       0       0       0    6635       000010000D0006633
     100       0       0       1       0                               0D0006634
     124    4263       0       0       0       0       0       000000000D0006635
     124       0       0       1       0                               0D0006636
     100    4264       0       0       0       0    6639       000010000D0006637
     100       0       0       1       0                               0D0006638
     124    4265       0       0       0       0       0       000000000D0006639
     124       0       0       1       0                               0D0006640
     144    4266       0       0       0       0       0       000020000D0006641
     144       0       0       1       0                               0D0006642
     120    4267       0       0       0       0    6645       000010000D0006643
     120       0       0       1       0                               0D0006644
     124    4268       0       0       0       0       0       000000000D0006645
     124       0       0       1       1                               0D0006646
     110    4269       0       0       0       0       0       000010000D0006647
     110       0       0       1       0                               0D0006648
     110    4270       0       0       0       0       0       000010000D0006649
     110       0       0       1       0                               0D0006650
     142    4271       0       0       0       0       0       000010500D0006651
     142       0       0       1       0                               0D0006652
     102    4272       0       0       0       0       0       000010000D0006653
     102       0       0       1       0                               0D0006654
     110    4273       0       0       0       0       0       000010000D0006655
     110       0       0       1       0                               0D0006656
     110    4274       0       0       0       0       0       000010000D0006657
     110       0       0       1       0                               0D0006658
     110    4275       0       0       0       0       0       000010000D0006659
     110       0       0       2       0                               0D0006660
     110    4277       0       0       0       0       0       000010000D0006661
     110       0       0       1       0                               0D0006662
     102    4278       0       0       0       0       0       000010000D0006663
     102       0       0       1       0                               0D0006664
     100    4279       0       0       0       0    6667       000010000D0006665
     100       0       0       1       0                               0D0006666
     124    4280       0       0       0       0       0       000000000D0006667
     124       0       0       1       0                               0D0006668
     110    4281       0       0       0       0       0       000010000D0006669
     110       0       0       1       0                               0D0006670
     100    4282       0       0       0       0    6673       000010000D0006671
     100       0       0       1       0                               0D0006672
     124    4283       0       0       0       0       0       000000000D0006673
     124       0       0       1       0                               0D0006674
     110    4284       0       0       0       0       0       000010000D0006675
     110       0       0       1       0                               0D0006676
     144    4285       0       0       0       0       0       000020000D0006677
     144       0       0       1       0                               0D0006678
     120    4286       0       0       0       0    6681       000010000D0006679
     120       0       0       1       0                               0D0006680
     124    4287       0       0       0       0       0       000000000D0006681
     124       0       0       1       1                               0D0006682
     110    4288       0       0       0       0       0       000010000D0006683
     110       0       0       1       0                               0D0006684
     110    4289       0       0       0       0       0       000010000D0006685
     110       0       0       1       0                               0D0006686
     142    4290       0       0       0       0       0       000010500D0006687
     142       0       0       1       0                               0D0006688
     102    4291       0       0       0       0       0       000010000D0006689
     102       0       0       1       0                               0D0006690
     110    4292       0       0       0       0       0       000010000D0006691
     110       0       0       2       0                               0D0006692
     110    4294       0       0       0       0       0       000010000D0006693
     110       0       0       1       0                               0D0006694
     110    4295       0       0       0       0       0       000010000D0006695
     110       0       0       1       0                               0D0006696
     110    4296       0       0       0       0       0       000010000D0006697
     110       0       0       1       0                               0D0006698
     102    4297       0       0       0       0       0       000010000D0006699
     102       0       0       1       0                               0D0006700
     100    4298       0       0       0       0    6703       000010000D0006701
     100       0       0       1       0                               0D0006702
     124    4299       0       0       0       0       0       000000000D0006703
     124       0       0       1       0                               0D0006704
     110    4300       0       0       0       0       0       000010000D0006705
     110       0       0       1       0                               0D0006706
     100    4301       0       0       0       0    6709       000010000D0006707
     100       0       0       1       0                               0D0006708
     124    4302       0       0       0       0       0       000000000D0006709
     124       0       0       1       0                               0D0006710
     110    4303       0       0       0       0       0       000010000D0006711
     110       0       0       1       0                               0D0006712
     144    4304       0       0       0       0       0       000020000D0006713
     144       0       0       1       0                               0D0006714
     120    4305       0       0       0       0    6717       000010000D0006715
     120       0       0       1       0                               0D0006716
     124    4306       0       0       0       0       0       000000000D0006717
     124       0       0       1       1                               0D0006718
     110    4307       0       0       0       0       0       000010000D0006719
     110       0       0       1       0                               0D0006720
     110    4308       0       0       0       0       0       000010000D0006721
     110       0       0       1       0                               0D0006722
     142    4309       0       0       0       0       0       000010500D0006723
     142       0       0       1       0                               0D0006724
     102    4310       0       0       0       0       0       000010000D0006725
     102       0       0       1       0                               0D0006726
     110    4311       0       0       0       0       0       000010000D0006727
     110       0       0       1       0                               0D0006728
     126    4312       0       0       0       0       0       000010000D0006729
     126       0       0      20       0                               0D0006730
     110    4332       0       0       0       0       0       000010000D0006731
     110       0       0       1       0                               0D0006732
     102    4333       0       0       0       0       0       000010000D0006733
     102       0       0       1       0                               0D0006734
     100    4334       0       0       0       0    6737       000010000D0006735
     100       0       0       1       0                               0D0006736
     124    4335       0       0       0       0       0       000000000D0006737
     124       0       0       1       0                               0D0006738
     110    4336       0       0       0       0       0       000010000D0006739
     110       0       0       1       0                               0D0006740
     110    4337       0       0       0       0       0       000010000D0006741
     110       0       0       1       0                               0D0006742
     144    4338       0       0       0       0       0       000020000D0006743
     144       0       0       1       0                               0D0006744
     120    4339       0       0       0       0    6747       000010000D0006745
     120       0       0       1       0                               0D0006746
     124    4340       0       0       0       0       0       000000000D0006747
     124       0       0       1       1                               0D0006748
     110    4341       0       0       0       0       0       000010000D0006749
     110       0       0       1       0                               0D0006750
     110    4342       0       0       0       0       0       000010000D0006751
     110       0       0       1       0                               0D0006752
     142    4343       0       0       0       0       0       000010500D0006753
     142       0       0       1       0                               0D0006754
     102    4344       0       0       0       0       0       000010000D0006755
     102       0       0       1       0                               0D0006756
     126    4345       0       0       0       0       0       000010000D0006757
     126       0       0      20       0                               0D0006758
     110    4365       0       0       0       0       0       000010000D0006759
     110       0       0       1       0                               0D0006760
     110    4366       0       0       0       0       0       000010000D0006761
     110       0       0       1       0                               0D0006762
     102    4367       0       0       0       0       0       000010000D0006763
     102       0       0       1       0                               0D0006764
     110    4368       0       0       0       0       0       000010000D0006765
     110       0       0       1       0                               0D0006766
     100    4369       0       0       0       0    6769       000010000D0006767
     100       0       0       1       0                               0D0006768
     124    4370       0       0       0       0       0       000000000D0006769
     124       0       0       1       0                               0D0006770
     110    4371       0       0       0       0       0       000010000D0006771
     110       0       0       1       0                               0D0006772
     144    4372       0       0       0       0       0       000020000D0006773
     144       0       0       1       0                               0D0006774
     120    4373       0       0       0       0    6777       000010000D0006775
     120       0       0       1       0                               0D0006776
     124    4374       0       0       0       0       0       000000000D0006777
     124       0       0       1       0                               0D0006778
     110    4375       0       0       0       0       0       000010000D0006779
     110       0       0       1       0                               0D0006780
     110    4376       0       0       0       0       0       000010000D0006781
     110       0       0       1       0                               0D0006782
     142    4377       0       0       0       0       0       000010500D0006783
     142       0       0       1       0                               0D0006784
     102    4378       0       0       0       0       0       000010000D0006785
     102       0       0       1       0                               0D0006786
     110    4379       0       0       0       0       0       000010000D0006787
     110       0       0       2       0                               0D0006788
     110    4381       0       0       0       0       0       000010000D0006789
     110       0       0       1       0                               0D0006790
     110    4382       0       0       0       0       0       000010000D0006791
     110       0       0       1       0                               0D0006792
     126    4383       0       0       0       0       0       000010000D0006793
     126       0       0      19       0                               0D0006794
     102    4402       0       0       0       0       0       000010000D0006795
     102       0       0       1       0                               0D0006796
     100    4403       0       0       0       0    6799       000010000D0006797
     100       0       0       1       0                               0D0006798
     124    4404       0       0       0       0       0       000000000D0006799
     124       0       0       2       0                               0D0006800
     110    4406       0       0       0       0       0       000010000D0006801
     110       0       0       1       0                               0D0006802
     100    4407       0       0       0       0    6805       000010000D0006803
     100       0       0       1       0                               0D0006804
     124    4408       0       0       0       0       0       000000000D0006805
     124       0       0       2       0                               0D0006806
     126    4410       0       0       0       0       0       000010000D0006807
     126       0       0       7       0                               0D0006808
     144    4417       0       0       0       0       0       000020000D0006809
     144       0       0       1       0                               0D0006810
     108    4418       0       0       0       0       0       000010000D0006811
     108       0       0       1       0                               0D0006812
     142    4419       0       0       0       0       0       000010500D0006813
     142       0       0       1       0                               0D0006814
     102    4420       0       0       0       0       0       000010000D0006815
     102       0       0       1       0                               0D0006816
     110    4421       0       0       0       0       0       000010000D0006817
     110       0       0       2       0                               0D0006818
     126    4423       0       0       0       0       0       000010000D0006819
     126       0       0       6       0                               0D0006820
     126    4429       0       0       0       0       0       000010000D0006821
     126       0       0       6       0                               0D0006822
     110    4435       0       0       0       0       0       000010000D0006823
     110       0       0       1       0                               0D0006824
     110    4436       0       0       0       0       0       000010000D0006825
     110       0       0       1       0                               0D0006826
     144    4437       0       0       0       0       0       000020000D0006827
     144       0       0       1       0                               0D0006828
     108    4438       0       0       0       0       0       000010000D0006829
     108       0       0       1       0                               0D0006830
     142    4439       0       0       0       0       0       000010500D0006831
     142       0       0       1       0                               0D0006832
     102    4440       0       0       0       0       0       000010000D0006833
     102       0       0       1       0                               0D0006834
     110    4441       0       0       0       0       0       000010000D0006835
     110       0       0       2       0                               0D0006836
     126    4443       0       0       0       0       0       000010000D0006837
     126       0       0       6       0                               0D0006838
     126    4449       0       0       0       0       0       000010000D0006839
     126       0       0       7       0                               0D0006840
     110    4456       0       0       0       0       0       000010000D0006841
     110       0       0       2       0                               0D0006842
     110    4458       0       0       0       0       0       000010000D0006843
     110       0       0       2       0                               0D0006844
     144    4460       0       0       0       0       0       000020000D0006845
     144       0       0       1       0                               0D0006846
     108    4461       0       0       0       0       0       000010000D0006847
     108       0       0       2       0                               0D0006848
     142    4463       0       0       0       0       0       000010500D0006849
     142       0       0       1       0                               0D0006850
     102    4464       0       0       0       0       0       000010000D0006851
     102       0       0       1       0                               0D0006852
     110    4465       0       0       0       0       0       000010000D0006853
     110       0       0       2       0                               0D0006854
     126    4467       0       0       0       0       0       000010000D0006855
     126       0       0       6       0                               0D0006856
     126    4473       0       0       0       0       0       000010000D0006857
     126       0       0       6       0                               0D0006858
     110    4479       0       0       0       0       0       000010000D0006859
     110       0       0       2       0                               0D0006860
     110    4481       0       0       0       0       0       000010000D0006861
     110       0       0       1       0                               0D0006862
     144    4482       0       0       0       0       0       000020000D0006863
     144       0       0       1       0                               0D0006864
     108    4483       0       0       0       0       0       000010000D0006865
     108       0       0       1       0                               0D0006866
     142    4484       0       0       0       0       0       000010500D0006867
     142       0       0       1       0                               0D0006868
     102    4485       0       0       0       0       0       000010000D0006869
     102       0       0       1       0                               0D0006870
     110    4486       0       0       0       0       0       000010000D0006871
     110       0       0       1       0                               0D0006872
     126    4487       0       0       0       0       0       000010000D0006873
     126       0       0       5       0                               0D0006874
     126    4492       0       0       0       0       0       000010000D0006875
     126       0       0       5       0                               0D0006876
     110    4497       0       0       0       0       0       000010000D0006877
     110       0       0       1       0                               0D0006878
     110    4498       0       0       0       0       0       000010000D0006879
     110       0       0       1       0                               0D0006880
     144    4499       0       0       0       0       0       000020000D0006881
     144       0       0       1       0                               0D0006882
     108    4500       0       0       0       0       0       000010000D0006883
     108       0       0       2       0                               0D0006884
     142    4502       0       0       0       0       0       000010500D0006885
     142       0       0       1       0                               0D0006886
     102    4503       0       0       0       0       0       000010000D0006887
     102       0       0       1       0                               0D0006888
     110    4504       0       0       0       0       0       000010000D0006889
     110       0       0       2       0                               0D0006890
     126    4506       0       0       0       0       0       000010000D0006891
     126       0       0       6       0                               0D0006892
     126    4512       0       0       0       0       0       000010000D0006893
     126       0       0       7       0                               0D0006894
     110    4519       0       0       0       0       0       000010000D0006895
     110       0       0       2       0                               0D0006896
     110    4521       0       0       0       0       0       000010000D0006897
     110       0       0       2       0                               0D0006898
     406    4523       0       0       0       0       0       000000000D0006899
     406       0       0       1      15                               0D0006900
402,251,3,39,55,195,335,371,395,411,447,479,505,527,557,573,597, 0000001P0000001
621,637,653,669,697,733,775,811,847,875,899,923,959,995,1025,    0000001P0000002
1041,1077,1093,1109,1125,1141,1173,1205,1221,1247,1269,1299,     0000001P0000003
1315,1339,1363,1379,1395,1411,1439,1467,1503,1531,1567,1603,     0000001P0000004
1633,1649,1673,1697,1733,1769,1811,1827,1843,1875,1891,1907,     0000001P0000005
1955,1971,2011,2135,2151,2203,2219,2267,2295,2311,2327,2343,     0000001P0000006
2359,2395,2431,2447,2463,2479,2495,2511,2527,2543,2559,2575,     0000001P0000007
2591,2607,2623,2639,2655,2671,2687,2703,2719,2735,2751,2767,     0000001P0000008
2783,2799,2815,2831,2847,2863,2879,2895,2911,2927,2943,2959,     0000001P0000009
2975,2991,3007,3023,3039,3055,3071,3087,3103,3119,3135,3151,     0000001P0000010
3167,3183,3199,3235,3259,3295,3311,3327,3343,3359,3387,3415,     0000001P0000011
3431,3447,3463,3499,3535,3571,3607,3623,3659,3695,3731,3767,     0000001P0000012
3783,3819,3835,3871,3907,3923,3959,3975,4011,4053,4089,4105,     0000001P0000013
4141,4183,4219,4235,4271,4287,4323,4365,4401,4417,4453,4495,     0000001P0000014
4531,4547,4583,4619,4655,4671,4707,4743,4759,4795,4831,4847,     0000001P0000015
4883,4919,4935,4971,5007,5023,5059,5095,5111,5147,5183,5199,     0000001P0000016
5235,5271,5287,5323,5359,5375,5411,5447,5483,5519,5555,5597,     0000001P0000017
5615,5651,5687,5723,5759,5795,5831,5849,5897,5933,5969,5999,     0000001P0000018
6029,6065,6083,6101,6119,6137,6173,6209,6245,6281,6317,6359,     0000001P0000019
6377,6413,6449,6485,6521,6557,6593,6641,6677,6713,6743,6773,     0000001P0000020
6809,6827,6845,6863,6881,0,1,6899;                               0000001P0000021
144,5,1,0,13;                                                    0000003P0000022
120,9,11,1.570796327,3.316125579;                                0000005P0000023
124,1.,0.,0.,-5.8184,0.,-1.,0.,1.5084,0.,0.,1.,0.;               0000007P0000024
110,0.,0.,1.,0.,0.,0.;                                           0000009P0000025
110,2.6416,0.,-6.,2.6416,0.,0.;                                  0000011P0000026
142,0,5,15,25,3;                                                 0000013P0000027
102,4,17,19,21,23;                                               0000015P0000028
110,-1.098032675E-16,3.316125579,0.,-1.743934249E-16,            0000017P0000029
1.570796327,0.;                                                  0000017P0000030
110,-4.440892099E-16,1.570796327,0.,1.,1.570796327,0.;           0000019P0000031
110,1.,1.570796327,0.,1.,3.316125579,0.;                         0000021P0000032
110,1.,3.316125579,0.,-4.440892099E-16,3.316125579,0.;           0000023P0000033
102,4,27,31,33,37;                                               0000025P0000034
100,0.,0.,0.,2.6416,4.440892099E-16,-0.458709026,2.60146816;     0000027P0000035
124,-0.984807753,-0.173648178,0.,-5.8184,-0.173648178,           0000029P0000036
0.984807753,0.,1.5084,-0.,0.,-1.,-6.;                            0000029P0000037
110,-5.8184,4.15,-6.,-5.8184,4.15,0.;                            0000031P0000038
100,0.,0.,0.,2.6416,0.,-0.458709026,2.60146816;                  0000033P0000039
124,0.,-1.,0.,-5.8184,1.,0.,0.,1.5084,0.,0.,1.,0.;               0000035P0000040
110,-8.41986816,1.049690974,0.,-8.41986816,1.049690974,-6.;      0000037P0000041
144,41,1,0,43;                                                   0000039P0000042
108,0.984807753,0.173648178,0.,-8.109674519,0,-7.887924925,      0000041P0000043
-1.967109026,0.,0.;                                              0000041P0000044
142,0,41,0,45,2;                                                 0000043P0000045
102,4,47,49,51,53;                                               0000045P0000046
110,-8.41986816,1.049690974,0.,-7.887924925,-1.967109026,0.;     0000047P0000047
110,-7.887924925,-1.967109026,0.,-7.887924925,-1.967109026,-6.;  0000049P0000048
110,-7.887924925,-1.967109026,-6.,-8.41986816,1.049690974,-6.;   0000051P0000049
110,-8.41986816,1.049690974,-6.,-8.41986816,1.049690974,0.;      0000053P0000050
144,57,1,3,59,87,115,155;                                        0000055P0000051
108,-0.,-0.,1.,-6.,0,0.,0.,-6.,0.;                               0000057P0000052
142,0,57,0,61,2;                                                 0000059P0000053
102,8,63,65,69,71,75,77,81,83;                                   0000061P0000054
110,13.805,6.7875,-6.,-13.805,6.7875,-6.;                        0000063P0000055
100,0.,0.,0.,0.,-1.6,1.6,0.;                                     0000065P0000056
124,-1.,0.,-0.,-13.805,0.,-1.,0.,5.1875,0.,-0.,1.,-6.;           0000067P0000057
110,-15.405,5.1875,-6.,-15.405,-5.1875,-6.;                      0000069P0000058
100,0.,0.,0.,0.,-1.6,1.6,0.;                                     0000071P0000059
124,0.,1.,-0.,-13.805,-1.,0.,0.,-5.1875,0.,0.,1.,-6.;            0000073P0000060
110,-13.805,-6.7875,-6.,13.805,-6.7875,-6.;                      0000075P0000061
100,0.,0.,0.,0.,-1.6,1.6,0.;                                     0000077P0000062
124,1.,0.,-0.,13.805,0.,1.,0.,-5.1875,0.,0.,1.,-6.;              0000079P0000063
110,15.405,-5.1875,-6.,15.405,5.1875,-6.;                        0000081P0000064
100,0.,0.,0.,0.,-1.6,1.6,0.;                                     0000083P0000065
124,0.,-1.,-0.,13.805,1.,0.,0.,5.1875,0.,0.,1.,-6.;              0000085P0000066
142,0,57,0,89,2;                                                 0000087P0000067
102,8,91,93,97,99,103,105,109,111;                               0000089P0000068
110,-5.8184,4.55,-6.,5.8184,4.55,-6.;                            0000091P0000069
100,0.,0.,0.,-0.528168297,-2.995391262,3.0416,-4.440892099E-16;  0000093P0000070
124,0.984807753,-0.173648178,0.,5.8184,-0.173648178,             0000095P0000071
-0.984807753,0.,1.5084,0.,0.,-1.,-6.;                            0000095P0000072
110,8.813791262,0.980231703,-6.,8.281848026,-2.036568297,-6.;    0000097P0000073
100,0.,0.,0.,0.528168297,-2.995391262,3.0416,-8.881784197E-16;   0000099P0000074
124,0.,-1.,0.,5.286456765,-1.,0.,0.,-1.5084,0.,0.,-1.,-6.;       0000101P0000075
110,5.286456765,-4.55,-6.,-5.286456765,-4.55,-6.;                0000103P0000076
100,0.,0.,0.,0.528168297,-2.995391262,3.0416,-1.110223025E-15;   0000105P0000077
124,-0.984807753,-0.173648178,0.,-5.286456765,-0.173648178,      0000107P0000078
0.984807753,0.,-1.5084,0.,0.,-1.,-6.;                            0000107P0000079
110,-8.281848026,-2.036568297,-6.,-8.813791262,0.980231703,-6.;  0000109P0000080
100,0.,0.,0.,-0.528168297,-2.995391262,3.0416,-8.881784197E-16;  0000111P0000081
124,0.,1.,0.,-5.8184,1.,0.,0.,1.5084,0.,0.,-1.,-6.;              0000113P0000082
142,0,57,0,117,2;                                                0000115P0000083
102,12,119,121,125,127,131,133,137,139,143,145,149,151;          0000117P0000084
110,13.719744871,-2.35,-6.,11.270255129,-2.35,-6.;               0000119P0000085
100,0.,0.,0.,2.640133135,-0.228466694,2.65,-1.776356839E-15;     0000121P0000086
124,-0.536900854,-0.843645348,0.,12.495,-0.843645348,            0000123P0000087
0.536900854,0.,0.,0.,0.,-1.,-6.;                                 0000123P0000088
110,11.072212737,-2.235660172,-6.,9.847467865,-0.114339828,-6.;  0000125P0000089
100,0.,0.,0.,2.65,1.110223025E-16,2.640133135,0.228466694;       0000127P0000090
124,-0.99906873,-4.314710499E-02,0.,12.495,-4.314710499E-02,     0000129P0000091
0.99906873,0.,0.,-0.,0.,-1.,-6.;                                 0000129P0000092
110,9.847467865,0.114339828,-6.,11.072212737,2.235660172,-6.;    0000131P0000093
100,0.,0.,0.,2.640133135,-0.228466694,2.65,0.;                   0000133P0000094
124,-0.462167876,0.886792453,0.,12.495,0.886792453,0.462167876,  0000135P0000095
0.,0.,0.,0.,-1.,-6.;                                             0000135P0000096
110,11.270255129,2.35,-6.,13.719744871,2.35,-6.;                 0000137P0000097
100,0.,0.,0.,2.640133135,-0.228466694,2.65,0.;                   0000139P0000098
124,0.536900854,0.843645348,0.,12.495,0.843645348,-0.536900854,  0000141P0000099
0.,0.,0.,0.,-1.,-6.;                                             0000141P0000100
110,13.917787263,2.235660172,-6.,15.142532135,0.114339828,-6.;   0000143P0000101
100,0.,0.,0.,2.65,0.,2.640133135,0.228466694;                    0000145P0000102
124,0.99906873,4.314710499E-02,0.,12.495,4.314710499E-02,        0000147P0000103
-0.99906873,0.,0.,0.,0.,-1.,-6.;                                 0000147P0000104
110,15.142532135,-0.114339828,-6.,13.917787263,-2.235660172,-6.; 0000149P0000105
100,0.,0.,0.,2.640133135,-0.228466694,2.65,0.;                   0000151P0000106
124,0.462167876,-0.886792453,0.,12.495,-0.886792453,             0000153P0000107
-0.462167876,0.,0.,0.,0.,-1.,-6.;                                0000153P0000108
142,0,57,0,157,2;                                                0000155P0000109
102,12,159,161,165,167,171,173,177,179,183,185,189,191;          0000157P0000110
110,-9.847467865,-0.114339828,-6.,-11.072212737,-2.235660172,    0000159P0000111
-6.;                                                             0000159P0000112
100,0.,0.,0.,2.65,1.776356839E-15,2.640133135,0.228466694;       0000161P0000113
124,0.536900854,-0.843645348,0.,-12.495,-0.843645348,            0000163P0000114
-0.536900854,0.,0.,0.,-0.,-1.,-6.;                               0000163P0000115
110,-11.270255129,-2.35,-6.,-13.719744871,-2.35,-6.;             0000165P0000116
100,0.,0.,0.,2.65,-1.776356839E-15,2.640133135,0.228466694;      0000167P0000117
124,-0.462167876,-0.886792453,0.,-12.495,-0.886792453,           0000169P0000118
0.462167876,0.,0.,-0.,0.,-1.,-6.;                                0000169P0000119
110,-13.917787263,-2.235660172,-6.,-15.142532135,-0.114339828,   0000171P0000120
-6.;                                                             0000171P0000121
100,0.,0.,0.,2.65,0.,2.640133135,0.228466694;                    0000173P0000122
124,-0.99906873,-4.314710499E-02,0.,-12.495,-4.314710499E-02,    0000175P0000123
0.99906873,0.,0.,-0.,0.,-1.,-6.;                                 0000175P0000124
110,-15.142532135,0.114339828,-6.,-13.917787263,2.235660172,-6.; 0000177P0000125
100,0.,0.,0.,2.65,0.,2.640133135,0.228466694;                    0000179P0000126
124,-0.536900854,0.843645348,0.,-12.495,0.843645348,0.536900854, 0000181P0000127
0.,0.,0.,0.,-1.,-6.;                                             0000181P0000128
110,-13.719744871,2.35,-6.,-11.270255129,2.35,-6.;               0000183P0000129
100,0.,0.,0.,2.65,-1.776356839E-15,2.640133135,0.228466694;      0000185P0000130
124,0.462167876,0.886792453,0.,-12.495,0.886792453,-0.462167876, 0000187P0000131
0.,0.,0.,0.,-1.,-6.;                                             0000187P0000132
110,-11.072212737,2.235660172,-6.,-9.847467865,0.114339828,-6.;  0000189P0000133
100,0.,0.,0.,2.65,1.110223025E-16,2.640133135,0.228466694;       0000191P0000134
124,0.99906873,4.314710499E-02,0.,-12.495,4.314710499E-02,       0000193P0000135
-0.99906873,0.,0.,0.,0.,-1.,-6.;                                 0000193P0000136
144,197,1,9,199,227,239,251,263,275,287,299,311,323;             0000195P0000137
108,-0.,-0.,1.,-6.,0,0.,0.,-6.,0.;                               0000197P0000138
142,0,197,0,201,2;                                               0000199P0000139
102,8,203,207,209,213,215,219,221,225;                           0000201P0000140
100,0.,0.,0.,0.458709026,-2.60146816,2.6416,-8.881784197E-16;    0000203P0000141
124,0.,1.,-0.,-5.286456765,-1.,0.,0.,-1.5084,0.,0.,1.,-6.;       0000205P0000142
110,-5.286456765,-4.15,-6.,5.286456765,-4.15,-6.;                0000207P0000143
100,0.,0.,0.,0.458709026,-2.60146816,2.6416,-6.661338148E-16;    0000209P0000144
124,0.984807753,0.173648178,-0.,5.286456765,-0.173648178,        0000211P0000145
0.984807753,0.,-1.5084,0.,0.,1.,-6.;                             0000211P0000146
110,7.887924925,-1.967109026,-6.,8.41986816,1.049690974,-6.;     0000213P0000147
100,0.,0.,0.,-0.458709026,-2.60146816,2.6416,-8.881784197E-16;   0000215P0000148
124,0.,-1.,-0.,5.8184,1.,0.,0.,1.5084,0.,0.,1.,-6.;              0000217P0000149
110,5.8184,4.15,-6.,-5.8184,4.15,-6.;                            0000219P0000150
100,0.,0.,0.,-0.458709026,-2.60146816,2.6416,-4.440892099E-16;   0000221P0000151
124,-0.984807753,0.173648178,-0.,-5.8184,-0.173648178,           0000223P0000152
-0.984807753,0.,1.5084,-0.,0.,1.,-6.;                            0000223P0000153
110,-8.41986816,1.049690974,-6.,-7.887924925,-1.967109026,-6.;   0000225P0000154
142,0,197,0,229,2;                                               0000227P0000155
102,2,231,235;                                                   0000229P0000156
100,0.,0.,0.,0.525,0.,-0.525,0.;                                 0000231P0000157
124,0.,-1.,0.,5.54,-1.,0.,0.,1.42,0.,-0.,-1.,-6.;                0000233P0000158
100,0.,0.,0.,0.525,0.,-0.525,0.;                                 0000235P0000159
124,0.,1.,0.,5.54,1.,0.,0.,1.42,0.,0.,-1.,-6.;                   0000237P0000160
142,0,197,0,241,2;                                               0000239P0000161
102,2,243,247;                                                   0000241P0000162
100,0.,0.,0.,0.525,0.,-0.525,0.;                                 0000243P0000163
124,0.,-1.,0.,2.77,-1.,0.,0.,1.42,0.,-0.,-1.,-6.;                0000245P0000164
100,0.,0.,0.,0.525,0.,-0.525,0.;                                 0000247P0000165
124,0.,1.,0.,2.77,1.,0.,0.,1.42,0.,0.,-1.,-6.;                   0000249P0000166
142,0,197,0,253,2;                                               0000251P0000167
102,2,255,259;                                                   0000253P0000168
100,0.,0.,0.,0.525,0.,-0.525,6.429395696E-17;                    0000255P0000169
124,0.,-1.,0.,0.,-1.,0.,0.,1.42,0.,-0.,-1.,-6.;                  0000257P0000170
100,0.,0.,0.,0.525,0.,-0.525,6.429395696E-17;                    0000259P0000171
124,0.,1.,0.,0.,1.,0.,0.,1.42,0.,0.,-1.,-6.;                     0000261P0000172
142,0,197,0,265,2;                                               0000263P0000173
102,2,267,271;                                                   0000265P0000174
100,0.,0.,0.,0.525,0.,-0.525,0.;                                 0000267P0000175
124,0.,-1.,0.,-2.77,-1.,0.,0.,1.42,0.,-0.,-1.,-6.;               0000269P0000176
100,0.,0.,0.,0.525,0.,-0.525,0.;                                 0000271P0000177
124,0.,1.,0.,-2.77,1.,0.,0.,1.42,0.,0.,-1.,-6.;                  0000273P0000178
142,0,197,0,277,2;                                               0000275P0000179
102,2,279,283;                                                   0000277P0000180
100,0.,0.,0.,0.525,0.,-0.525,0.;                                 0000279P0000181
124,0.,-1.,0.,-5.54,-1.,0.,0.,1.42,0.,-0.,-1.,-6.;               0000281P0000182
100,0.,0.,0.,0.525,0.,-0.525,0.;                                 0000283P0000183
124,0.,1.,0.,-5.54,1.,0.,0.,1.42,0.,0.,-1.,-6.;                  0000285P0000184
142,0,197,0,289,2;                                               0000287P0000185
102,2,291,295;                                                   0000289P0000186
100,0.,0.,0.,0.525,0.,-0.525,0.;                                 0000291P0000187
124,0.,-1.,0.,4.155,-1.,0.,0.,-1.42,0.,-0.,-1.,-6.;              0000293P0000188
100,0.,0.,0.,0.525,0.,-0.525,0.;                                 0000295P0000189
124,0.,1.,0.,4.155,1.,0.,0.,-1.42,0.,0.,-1.,-6.;                 0000297P0000190
142,0,197,0,301,2;                                               0000299P0000191
102,2,303,307;                                                   0000301P0000192
100,0.,0.,0.,0.525,0.,-0.525,0.;                                 0000303P0000193
124,0.,-1.,0.,1.385,-1.,0.,0.,-1.42,0.,-0.,-1.,-6.;              0000305P0000194
100,0.,0.,0.,0.525,0.,-0.525,0.;                                 0000307P0000195
124,0.,1.,0.,1.385,1.,0.,0.,-1.42,0.,0.,-1.,-6.;                 0000309P0000196
142,0,197,0,313,2;                                               0000311P0000197
102,2,315,319;                                                   0000313P0000198
100,0.,0.,0.,0.525,0.,-0.525,0.;                                 0000315P0000199
124,0.,-1.,0.,-1.385,-1.,0.,0.,-1.42,0.,-0.,-1.,-6.;             0000317P0000200
100,0.,0.,0.,0.525,0.,-0.525,0.;                                 0000319P0000201
124,0.,1.,0.,-1.385,1.,0.,0.,-1.42,0.,0.,-1.,-6.;                0000321P0000202
142,0,197,0,325,2;                                               0000323P0000203
102,2,327,331;                                                   0000325P0000204
100,0.,0.,0.,0.525,0.,-0.525,0.;                                 0000327P0000205
124,0.,-1.,0.,-4.155,-1.,0.,0.,-1.42,0.,-0.,-1.,-6.;             0000329P0000206
100,0.,0.,0.,0.525,0.,-0.525,0.;                                 0000331P0000207
124,0.,1.,0.,-4.155,1.,0.,0.,-1.42,0.,0.,-1.,-6.;                0000333P0000208
144,337,1,0,345;                                                 0000335P0000209
120,341,343,3.141592654,4.71238898;                              0000337P0000210
124,-1.,0.,0.,13.805,0.,1.,0.,5.1875,0.,0.,-1.,-6.;              0000339P0000211
110,0.,0.,1.,0.,0.,0.;                                           0000341P0000212
110,1.6,0.,0.,1.6,0.,2.5;                                        0000343P0000213
142,0,337,347,357,3;                                             0000345P0000214
102,4,349,351,353,355;                                           0000347P0000215
110,1.,4.71238898,0.,-3.330669074E-16,4.71238898,0.;             0000349P0000216
110,-1.395147399E-16,4.71238898,0.,-2.790294798E-16,3.141592654, 0000351P0000217
0.;                                                              0000351P0000218
110,-4.440892099E-16,3.141592654,0.,1.,3.141592654,0.;           0000353P0000219
110,1.,3.141592654,0.,1.,4.71238898,0.;                          0000355P0000220
102,4,359,361,365,367;                                           0000357P0000221
110,13.805,6.7875,-8.5,13.805,6.7875,-6.;                        0000359P0000222
100,0.,0.,0.,1.6,0.,0.,1.6;                                      0000361P0000223
124,0.,1.,0.,13.805,1.,0.,0.,5.1875,0.,0.,-1.,-6.;               0000363P0000224
110,15.405,5.1875,-6.,15.405,5.1875,-8.5;                        0000365P0000225
100,0.,0.,0.,0.,-1.6,1.6,0.;                                     0000367P0000226
124,0.,-1.,-0.,13.805,1.,0.,0.,5.1875,0.,0.,1.,-8.5;             0000369P0000227
144,373,1,0,375;                                                 0000371P0000228
108,-0.,-0.,-1.,8.5,0,-15.405,6.7875,-8.5,0.;                    0000373P0000229
142,0,373,0,377,2;                                               0000375P0000230
102,6,379,381,383,385,389,391;                                   0000377P0000231
110,15.405,5.1875,-8.5,15.405,5.1675,-8.5;                       0000379P0000232
110,15.405,5.1675,-8.5,-15.405,5.1675,-8.5;                      0000381P0000233
110,-15.405,5.1675,-8.5,-15.405,5.1875,-8.5;                     0000383P0000234
100,0.,0.,0.,1.6,0.,0.,1.6;                                      0000385P0000235
124,-1.,0.,0.,-13.805,0.,1.,0.,5.1875,0.,0.,-1.,-8.5;            0000387P0000236
110,-13.805,6.7875,-8.5,13.805,6.7875,-8.5;                      0000389P0000237
100,0.,0.,0.,1.6,0.,0.,1.6;                                      0000391P0000238
124,0.,1.,0.,13.805,1.,0.,0.,5.1875,0.,0.,-1.,-8.5;              0000393P0000239
144,397,1,0,399;                                                 0000395P0000240
108,0.,1.,0.,6.7875,0,-13.805,6.7875,-6.,0.;                     0000397P0000241
142,0,397,0,401,2;                                               0000399P0000242
102,4,403,405,407,409;                                           0000401P0000243
110,-13.805,6.7875,-6.,13.805,6.7875,-6.;                        0000403P0000244
110,13.805,6.7875,-6.,13.805,6.7875,-8.5;                        0000405P0000245
110,13.805,6.7875,-8.5,-13.805,6.7875,-8.5;                      0000407P0000246
110,-13.805,6.7875,-8.5,-13.805,6.7875,-6.;                      0000409P0000247
144,413,1,0,421;                                                 0000411P0000248
120,417,419,4.71238898,6.283185307;                              0000413P0000249
124,-1.,0.,0.,-13.805,0.,1.,0.,5.1875,0.,0.,-1.,-6.;             0000415P0000250
110,0.,0.,1.,0.,0.,0.;                                           0000417P0000251
110,1.6,0.,0.,1.6,0.,2.5;                                        0000419P0000252
142,0,413,423,433,3;                                             0000421P0000253
102,4,425,427,429,431;                                           0000423P0000254
110,1.,6.283185307,0.,-1.110223025E-16,6.283185307,0.;           0000425P0000255
110,0.,6.283185307,0.,-1.395147399E-16,4.71238898,0.;            0000427P0000256
110,-1.395147399E-16,4.71238898,0.,1.,4.71238898,0.;             0000429P0000257
110,1.,4.71238898,0.,1.,6.283185307,0.;                          0000431P0000258
102,4,435,437,441,443;                                           0000433P0000259
110,-15.405,5.1875,-8.5,-15.405,5.1875,-6.;                      0000435P0000260
100,0.,0.,0.,1.6,0.,0.,1.6;                                      0000437P0000261
124,-1.,0.,0.,-13.805,0.,1.,0.,5.1875,0.,0.,-1.,-6.;             0000439P0000262
110,-13.805,6.7875,-6.,-13.805,6.7875,-8.5;                      0000441P0000263
100,0.,0.,0.,0.,-1.6,1.6,0.;                                     0000443P0000264
124,-1.,0.,-0.,-13.805,0.,-1.,0.,5.1875,0.,-0.,1.,-8.5;          0000445P0000265
144,449,1,0,451;                                                 0000447P0000266
108,-1.,0.,0.,15.405,0,-15.405,-5.1875,-6.,0.;                   0000449P0000267
142,0,449,0,453,2;                                               0000451P0000268
102,12,455,457,459,461,463,465,467,469,471,473,475,477;          0000453P0000269
110,-15.405,-2.8675,-18.85,-15.405,-6.7875,-18.85;               0000455P0000270
110,-15.405,-6.7875,-18.85,-15.405,-6.7875,-6.47;                0000457P0000271
110,-15.405,-6.7875,-6.47,-15.405,-5.1875,-6.47;                 0000459P0000272
110,-15.405,-5.1875,-6.47,-15.405,-5.1875,-6.;                   0000461P0000273
110,-15.405,-5.1875,-6.,-15.405,5.1875,-6.;                      0000463P0000274
110,-15.405,5.1875,-6.,-15.405,5.1875,-8.5;                      0000465P0000275
110,-15.405,5.1875,-8.5,-15.405,5.1675,-8.5;                     0000467P0000276
110,-15.405,5.1675,-8.5,-15.405,5.1675,-10.36;                   0000469P0000277
110,-15.405,5.1675,-10.36,-15.405,-2.2275,-10.36;                0000471P0000278
110,-15.405,-2.2275,-10.36,-15.405,-2.2275,-15.08;               0000473P0000279
110,-15.405,-2.2275,-15.08,-15.405,-2.8675,-15.08;               0000475P0000280
110,-15.405,-2.8675,-15.08,-15.405,-2.8675,-18.85;               0000477P0000281
144,481,1,0,483;                                                 0000479P0000282
108,-0.,1.,-0.,-2.8675,0,-8.725,-2.8675,-20.65,0.;               0000481P0000283
142,0,481,0,485,2;                                               0000483P0000284
102,8,487,489,491,493,495,497,499,503;                           0000485P0000285
110,-11.105,-2.8675,-15.08,-9.465,-2.8675,-15.08;                0000487P0000286
110,-9.465,-2.8675,-15.08,-9.465,-2.8675,-10.36;                 0000489P0000287
110,-9.465,-2.8675,-10.36,-8.725,-2.8675,-10.36;                 0000491P0000288
110,-8.725,-2.8675,-10.36,-8.725,-2.8675,-20.65;                 0000493P0000289
110,-8.725,-2.8675,-20.65,-10.735,-2.8675,-20.65;                0000495P0000290
110,-10.735,-2.8675,-20.65,-10.735,-2.8675,-16.18;               0000497P0000291
100,0.,0.,0.,1.76,0.,1.39,1.079583253;                           0000499P0000292
124,1.,0.,0.,-12.495,0.,0.,-1.,-2.8675,0.,1.,0.,-16.18;          0000501P0000293
110,-11.105,-2.8675,-15.100416747,-11.105,-2.8675,-15.08;        0000503P0000294
144,507,1,0,509;                                                 0000505P0000295
108,-0.,1.,-0.,-2.8675,0,-8.725,-2.8675,-20.65,0.;               0000507P0000296
142,0,507,0,511,2;                                               0000509P0000297
102,6,513,517,519,521,523,525;                                   0000511P0000298
100,0.,0.,0.,1.76,0.,1.39,1.079583253;                           0000513P0000299
124,-0.789772727,-0.613399576,0.,-12.495,0.,0.,-1.,-2.8675,      0000515P0000300
0.613399576,-0.789772727,0.,-16.18;                              0000515P0000301
110,-14.255,-2.8675,-16.18,-14.255,-2.8675,-18.85;               0000517P0000302
110,-14.255,-2.8675,-18.85,-15.405,-2.8675,-18.85;               0000519P0000303
110,-15.405,-2.8675,-18.85,-15.405,-2.8675,-15.08;               0000521P0000304
110,-15.405,-2.8675,-15.08,-13.885,-2.8675,-15.08;               0000523P0000305
110,-13.885,-2.8675,-15.08,-13.885,-2.8675,-15.100416747;        0000525P0000306
144,529,1,0,531;                                                 0000527P0000307
108,1.,0.,0.,-11.105,0,-11.105,0.,0.,0.;                         0000529P0000308
142,0,529,0,533,2;                                               0000531P0000309
102,9,535,537,541,543,545,547,549,553,555;                       0000533P0000310
110,-11.105,-7.5875,-18.02,-11.105,-3.0275,-18.02;               0000535P0000311
100,0.,0.,0.,0.8,0.,-2.131628207E-14,0.8;                        0000537P0000312
124,0.,0.,1.,-11.105,-2.831068713E-14,1.,0.,-3.0275,-1.,         0000539P0000313
-2.831068713E-14,0.,-17.22;                                      0000539P0000314
110,-11.105,-2.2275,-17.22,-11.105,-2.2275,-15.08;               0000541P0000315
110,-11.105,-2.2275,-15.08,-11.105,-2.8675,-15.08;               0000543P0000316
110,-11.105,-2.8675,-15.08,-11.105,-2.8675,-15.100416747;        0000545P0000317
110,-11.105,-2.8675,-15.100416747,-11.105,-2.8675,-17.22;        0000547P0000318
100,0.,0.,0.,0.16,0.,0.,0.16;                                    0000549P0000319
124,0.,0.,-1.,-11.105,1.,0.,0.,-3.0275,0.,-1.,0.,-17.22;         0000551P0000320
110,-11.105,-3.0275,-17.38,-11.105,-7.5875,-17.38;               0000553P0000321
110,-11.105,-7.5875,-17.38,-11.105,-7.5875,-18.02;               0000555P0000322
144,559,1,0,561;                                                 0000557P0000323
108,0.763871913,0.645367881,-0.,-13.379526382,0,-10.689451235,   0000559P0000324
-8.079352848,-18.02,0.;                                          0000559P0000325
142,0,559,0,563,2;                                               0000561P0000326
102,4,565,567,569,571;                                           0000563P0000327
110,-11.105,-7.5875,-18.02,-11.105,-7.5875,-17.38;               0000565P0000328
110,-11.105,-7.5875,-17.38,-10.689451235,-8.079352848,-17.38;    0000567P0000329
110,-10.689451235,-8.079352848,-17.38,-10.689451235,             0000569P0000330
-8.079352848,-18.02;                                             0000569P0000331
110,-10.689451235,-8.079352848,-18.02,-11.105,-7.5875,-18.02;    0000571P0000332
144,575,1,0,577;                                                 0000573P0000333
108,-0.,-0.,-1.,18.02,0,-11.105,-10.5875,-18.02,0.;              0000575P0000334
142,0,575,0,579,2;                                               0000577P0000335
102,7,581,583,585,587,589,591,595;                               0000579P0000336
110,-11.545,-10.5875,-18.02,-12.045,-10.5875,-18.02;             0000581P0000337
110,-12.045,-10.5875,-18.02,-12.045,-3.0275,-18.02;              0000583P0000338
110,-12.045,-3.0275,-18.02,-11.105,-3.0275,-18.02;               0000585P0000339
110,-11.105,-3.0275,-18.02,-11.105,-7.5875,-18.02;               0000587P0000340
110,-11.105,-7.5875,-18.02,-10.689451235,-8.079352848,-18.02;    0000589P0000341
100,0.,0.,0.,0.176138819,-0.359131057,0.4,0.;                    0000591P0000342
124,0.915797865,-0.401639478,0.,-10.995,-0.401639478,            0000593P0000343
-0.915797865,0.,-8.3375,0.,0.,-1.,-18.02;                        0000593P0000344
110,-10.628680854,-8.498155791,-18.02,-11.545,-10.5875,-18.02;   0000595P0000345
144,599,1,0,601;                                                 0000597P0000346
108,-0.,-0.,-1.,18.02,0,-11.105,-10.5875,-18.02,0.;              0000599P0000347
142,0,599,0,603,2;                                               0000601P0000348
102,7,605,609,611,613,615,617,619;                               0000603P0000349
100,0.,0.,0.,0.176138819,-0.359131057,0.4,1.776356839E-15;       0000605P0000350
124,-0.763871913,0.645367881,0.,-13.995,0.645367881,0.763871913, 0000607P0000351
0.,-8.3375,0.,0.,-1.,-18.02;                                     0000607P0000352
110,-14.300548765,-8.079352848,-18.02,-13.885,-7.5875,-18.02;    0000609P0000353
110,-13.885,-7.5875,-18.02,-13.885,-3.0275,-18.02;               0000611P0000354
110,-13.885,-3.0275,-18.02,-12.945,-3.0275,-18.02;               0000613P0000355
110,-12.945,-3.0275,-18.02,-12.945,-10.5875,-18.02;              0000615P0000356
110,-12.945,-10.5875,-18.02,-13.445,-10.5875,-18.02;             0000617P0000357
110,-13.445,-10.5875,-18.02,-14.361319146,-8.498155791,-18.02;   0000619P0000358
144,623,1,0,625;                                                 0000621P0000359
108,0.915797865,-0.401639478,-0.,-6.320528377,0,-11.105,         0000623P0000360
-9.584234428,-18.02,0.;                                          0000623P0000361
142,0,623,0,627,2;                                               0000625P0000362
102,4,629,631,633,635;                                           0000627P0000363
110,-10.628680854,-8.498155791,-18.02,-10.628680854,             0000629P0000364
-8.498155791,-17.38;                                             0000629P0000365
110,-10.628680854,-8.498155791,-17.38,-11.545,-10.5875,-17.38;   0000631P0000366
110,-11.545,-10.5875,-17.38,-11.545,-10.5875,-18.02;             0000633P0000367
110,-11.545,-10.5875,-18.02,-10.628680854,-8.498155791,-18.02;   0000635P0000368
144,639,1,0,641;                                                 0000637P0000369
108,-0.,-1.,-0.,10.5875,0,-11.105,-10.5875,-17.38,0.;            0000639P0000370
142,0,639,0,643,2;                                               0000641P0000371
102,4,645,647,649,651;                                           0000643P0000372
110,-11.545,-10.5875,-17.38,-12.045,-10.5875,-17.38;             0000645P0000373
110,-12.045,-10.5875,-17.38,-12.045,-10.5875,-18.02;             0000647P0000374
110,-12.045,-10.5875,-18.02,-11.545,-10.5875,-18.02;             0000649P0000375
110,-11.545,-10.5875,-18.02,-11.545,-10.5875,-17.38;             0000651P0000376
144,655,1,0,657;                                                 0000653P0000377
108,-0.,-1.,-0.,10.5875,0,-11.105,-10.5875,-17.38,0.;            0000655P0000378
142,0,655,0,659,2;                                               0000657P0000379
102,4,661,663,665,667;                                           0000659P0000380
110,-13.445,-10.5875,-18.02,-12.945,-10.5875,-18.02;             0000661P0000381
110,-12.945,-10.5875,-18.02,-12.945,-10.5875,-17.38;             0000663P0000382
110,-12.945,-10.5875,-17.38,-13.445,-10.5875,-17.38;             0000665P0000383
110,-13.445,-10.5875,-17.38,-13.445,-10.5875,-18.02;             0000667P0000384
144,671,1,0,673;                                                 0000669P0000385
108,-1.,0.,0.,12.045,0,-12.045,-2.2275,-18.02,0.;                0000671P0000386
142,0,671,0,675,2;                                               0000673P0000387
102,8,677,679,683,685,687,689,693,695;                           0000675P0000388
110,-12.045,-2.2275,-15.53,-12.045,-2.2275,-17.22;               0000677P0000389
100,0.,0.,0.,1.421085472E-14,-0.8,0.8,0.;                        0000679P0000390
124,0.,0.,-1.,-12.045,1.665334537E-14,-1.,0.,-3.0275,-1.,        0000681P0000391
-1.665334537E-14,-0.,-17.22;                                     0000681P0000392
110,-12.045,-3.0275,-18.02,-12.045,-10.5875,-18.02;              0000683P0000393
110,-12.045,-10.5875,-18.02,-12.045,-10.5875,-17.38;             0000685P0000394
110,-12.045,-10.5875,-17.38,-12.045,-3.0275,-17.38;              0000687P0000395
100,0.,0.,0.,0.16,0.,-1.776356839E-14,0.16;                      0000689P0000396
124,0.,0.,1.,-12.045,-1.110223025E-13,1.,0.,-3.0275,-1.,         0000691P0000397
-1.110223025E-13,0.,-17.22;                                      0000691P0000398
110,-12.045,-2.8675,-17.22,-12.045,-2.8675,-15.53;               0000693P0000399
110,-12.045,-2.8675,-15.53,-12.045,-2.2275,-15.53;               0000695P0000400
144,699,1,0,707;                                                 0000697P0000401
120,703,705,3.141592654,6.283185307;                             0000699P0000402
124,-1.,0.,0.,-12.495,0.,0.,-1.,-2.2275,0.,1.,0.,-15.53;         0000701P0000403
110,0.,0.,1.,0.,0.,0.;                                           0000703P0000404
110,0.45,0.,0.,0.45,0.,0.64;                                     0000705P0000405
142,0,699,709,719,3;                                             0000707P0000406
102,4,711,713,715,717;                                           0000709P0000407
110,1.,3.141592654,0.,1.,6.283185307,0.;                         0000711P0000408
110,1.,6.283185307,0.,0.,6.283185307,0.;                         0000713P0000409
110,3.944304526E-31,6.283185307,0.,-1.089958906E-15,3.141592654, 0000715P0000410
0.;                                                              0000715P0000411
110,-1.089958906E-15,3.141592654,0.,1.,3.141592654,0.;           0000717P0000412
102,4,721,725,727,731;                                           0000719P0000413
100,0.,0.,0.,0.45,0.,-0.45,0.;                                   0000721P0000414
124,1.,0.,0.,-12.495,0.,0.,-1.,-2.8675,0.,1.,0.,-15.53;          0000723P0000415
110,-12.945,-2.8675,-15.53,-12.945,-2.2275,-15.53;               0000725P0000416
100,0.,0.,0.,-0.45,0.,0.45,0.;                                   0000727P0000417
124,1.,0.,0.,-12.495,0.,0.,1.,-2.2275,0.,-1.,0.,-15.53;          0000729P0000418
110,-12.045,-2.2275,-15.53,-12.045,-2.8675,-15.53;               0000731P0000419
144,735,1,0,737;                                                 0000733P0000420
108,-0.,1.,-0.,-2.2275,0,-9.465,-2.2275,-15.08,0.;               0000735P0000421
142,0,735,0,739,2;                                               0000737P0000422
102,16,741,743,745,747,749,751,753,755,757,759,761,763,765,767,  0000739P0000423
769,771;                                                         0000739P0000424
110,-12.945,-2.2275,-15.53,-12.945,-2.2275,-17.22;               0000741P0000425
110,-12.945,-2.2275,-17.22,-13.885,-2.2275,-17.22;               0000743P0000426
110,-13.885,-2.2275,-17.22,-13.885,-2.2275,-15.08;               0000745P0000427
110,-13.885,-2.2275,-15.08,-15.405,-2.2275,-15.08;               0000747P0000428
110,-15.405,-2.2275,-15.08,-15.405,-2.2275,-10.36;               0000749P0000429
110,-15.405,-2.2275,-10.36,-14.995,-2.2275,-10.36;               0000751P0000430
110,-14.995,-2.2275,-10.36,-14.995,-2.2275,-10.61;               0000753P0000431
110,-14.995,-2.2275,-10.61,-9.995,-2.2275,-10.61;                0000755P0000432
110,-9.995,-2.2275,-10.61,-9.995,-2.2275,-10.36;                 0000757P0000433
110,-9.995,-2.2275,-10.36,-9.465,-2.2275,-10.36;                 0000759P0000434
110,-9.465,-2.2275,-10.36,-9.465,-2.2275,-15.08;                 0000761P0000435
110,-9.465,-2.2275,-15.08,-11.105,-2.2275,-15.08;                0000763P0000436
110,-11.105,-2.2275,-15.08,-11.105,-2.2275,-17.22;               0000765P0000437
110,-11.105,-2.2275,-17.22,-12.045,-2.2275,-17.22;               0000767P0000438
110,-12.045,-2.2275,-17.22,-12.045,-2.2275,-15.53;               0000769P0000439
100,0.,0.,0.,0.45,0.,-0.45,0.;                                   0000771P0000440
124,1.,0.,0.,-12.495,0.,0.,-1.,-2.2275,0.,1.,0.,-15.53;          0000773P0000441
144,777,1,0,785;                                                 0000775P0000442
120,781,783,3.141592654,4.71238898;                              0000777P0000443
124,0.,0.,1.,-11.105,-1.,0.,0.,-3.0275,0.,-1.,0.,-17.22;         0000779P0000444
110,0.,0.,1.,0.,0.,0.;                                           0000781P0000445
110,0.8,0.,-2.78,0.8,0.,-1.84;                                   0000783P0000446
142,0,777,787,797,3;                                             0000785P0000447
102,4,789,791,793,795;                                           0000787P0000448
110,1.,4.71238898,0.,-5.551115123E-16,4.71238898,0.;             0000789P0000449
110,-3.710498402E-16,4.71238898,0.,-7.420996804E-16,3.141592654, 0000791P0000450
0.;                                                              0000791P0000451
110,-8.881784197E-16,3.141592654,0.,1.,3.141592654,0.;           0000793P0000452
110,1.,3.141592654,0.,1.,4.71238898,0.;                          0000795P0000453
102,4,799,801,805,807;                                           0000797P0000454
110,-12.945,-3.0275,-18.02,-13.885,-3.0275,-18.02;               0000799P0000455
100,0.,0.,0.,0.8,0.,-2.131628207E-14,0.8;                        0000801P0000456
124,0.,0.,1.,-13.885,-2.831068713E-14,1.,0.,-3.0275,-1.,         0000803P0000457
-2.831068713E-14,0.,-17.22;                                      0000803P0000458
110,-13.885,-2.2275,-17.22,-12.945,-2.2275,-17.22;               0000805P0000459
100,0.,0.,0.,1.421085472E-14,-0.8,0.8,0.;                        0000807P0000460
124,0.,0.,-1.,-12.945,1.665334537E-14,-1.,0.,-3.0275,-1.,        0000809P0000461
-1.665334537E-14,-0.,-17.22;                                     0000809P0000462
144,813,1,0,821;                                                 0000811P0000463
120,817,819,3.141592654,4.71238898;                              0000813P0000464
124,0.,0.,1.,-11.105,-1.,0.,0.,-3.0275,0.,-1.,0.,-17.22;         0000815P0000465
110,0.,0.,1.,0.,0.,0.;                                           0000817P0000466
110,0.8,0.,-0.94,0.8,0.,0.;                                      0000819P0000467
142,0,813,823,833,3;                                             0000821P0000468
102,4,825,827,829,831;                                           0000823P0000469
110,-8.881784197E-16,3.141592654,0.,1.,3.141592654,0.;           0000825P0000470
110,1.,3.141592654,0.,1.,4.71238898,0.;                          0000827P0000471
110,1.,4.71238898,0.,-5.551115123E-16,4.71238898,0.;             0000829P0000472
110,-3.710498402E-16,4.71238898,0.,-7.420996804E-16,3.141592654, 0000831P0000473
0.;                                                              0000831P0000474
102,4,835,837,841,843;                                           0000833P0000475
110,-12.045,-2.2275,-17.22,-11.105,-2.2275,-17.22;               0000835P0000476
100,0.,0.,0.,-2.131628207E-14,-0.8,0.8,0.;                       0000837P0000477
124,0.,0.,-1.,-11.105,-2.831068713E-14,-1.,0.,-3.0275,-1.,       0000839P0000478
2.831068713E-14,-0.,-17.22;                                      0000839P0000479
110,-11.105,-3.0275,-18.02,-12.045,-3.0275,-18.02;               0000841P0000480
100,0.,0.,0.,0.8,0.,1.421085472E-14,0.8;                         0000843P0000481
124,0.,0.,1.,-12.045,1.665334537E-14,1.,0.,-3.0275,-1.,          0000845P0000482
1.665334537E-14,0.,-17.22;                                       0000845P0000483
144,849,1,0,851;                                                 0000847P0000484
108,1.,0.,0.,-12.945,0,-12.945,-2.2275,-15.53,0.;                0000849P0000485
142,0,849,0,853,2;                                               0000851P0000486
102,8,855,857,861,863,865,867,871,873;                           0000853P0000487
110,-12.945,-2.8675,-15.53,-12.945,-2.8675,-17.22;               0000855P0000488
100,0.,0.,0.,-1.776356839E-14,-0.16,0.16,0.;                     0000857P0000489
124,0.,0.,-1.,-12.945,-1.110223025E-13,-1.,0.,-3.0275,-1.,       0000859P0000490
1.110223025E-13,-0.,-17.22;                                      0000859P0000491
110,-12.945,-3.0275,-17.38,-12.945,-10.5875,-17.38;              0000861P0000492
110,-12.945,-10.5875,-17.38,-12.945,-10.5875,-18.02;             0000863P0000493
110,-12.945,-10.5875,-18.02,-12.945,-3.0275,-18.02;              0000865P0000494
100,0.,0.,0.,0.8,0.,1.421085472E-14,0.8;                         0000867P0000495
124,0.,0.,1.,-12.945,1.665334537E-14,1.,0.,-3.0275,-1.,          0000869P0000496
1.665334537E-14,0.,-17.22;                                       0000869P0000497
110,-12.945,-2.2275,-17.22,-12.945,-2.2275,-15.53;               0000871P0000498
110,-12.945,-2.2275,-15.53,-12.945,-2.8675,-15.53;               0000873P0000499
144,877,1,0,879;                                                 0000875P0000500
108,-0.,-0.,1.,-17.38,0,-11.105,-3.0275,-17.38,0.;               0000877P0000501
142,0,877,0,881,2;                                               0000879P0000502
102,7,883,887,889,891,893,895,897;                               0000881P0000503
100,0.,0.,0.,0.4,0.,0.176138819,0.359131057;                     0000883P0000504
124,0.915797865,0.401639478,0.,-10.995,-0.401639478,0.915797865, 0000885P0000505
0.,-8.3375,0.,0.,1.,-17.38;                                      0000885P0000506
110,-10.689451235,-8.079352848,-17.38,-11.105,-7.5875,-17.38;    0000887P0000507
110,-11.105,-7.5875,-17.38,-11.105,-3.0275,-17.38;               0000889P0000508
110,-11.105,-3.0275,-17.38,-12.045,-3.0275,-17.38;               0000891P0000509
110,-12.045,-3.0275,-17.38,-12.045,-10.5875,-17.38;              0000893P0000510
110,-12.045,-10.5875,-17.38,-11.545,-10.5875,-17.38;             0000895P0000511
110,-11.545,-10.5875,-17.38,-10.628680854,-8.498155791,-17.38;   0000897P0000512
144,901,1,0,903;                                                 0000899P0000513
108,-0.,-0.,1.,-17.38,0,-11.105,-3.0275,-17.38,0.;               0000901P0000514
142,0,901,0,905,2;                                               0000903P0000515
102,7,907,909,911,913,915,917,921;                               0000905P0000516
110,-13.445,-10.5875,-17.38,-12.945,-10.5875,-17.38;             0000907P0000517
110,-12.945,-10.5875,-17.38,-12.945,-3.0275,-17.38;              0000909P0000518
110,-12.945,-3.0275,-17.38,-13.885,-3.0275,-17.38;               0000911P0000519
110,-13.885,-3.0275,-17.38,-13.885,-7.5875,-17.38;               0000913P0000520
110,-13.885,-7.5875,-17.38,-14.300548765,-8.079352848,-17.38;    0000915P0000521
100,0.,0.,0.,0.4,-1.776356839E-15,0.176138819,0.359131057;       0000917P0000522
124,-0.763871913,-0.645367881,0.,-13.995,0.645367881,            0000919P0000523
-0.763871913,0.,-8.3375,0.,0.,1.,-17.38;                         0000919P0000524
110,-14.361319146,-8.498155791,-17.38,-13.445,-10.5875,-17.38;   0000921P0000525
144,925,1,0,933;                                                 0000923P0000526
120,929,931,1.570796327,3.141592654;                             0000925P0000527
124,0.,-0.,1.,-11.105,-1.,0.,0.,-3.0275,0.,1.,0.,-17.22;         0000927P0000528
110,0.,0.,1.,0.,0.,0.;                                           0000929P0000529
110,0.16,0.,-2.78,0.16,0.,-1.84;                                 0000931P0000530
142,0,925,935,945,3;                                             0000933P0000531
102,4,937,939,941,943;                                           0000935P0000532
110,1.,3.141592654,0.,-8.881784197E-16,3.141592654,0.;           0000937P0000533
110,-7.420996804E-16,3.141592654,0.,-1.113149521E-15,            0000939P0000534
1.570796327,0.;                                                  0000939P0000535
110,-1.221245327E-15,1.570796327,0.,1.,1.570796327,0.;           0000941P0000536
110,1.,1.570796327,0.,1.,3.141592654,0.;                         0000943P0000537
102,4,947,949,953,955;                                           0000945P0000538
110,-12.945,-2.8675,-17.22,-13.885,-2.8675,-17.22;               0000947P0000539
100,0.,0.,0.,0.16,0.,0.,0.16;                                    0000949P0000540
124,0.,0.,-1.,-13.885,1.,0.,0.,-3.0275,0.,-1.,0.,-17.22;         0000951P0000541
110,-13.885,-3.0275,-17.38,-12.945,-3.0275,-17.38;               0000953P0000542
100,0.,0.,0.,0.16,0.,-1.776356839E-14,0.16;                      0000955P0000543
124,0.,0.,1.,-12.945,-1.110223025E-13,1.,0.,-3.0275,-1.,         0000957P0000544
-1.110223025E-13,0.,-17.22;                                      0000957P0000545
144,961,1,0,969;                                                 0000959P0000546
120,965,967,1.570796327,3.141592654;                             0000961P0000547
124,0.,-0.,1.,-11.105,-1.,0.,0.,-3.0275,0.,1.,0.,-17.22;         0000963P0000548
110,0.,0.,1.,0.,0.,0.;                                           0000965P0000549
110,0.16,0.,-0.94,0.16,0.,0.;                                    0000967P0000550
142,0,961,971,981,3;                                             0000969P0000551
102,4,973,975,977,979;                                           0000971P0000552
110,-1.221245327E-15,1.570796327,0.,1.,1.570796327,0.;           0000973P0000553
110,1.,1.570796327,0.,1.,3.141592654,0.;                         0000975P0000554
110,1.,3.141592654,0.,-8.881784197E-16,3.141592654,0.;           0000977P0000555
110,-7.420996804E-16,3.141592654,0.,-1.113149521E-15,            0000979P0000556
1.570796327,0.;                                                  0000979P0000557
102,4,983,985,989,991;                                           0000981P0000558
110,-12.045,-3.0275,-17.38,-11.105,-3.0275,-17.38;               0000983P0000559
100,0.,0.,0.,0.,-0.16,0.16,0.;                                   0000985P0000560
124,0.,0.,1.,-11.105,1.,0.,-0.,-3.0275,0.,1.,0.,-17.22;          0000987P0000561
110,-11.105,-2.8675,-17.22,-12.045,-2.8675,-17.22;               0000989P0000562
100,0.,0.,0.,-1.776356839E-14,-0.16,0.16,0.;                     0000991P0000563
124,0.,0.,-1.,-12.045,-1.110223025E-13,-1.,0.,-3.0275,-1.,       0000993P0000564
1.110223025E-13,-0.,-17.22;                                      0000993P0000565
144,997,1,0,999;                                                 0000995P0000566
108,-1.,-0.,-0.,13.885,0,-13.885,0.,0.,0.;                       0000997P0000567
142,0,997,0,1001,2;                                              0000999P0000568
102,9,1003,1005,1009,1011,1013,1015,1017,1021,1023;              0001001P0000569
110,-13.885,-7.5875,-17.38,-13.885,-3.0275,-17.38;               0001003P0000570
100,0.,0.,0.,0.,-0.16,0.16,0.;                                   0001005P0000571
124,0.,0.,1.,-13.885,1.,0.,-0.,-3.0275,0.,1.,0.,-17.22;          0001007P0000572
110,-13.885,-2.8675,-17.22,-13.885,-2.8675,-15.100416747;        0001009P0000573
110,-13.885,-2.8675,-15.100416747,-13.885,-2.8675,-15.08;        0001011P0000574
110,-13.885,-2.8675,-15.08,-13.885,-2.2275,-15.08;               0001013P0000575
110,-13.885,-2.2275,-15.08,-13.885,-2.2275,-17.22;               0001015P0000576
100,0.,0.,0.,-2.131628207E-14,-0.8,0.8,0.;                       0001017P0000577
124,0.,0.,-1.,-13.885,-2.831068713E-14,-1.,0.,-3.0275,-1.,       0001019P0000578
2.831068713E-14,-0.,-17.22;                                      0001019P0000579
110,-13.885,-3.0275,-18.02,-13.885,-7.5875,-18.02;               0001021P0000580
110,-13.885,-7.5875,-18.02,-13.885,-7.5875,-17.38;               0001023P0000581
144,1027,1,0,1029;                                               0001025P0000582
108,-0.763871913,0.645367881,-0.,5.709632713,0,-13.885,-7.5875,  0001027P0000583
-18.02,0.;                                                       0001027P0000584
142,0,1027,0,1031,2;                                             0001029P0000585
102,4,1033,1035,1037,1039;                                       0001031P0000586
110,-14.300548765,-8.079352848,-18.02,-14.300548765,             0001033P0000587
-8.079352848,-17.38;                                             0001033P0000588
110,-14.300548765,-8.079352848,-17.38,-13.885,-7.5875,-17.38;    0001035P0000589
110,-13.885,-7.5875,-17.38,-13.885,-7.5875,-18.02;               0001037P0000590
110,-13.885,-7.5875,-18.02,-14.300548765,-8.079352848,-18.02;    0001039P0000591
144,1043,1,0,1051;                                               0001041P0000592
120,1047,1049,-0.413306363,0.701504785;                          0001043P0000593
124,-1.,0.,0.,-13.995,0.,-1.,0.,-8.3375,0.,0.,1.,-18.02;         0001045P0000594
110,0.,0.,1.,0.,0.,0.;                                           0001047P0000595
110,0.4,0.,0.,0.4,0.,0.64;                                       0001049P0000596
142,0,1043,1053,1063,3;                                          0001051P0000597
102,4,1055,1057,1059,1061;                                       0001053P0000598
110,-2.323312261E-15,-0.413306363,0.,1.,-0.413306363,0.;         0001055P0000599
110,1.,-0.413306363,0.,1.,0.701504785,0.;                        0001057P0000600
110,1.,0.701504785,0.,-1.936534447E-15,0.701504785,0.;           0001059P0000601
110,-1.936534447E-15,0.701504785,0.,-2.323312261E-15,            0001061P0000602
-0.413306363,0.;                                                 0001061P0000603
102,4,1065,1067,1071,1073;                                       0001063P0000604
110,-14.361319146,-8.498155791,-18.02,-14.361319146,             0001065P0000605
-8.498155791,-17.38;                                             0001065P0000606
100,0.,0.,0.,0.176138819,-0.359131057,0.4,1.776356839E-15;       0001067P0000607
124,-0.763871913,0.645367881,0.,-13.995,0.645367881,0.763871913, 0001069P0000608
0.,-8.3375,0.,0.,-1.,-17.38;                                     0001069P0000609
110,-14.300548765,-8.079352848,-17.38,-14.300548765,             0001071P0000610
-8.079352848,-18.02;                                             0001071P0000611
100,0.,0.,0.,0.4,-1.776356839E-15,0.176138819,0.359131057;       0001073P0000612
124,-0.763871913,-0.645367881,0.,-13.995,0.645367881,            0001075P0000613
-0.763871913,0.,-8.3375,0.,0.,1.,-18.02;                         0001075P0000614
144,1079,1,0,1081;                                               0001077P0000615
108,-0.915797865,-0.401639478,-0.,16.56526027,0,-14.361319146,   0001079P0000616
-8.498155791,-18.02,0.;                                          0001079P0000617
142,0,1079,0,1083,2;                                             0001081P0000618
102,4,1085,1087,1089,1091;                                       0001083P0000619
110,-14.361319146,-8.498155791,-17.38,-14.361319146,             0001085P0000620
-8.498155791,-18.02;                                             0001085P0000621
110,-14.361319146,-8.498155791,-18.02,-13.445,-10.5875,-18.02;   0001087P0000622
110,-13.445,-10.5875,-18.02,-13.445,-10.5875,-17.38;             0001089P0000623
110,-13.445,-10.5875,-17.38,-14.361319146,-8.498155791,-17.38;   0001091P0000624
144,1095,1,0,1097;                                               0001093P0000625
108,-0.,-0.,-1.,15.08,0,-9.465,-2.8675,-15.08,0.;                0001095P0000626
142,0,1095,0,1099,2;                                             0001097P0000627
102,4,1101,1103,1105,1107;                                       0001099P0000628
110,-11.105,-2.2275,-15.08,-9.465,-2.2275,-15.08;                0001101P0000629
110,-9.465,-2.2275,-15.08,-9.465,-2.8675,-15.08;                 0001103P0000630
110,-9.465,-2.8675,-15.08,-11.105,-2.8675,-15.08;                0001105P0000631
110,-11.105,-2.8675,-15.08,-11.105,-2.2275,-15.08;               0001107P0000632
144,1111,1,0,1113;                                               0001109P0000633
108,-0.,-0.,-1.,15.08,0,-9.465,-2.8675,-15.08,0.;                0001111P0000634
142,0,1111,0,1115,2;                                             0001113P0000635
102,4,1117,1119,1121,1123;                                       0001115P0000636
110,-13.885,-2.8675,-15.08,-15.405,-2.8675,-15.08;               0001117P0000637
110,-15.405,-2.8675,-15.08,-15.405,-2.2275,-15.08;               0001119P0000638
110,-15.405,-2.2275,-15.08,-13.885,-2.2275,-15.08;               0001121P0000639
110,-13.885,-2.2275,-15.08,-13.885,-2.8675,-15.08;               0001123P0000640
144,1127,1,0,1129;                                               0001125P0000641
108,1.,0.,0.,-9.465,0,-9.465,0.,0.,0.;                           0001127P0000642
142,0,1127,0,1131,2;                                             0001129P0000643
102,4,1133,1135,1137,1139;                                       0001131P0000644
110,-9.465,-2.2275,-15.08,-9.465,-2.2275,-10.36;                 0001133P0000645
110,-9.465,-2.2275,-10.36,-9.465,-2.8675,-10.36;                 0001135P0000646
110,-9.465,-2.8675,-10.36,-9.465,-2.8675,-15.08;                 0001137P0000647
110,-9.465,-2.8675,-15.08,-9.465,-2.2275,-15.08;                 0001139P0000648
144,1143,1,0,1145;                                               0001141P0000649
108,0.,0.,-1.,10.36,0,0.,0.,-10.36,0.;                           0001143P0000650
142,0,1143,0,1147,2;                                             0001145P0000651
102,11,1149,1151,1153,1157,1159,1161,1163,1165,1167,1169,1171;   0001147P0000652
110,9.465,-2.8675,-10.36,8.725,-2.8675,-10.36;                   0001149P0000653
110,8.725,-2.8675,-10.36,8.725,3.7075,-10.36;                    0001151P0000654
100,0.,0.,0.,1.46,0.,0.,1.46;                                    0001153P0000655
124,1.,0.,0.,7.265,0.,1.,0.,3.7075,0.,0.,1.,-10.36;              0001155P0000656
110,7.265,5.1675,-10.36,15.405,5.1675,-10.36;                    0001157P0000657
110,15.405,5.1675,-10.36,15.405,-2.2275,-10.36;                  0001159P0000658
110,15.405,-2.2275,-10.36,14.995,-2.2275,-10.36;                 0001161P0000659
110,14.995,-2.2275,-10.36,14.995,2.5,-10.36;                     0001163P0000660
110,14.995,2.5,-10.36,9.995,2.5,-10.36;                          0001165P0000661
110,9.995,2.5,-10.36,9.995,-2.2275,-10.36;                       0001167P0000662
110,9.995,-2.2275,-10.36,9.465,-2.2275,-10.36;                   0001169P0000663
110,9.465,-2.2275,-10.36,9.465,-2.8675,-10.36;                   0001171P0000664
144,1175,1,0,1177;                                               0001173P0000665
108,0.,0.,-1.,10.36,0,0.,0.,-10.36,0.;                           0001175P0000666
142,0,1175,0,1179,2;                                             0001177P0000667
102,11,1181,1183,1185,1187,1189,1191,1193,1195,1199,1201,1203;   0001179P0000668
110,-9.465,-2.2275,-10.36,-9.995,-2.2275,-10.36;                 0001181P0000669
110,-9.995,-2.2275,-10.36,-9.995,2.5,-10.36;                     0001183P0000670
110,-9.995,2.5,-10.36,-14.995,2.5,-10.36;                        0001185P0000671
110,-14.995,2.5,-10.36,-14.995,-2.2275,-10.36;                   0001187P0000672
110,-14.995,-2.2275,-10.36,-15.405,-2.2275,-10.36;               0001189P0000673
110,-15.405,-2.2275,-10.36,-15.405,5.1675,-10.36;                0001191P0000674
110,-15.405,5.1675,-10.36,-7.265,5.1675,-10.36;                  0001193P0000675
100,0.,0.,0.,1.46,0.,0.,1.46;                                    0001195P0000676
124,0.,-1.,0.,-7.265,1.,0.,0.,3.7075,0.,0.,1.,-10.36;            0001197P0000677
110,-8.725,3.7075,-10.36,-8.725,-2.8675,-10.36;                  0001199P0000678
110,-8.725,-2.8675,-10.36,-9.465,-2.8675,-10.36;                 0001201P0000679
110,-9.465,-2.8675,-10.36,-9.465,-2.2275,-10.36;                 0001203P0000680
144,1207,1,0,1209;                                               0001205P0000681
108,-1.,-0.,-0.,-9.465,0,9.465,0.,0.,0.;                         0001207P0000682
142,0,1207,0,1211,2;                                             0001209P0000683
102,4,1213,1215,1217,1219;                                       0001211P0000684
110,9.465,-2.2275,-10.36,9.465,-2.2275,-15.08;                   0001213P0000685
110,9.465,-2.2275,-15.08,9.465,-2.8675,-15.08;                   0001215P0000686
110,9.465,-2.8675,-15.08,9.465,-2.8675,-10.36;                   0001217P0000687
110,9.465,-2.8675,-10.36,9.465,-2.2275,-10.36;                   0001219P0000688
144,1223,1,0,1225;                                               0001221P0000689
108,-0.,1.,-0.,-2.8675,0,15.405,-2.8675,-20.65,0.;               0001223P0000690
142,0,1223,0,1227,2;                                             0001225P0000691
102,8,1229,1233,1235,1237,1239,1241,1243,1245;                   0001227P0000692
100,0.,0.,0.,1.76,8.881784197E-16,1.39,1.079583253;              0001229P0000693
124,-0.789772727,-0.613399576,0.,12.495,0.,0.,-1.,-2.8675,       0001231P0000694
0.613399576,-0.789772727,0.,-16.18;                              0001231P0000695
110,10.735,-2.8675,-16.18,10.735,-2.8675,-20.65;                 0001233P0000696
110,10.735,-2.8675,-20.65,8.725,-2.8675,-20.65;                  0001235P0000697
110,8.725,-2.8675,-20.65,8.725,-2.8675,-10.36;                   0001237P0000698
110,8.725,-2.8675,-10.36,9.465,-2.8675,-10.36;                   0001239P0000699
110,9.465,-2.8675,-10.36,9.465,-2.8675,-15.08;                   0001241P0000700
110,9.465,-2.8675,-15.08,11.105,-2.8675,-15.08;                  0001243P0000701
110,11.105,-2.8675,-15.08,11.105,-2.8675,-15.100416747;          0001245P0000702
144,1249,1,0,1251;                                               0001247P0000703
108,-0.,1.,-0.,-2.8675,0,15.405,-2.8675,-20.65,0.;               0001249P0000704
142,0,1249,0,1253,2;                                             0001251P0000705
102,6,1255,1257,1259,1261,1263,1267;                             0001253P0000706
110,13.885,-2.8675,-15.08,15.405,-2.8675,-15.08;                 0001255P0000707
110,15.405,-2.8675,-15.08,15.405,-2.8675,-18.85;                 0001257P0000708
110,15.405,-2.8675,-18.85,14.255,-2.8675,-18.85;                 0001259P0000709
110,14.255,-2.8675,-18.85,14.255,-2.8675,-16.18;                 0001261P0000710
100,0.,0.,0.,1.76,0.,1.39,1.079583253;                           0001263P0000711
124,1.,0.,0.,12.495,0.,0.,-1.,-2.8675,0.,1.,0.,-16.18;           0001265P0000712
110,13.885,-2.8675,-15.100416747,13.885,-2.8675,-15.08;          0001267P0000713
144,1271,1,0,1273;                                               0001269P0000714
108,-1.,-0.,-0.,-11.105,0,11.105,0.,0.,0.;                       0001271P0000715
142,0,1271,0,1275,2;                                             0001273P0000716
102,9,1277,1279,1283,1285,1287,1289,1291,1295,1297;              0001275P0000717
110,11.105,-7.5875,-17.38,11.105,-3.0275,-17.38;                 0001277P0000718
100,0.,0.,0.,0.,-0.16,0.16,0.;                                   0001279P0000719
124,0.,0.,1.,11.105,1.,0.,-0.,-3.0275,0.,1.,0.,-17.22;           0001281P0000720
110,11.105,-2.8675,-17.22,11.105,-2.8675,-15.100416747;          0001283P0000721
110,11.105,-2.8675,-15.100416747,11.105,-2.8675,-15.08;          0001285P0000722
110,11.105,-2.8675,-15.08,11.105,-2.2275,-15.08;                 0001287P0000723
110,11.105,-2.2275,-15.08,11.105,-2.2275,-17.22;                 0001289P0000724
100,0.,0.,0.,-2.131628207E-14,-0.8,0.8,0.;                       0001291P0000725
124,0.,0.,-1.,11.105,-2.831068713E-14,-1.,0.,-3.0275,-1.,        0001293P0000726
2.831068713E-14,-0.,-17.22;                                      0001293P0000727
110,11.105,-3.0275,-18.02,11.105,-7.5875,-18.02;                 0001295P0000728
110,11.105,-7.5875,-18.02,11.105,-7.5875,-17.38;                 0001297P0000729
144,1301,1,0,1303;                                               0001299P0000730
108,-0.763871913,0.645367881,0.,-13.379526382,0,10.689451235,    0001301P0000731
-8.079352848,-18.02,0.;                                          0001301P0000732
142,0,1301,0,1305,2;                                             0001303P0000733
102,4,1307,1309,1311,1313;                                       0001305P0000734
110,11.105,-7.5875,-18.02,10.689451235,-8.079352848,-18.02;      0001307P0000735
110,10.689451235,-8.079352848,-18.02,10.689451235,-8.079352848,  0001309P0000736
-17.38;                                                          0001309P0000737
110,10.689451235,-8.079352848,-17.38,11.105,-7.5875,-17.38;      0001311P0000738
110,11.105,-7.5875,-17.38,11.105,-7.5875,-18.02;                 0001313P0000739
144,1317,1,0,1319;                                               0001315P0000740
108,0.,0.,1.,-17.38,0,11.105,-3.0275,-17.38,0.;                  0001317P0000741
142,0,1317,0,1321,2;                                             0001319P0000742
102,7,1323,1325,1327,1329,1331,1333,1337;                        0001321P0000743
110,11.545,-10.5875,-17.38,12.045,-10.5875,-17.38;               0001323P0000744
110,12.045,-10.5875,-17.38,12.045,-3.0275,-17.38;                0001325P0000745
110,12.045,-3.0275,-17.38,11.105,-3.0275,-17.38;                 0001327P0000746
110,11.105,-3.0275,-17.38,11.105,-7.5875,-17.38;                 0001329P0000747
110,11.105,-7.5875,-17.38,10.689451235,-8.079352848,-17.38;      0001331P0000748
100,0.,0.,0.,0.176138819,-0.359131057,0.4,0.;                    0001333P0000749
124,-0.915797865,0.401639478,-0.,10.995,-0.401639478,            0001335P0000750
-0.915797865,0.,-8.3375,-0.,0.,1.,-17.38;                        0001335P0000751
110,10.628680854,-8.498155791,-17.38,11.545,-10.5875,-17.38;     0001337P0000752
144,1341,1,0,1343;                                               0001339P0000753
108,0.,0.,1.,-17.38,0,11.105,-3.0275,-17.38,0.;                  0001341P0000754
142,0,1341,0,1345,2;                                             0001343P0000755
102,7,1347,1351,1353,1355,1357,1359,1361;                        0001345P0000756
100,0.,0.,0.,0.176138819,-0.359131057,0.4,1.776356839E-15;       0001347P0000757
124,0.763871913,-0.645367881,-0.,13.995,0.645367881,0.763871913, 0001349P0000758
0.,-8.3375,0.,0.,1.,-17.38;                                      0001349P0000759
110,14.300548765,-8.079352848,-17.38,13.885,-7.5875,-17.38;      0001351P0000760
110,13.885,-7.5875,-17.38,13.885,-3.0275,-17.38;                 0001353P0000761
110,13.885,-3.0275,-17.38,12.945,-3.0275,-17.38;                 0001355P0000762
110,12.945,-3.0275,-17.38,12.945,-10.5875,-17.38;                0001357P0000763
110,12.945,-10.5875,-17.38,13.445,-10.5875,-17.38;               0001359P0000764
110,13.445,-10.5875,-17.38,14.361319146,-8.498155791,-17.38;     0001361P0000765
144,1365,1,0,1367;                                               0001363P0000766
108,-0.915797865,-0.401639478,0.,-6.320528377,0,11.105,          0001365P0000767
-9.584234428,-18.02,0.;                                          0001365P0000768
142,0,1365,0,1369,2;                                             0001367P0000769
102,4,1371,1373,1375,1377;                                       0001369P0000770
110,10.628680854,-8.498155791,-17.38,10.628680854,-8.498155791,  0001371P0000771
-18.02;                                                          0001371P0000772
110,10.628680854,-8.498155791,-18.02,11.545,-10.5875,-18.02;     0001373P0000773
110,11.545,-10.5875,-18.02,11.545,-10.5875,-17.38;               0001375P0000774
110,11.545,-10.5875,-17.38,10.628680854,-8.498155791,-17.38;     0001377P0000775
144,1381,1,0,1383;                                               0001379P0000776
108,0.,-1.,0.,10.5875,0,11.105,-10.5875,-17.38,0.;               0001381P0000777
142,0,1381,0,1385,2;                                             0001383P0000778
102,4,1387,1389,1391,1393;                                       0001385P0000779
110,11.545,-10.5875,-18.02,12.045,-10.5875,-18.02;               0001387P0000780
110,12.045,-10.5875,-18.02,12.045,-10.5875,-17.38;               0001389P0000781
110,12.045,-10.5875,-17.38,11.545,-10.5875,-17.38;               0001391P0000782
110,11.545,-10.5875,-17.38,11.545,-10.5875,-18.02;               0001393P0000783
144,1397,1,0,1399;                                               0001395P0000784
108,0.,-1.,0.,10.5875,0,11.105,-10.5875,-17.38,0.;               0001397P0000785
142,0,1397,0,1401,2;                                             0001399P0000786
102,4,1403,1405,1407,1409;                                       0001401P0000787
110,13.445,-10.5875,-17.38,12.945,-10.5875,-17.38;               0001403P0000788
110,12.945,-10.5875,-17.38,12.945,-10.5875,-18.02;               0001405P0000789
110,12.945,-10.5875,-18.02,13.445,-10.5875,-18.02;               0001407P0000790
110,13.445,-10.5875,-18.02,13.445,-10.5875,-17.38;               0001409P0000791
144,1413,1,0,1415;                                               0001411P0000792
108,1.,-0.,-0.,12.045,0,12.045,-2.2275,-18.02,0.;                0001413P0000793
142,0,1413,0,1417,2;                                             0001415P0000794
102,8,1419,1423,1425,1427,1429,1433,1435,1437;                   0001417P0000795
100,0.,0.,0.,-1.776356839E-14,-0.16,0.16,0.;                     0001419P0000796
124,0.,0.,-1.,12.045,-1.110223025E-13,-1.,0.,-3.0275,-1.,        0001421P0000797
1.110223025E-13,-0.,-17.22;                                      0001421P0000798
110,12.045,-3.0275,-17.38,12.045,-10.5875,-17.38;                0001423P0000799
110,12.045,-10.5875,-17.38,12.045,-10.5875,-18.02;               0001425P0000800
110,12.045,-10.5875,-18.02,12.045,-3.0275,-18.02;                0001427P0000801
100,0.,0.,0.,0.8,0.,1.421085472E-14,0.8;                         0001429P0000802
124,0.,0.,1.,12.045,1.665334537E-14,1.,0.,-3.0275,-1.,           0001431P0000803
1.665334537E-14,0.,-17.22;                                       0001431P0000804
110,12.045,-2.2275,-17.22,12.045,-2.2275,-15.53;                 0001433P0000805
110,12.045,-2.2275,-15.53,12.045,-2.8675,-15.53;                 0001435P0000806
110,12.045,-2.8675,-15.53,12.045,-2.8675,-17.22;                 0001437P0000807
144,1441,1,0,1443;                                               0001439P0000808
108,0.,-1.,0.,2.8675,0,9.465,-2.8675,-10.36,0.;                  0001441P0000809
142,0,1441,0,1445,2;                                             0001443P0000810
102,8,1447,1449,1451,1453,1457,1459,1461,1463;                   0001445P0000811
110,12.945,-2.8675,-15.53,12.945,-2.8675,-17.22;                 0001447P0000812
110,12.945,-2.8675,-17.22,13.885,-2.8675,-17.22;                 0001449P0000813
110,13.885,-2.8675,-17.22,13.885,-2.8675,-15.100416747;          0001451P0000814
100,0.,0.,0.,-0.435568182,-1.70525082,1.76,8.881784197E-16;      0001453P0000815
124,-0.789772727,-0.613399576,0.,12.495,0.,0.,-1.,-2.8675,       0001455P0000816
0.613399576,-0.789772727,-0.,-16.18;                             0001455P0000817
110,11.105,-2.8675,-15.100416747,11.105,-2.8675,-17.22;          0001457P0000818
110,11.105,-2.8675,-17.22,12.045,-2.8675,-17.22;                 0001459P0000819
110,12.045,-2.8675,-17.22,12.045,-2.8675,-15.53;                 0001461P0000820
100,0.,0.,0.,0.45,0.,-0.45,0.;                                   0001463P0000821
124,-1.,0.,0.,12.495,0.,0.,1.,-2.8675,0.,1.,0.,-15.53;           0001465P0000822
144,1469,1,0,1477;                                               0001467P0000823
120,1473,1475,3.141592654,6.283185307;                           0001469P0000824
124,1.,-0.,0.,12.495,0.,0.,1.,-2.2275,0.,1.,0.,-15.53;           0001471P0000825
110,0.,0.,1.,0.,0.,0.;                                           0001473P0000826
110,0.45,0.,-0.64,0.45,0.,0.;                                    0001475P0000827
142,0,1469,1479,1489,3;                                          0001477P0000828
102,4,1481,1483,1485,1487;                                       0001479P0000829
110,-1.110223025E-15,3.141592654,0.,1.,3.141592654,0.;           0001481P0000830
110,1.,3.141592654,0.,1.,6.283185307,0.;                         0001483P0000831
110,1.,6.283185307,0.,-1.110223025E-16,6.283185307,0.;           0001485P0000832
110,3.944304526E-31,6.283185307,0.,-1.089958906E-15,3.141592654, 0001487P0000833
0.;                                                              0001487P0000834
102,4,1491,1493,1497,1499;                                       0001489P0000835
110,12.045,-2.8675,-15.53,12.045,-2.2275,-15.53;                 0001491P0000836
100,0.,0.,0.,0.45,0.,-0.45,0.;                                   0001493P0000837
124,-1.,0.,0.,12.495,0.,0.,1.,-2.2275,0.,1.,0.,-15.53;           0001495P0000838
110,12.945,-2.2275,-15.53,12.945,-2.8675,-15.53;                 0001497P0000839
100,0.,0.,0.,-0.45,0.,0.45,0.;                                   0001499P0000840
124,-1.,0.,0.,12.495,0.,0.,-1.,-2.8675,0.,-1.,-0.,-15.53;        0001501P0000841
144,1505,1,0,1507;                                               0001503P0000842
108,-1.,-0.,-0.,-12.945,0,12.945,-2.2275,-15.53,0.;              0001505P0000843
142,0,1505,0,1509,2;                                             0001507P0000844
102,8,1511,1513,1515,1519,1521,1523,1525,1529;                   0001509P0000845
110,12.945,-2.8675,-15.53,12.945,-2.2275,-15.53;                 0001511P0000846
110,12.945,-2.2275,-15.53,12.945,-2.2275,-17.22;                 0001513P0000847
100,0.,0.,0.,1.421085472E-14,-0.8,0.8,0.;                        0001515P0000848
124,0.,0.,-1.,12.945,1.665334537E-14,-1.,0.,-3.0275,-1.,         0001517P0000849
-1.665334537E-14,-0.,-17.22;                                     0001517P0000850
110,12.945,-3.0275,-18.02,12.945,-10.5875,-18.02;                0001519P0000851
110,12.945,-10.5875,-18.02,12.945,-10.5875,-17.38;               0001521P0000852
110,12.945,-10.5875,-17.38,12.945,-3.0275,-17.38;                0001523P0000853
100,0.,0.,0.,0.16,0.,-1.776356839E-14,0.16;                      0001525P0000854
124,0.,0.,1.,12.945,-1.110223025E-13,1.,0.,-3.0275,-1.,          0001527P0000855
-1.110223025E-13,0.,-17.22;                                      0001527P0000856
110,12.945,-2.8675,-17.22,12.945,-2.8675,-15.53;                 0001529P0000857
144,1533,1,0,1541;                                               0001531P0000858
120,1537,1539,1.570796327,3.141592654;                           0001533P0000859
124,0.,-0.,1.,11.105,-1.,0.,0.,-3.0275,0.,1.,0.,-17.22;          0001535P0000860
110,0.,0.,1.,0.,0.,0.;                                           0001537P0000861
110,0.16,0.,1.84,0.16,0.,2.78;                                   0001539P0000862
142,0,1533,1543,1553,3;                                          0001541P0000863
102,4,1545,1547,1549,1551;                                       0001543P0000864
110,-1.113149521E-15,1.570796327,0.,1.,1.570796327,0.;           0001545P0000865
110,1.,1.570796327,0.,1.,3.141592654,0.;                         0001547P0000866
110,1.,3.141592654,0.,-7.420996804E-16,3.141592654,0.;           0001549P0000867
110,-7.420996804E-16,3.141592654,0.,-1.113149521E-15,            0001551P0000868
1.570796327,0.;                                                  0001551P0000869
102,4,1555,1557,1561,1563;                                       0001553P0000870
110,12.945,-3.0275,-17.38,13.885,-3.0275,-17.38;                 0001555P0000871
100,0.,0.,0.,0.,-0.16,0.16,0.;                                   0001557P0000872
124,0.,0.,1.,13.885,1.,0.,-0.,-3.0275,0.,1.,0.,-17.22;           0001559P0000873
110,13.885,-2.8675,-17.22,12.945,-2.8675,-17.22;                 0001561P0000874
100,0.,0.,0.,-1.776356839E-14,-0.16,0.16,0.;                     0001563P0000875
124,0.,0.,-1.,12.945,-1.110223025E-13,-1.,0.,-3.0275,-1.,        0001565P0000876
1.110223025E-13,-0.,-17.22;                                      0001565P0000877
144,1569,1,0,1577;                                               0001567P0000878
120,1573,1575,1.570796327,3.141592654;                           0001569P0000879
124,0.,-0.,1.,11.105,-1.,0.,0.,-3.0275,0.,1.,0.,-17.22;          0001571P0000880
110,0.,0.,1.,0.,0.,0.;                                           0001573P0000881
110,0.16,0.,0.,0.16,0.,0.94;                                     0001575P0000882
142,0,1569,1579,1589,3;                                          0001577P0000883
102,4,1581,1583,1585,1587;                                       0001579P0000884
110,1.,3.141592654,0.,-7.420996804E-16,3.141592654,0.;           0001581P0000885
110,-7.420996804E-16,3.141592654,0.,-1.113149521E-15,            0001583P0000886
1.570796327,0.;                                                  0001583P0000887
110,-1.113149521E-15,1.570796327,0.,1.,1.570796327,0.;           0001585P0000888
110,1.,1.570796327,0.,1.,3.141592654,0.;                         0001587P0000889
102,4,1591,1593,1597,1599;                                       0001589P0000890
110,12.045,-2.8675,-17.22,11.105,-2.8675,-17.22;                 0001591P0000891
100,0.,0.,0.,0.16,0.,0.,0.16;                                    0001593P0000892
124,0.,0.,-1.,11.105,1.,0.,0.,-3.0275,0.,-1.,0.,-17.22;          0001595P0000893
110,11.105,-3.0275,-17.38,12.045,-3.0275,-17.38;                 0001597P0000894
100,0.,0.,0.,0.16,0.,-1.776356839E-14,0.16;                      0001599P0000895
124,0.,0.,1.,12.045,-1.110223025E-13,1.,0.,-3.0275,-1.,          0001601P0000896
-1.110223025E-13,0.,-17.22;                                      0001601P0000897
144,1605,1,0,1607;                                               0001603P0000898
108,1.,0.,0.,13.885,0,13.885,0.,0.,0.;                           0001605P0000899
142,0,1605,0,1609,2;                                             0001607P0000900
102,9,1611,1613,1617,1619,1621,1623,1625,1629,1631;              0001609P0000901
110,13.885,-7.5875,-18.02,13.885,-3.0275,-18.02;                 0001611P0000902
100,0.,0.,0.,0.8,0.,-2.131628207E-14,0.8;                        0001613P0000903
124,0.,0.,1.,13.885,-2.831068713E-14,1.,0.,-3.0275,-1.,          0001615P0000904
-2.831068713E-14,0.,-17.22;                                      0001615P0000905
110,13.885,-2.2275,-17.22,13.885,-2.2275,-15.08;                 0001617P0000906
110,13.885,-2.2275,-15.08,13.885,-2.8675,-15.08;                 0001619P0000907
110,13.885,-2.8675,-15.08,13.885,-2.8675,-15.100416747;          0001621P0000908
110,13.885,-2.8675,-15.100416747,13.885,-2.8675,-17.22;          0001623P0000909
100,0.,0.,0.,0.16,0.,0.,0.16;                                    0001625P0000910
124,0.,0.,-1.,13.885,1.,0.,0.,-3.0275,0.,-1.,0.,-17.22;          0001627P0000911
110,13.885,-3.0275,-17.38,13.885,-7.5875,-17.38;                 0001629P0000912
110,13.885,-7.5875,-17.38,13.885,-7.5875,-18.02;                 0001631P0000913
144,1635,1,0,1637;                                               0001633P0000914
108,0.763871913,0.645367881,0.,5.709632713,0,13.885,-7.5875,     0001635P0000915
-18.02,0.;                                                       0001635P0000916
142,0,1635,0,1639,2;                                             0001637P0000917
102,4,1641,1643,1645,1647;                                       0001639P0000918
110,13.885,-7.5875,-17.38,14.300548765,-8.079352848,-17.38;      0001641P0000919
110,14.300548765,-8.079352848,-17.38,14.300548765,-8.079352848,  0001643P0000920
-18.02;                                                          0001643P0000921
110,14.300548765,-8.079352848,-18.02,13.885,-7.5875,-18.02;      0001645P0000922
110,13.885,-7.5875,-18.02,13.885,-7.5875,-17.38;                 0001647P0000923
144,1651,1,0,1653;                                               0001649P0000924
108,0.,0.,-1.,18.02,0,11.105,-10.5875,-18.02,0.;                 0001651P0000925
142,0,1651,0,1655,2;                                             0001653P0000926
102,7,1657,1661,1663,1665,1667,1669,1671;                        0001655P0000927
100,0.,0.,0.,0.4,0.,0.176138819,0.359131057;                     0001657P0000928
124,-0.915797865,-0.401639478,0.,10.995,-0.401639478,            0001659P0000929
0.915797865,0.,-8.3375,-0.,0.,-1.,-18.02;                        0001659P0000930
110,10.689451235,-8.079352848,-18.02,11.105,-7.5875,-18.02;      0001661P0000931
110,11.105,-7.5875,-18.02,11.105,-3.0275,-18.02;                 0001663P0000932
110,11.105,-3.0275,-18.02,12.045,-3.0275,-18.02;                 0001665P0000933
110,12.045,-3.0275,-18.02,12.045,-10.5875,-18.02;                0001667P0000934
110,12.045,-10.5875,-18.02,11.545,-10.5875,-18.02;               0001669P0000935
110,11.545,-10.5875,-18.02,10.628680854,-8.498155791,-18.02;     0001671P0000936
144,1675,1,0,1677;                                               0001673P0000937
108,0.,0.,-1.,18.02,0,11.105,-10.5875,-18.02,0.;                 0001675P0000938
142,0,1675,0,1679,2;                                             0001677P0000939
102,7,1681,1683,1685,1687,1689,1691,1695;                        0001679P0000940
110,13.445,-10.5875,-18.02,12.945,-10.5875,-18.02;               0001681P0000941
110,12.945,-10.5875,-18.02,12.945,-3.0275,-18.02;                0001683P0000942
110,12.945,-3.0275,-18.02,13.885,-3.0275,-18.02;                 0001685P0000943
110,13.885,-3.0275,-18.02,13.885,-7.5875,-18.02;                 0001687P0000944
110,13.885,-7.5875,-18.02,14.300548765,-8.079352848,-18.02;      0001689P0000945
100,0.,0.,0.,0.4,-1.776356839E-15,0.176138819,0.359131057;       0001691P0000946
124,0.763871913,0.645367881,0.,13.995,0.645367881,-0.763871913,  0001693P0000947
0.,-8.3375,0.,0.,-1.,-18.02;                                     0001693P0000948
110,14.361319146,-8.498155791,-18.02,13.445,-10.5875,-18.02;     0001695P0000949
144,1699,1,0,1707;                                               0001697P0000950
120,1703,1705,3.141592654,4.71238898;                            0001699P0000951
124,0.,0.,1.,11.105,-1.,0.,0.,-3.0275,0.,-1.,0.,-17.22;          0001701P0000952
110,0.,0.,1.,0.,0.,0.;                                           0001703P0000953
110,0.8,0.,1.84,0.8,0.,2.78;                                     0001705P0000954
142,0,1699,1709,1719,3;                                          0001707P0000955
102,4,1711,1713,1715,1717;                                       0001709P0000956
110,-7.420996804E-16,3.141592654,0.,1.,3.141592654,0.;           0001711P0000957
110,1.,3.141592654,0.,1.,4.71238898,0.;                          0001713P0000958
110,1.,4.71238898,0.,-3.710498402E-16,4.71238898,0.;             0001715P0000959
110,-3.710498402E-16,4.71238898,0.,-7.420996804E-16,3.141592654, 0001717P0000960
0.;                                                              0001717P0000961
102,4,1721,1723,1727,1729;                                       0001719P0000962
110,12.945,-2.2275,-17.22,13.885,-2.2275,-17.22;                 0001721P0000963
100,0.,0.,0.,-2.131628207E-14,-0.8,0.8,0.;                       0001723P0000964
124,0.,0.,-1.,13.885,-2.831068713E-14,-1.,0.,-3.0275,-1.,        0001725P0000965
2.831068713E-14,-0.,-17.22;                                      0001725P0000966
110,13.885,-3.0275,-18.02,12.945,-3.0275,-18.02;                 0001727P0000967
100,0.,0.,0.,0.8,0.,1.421085472E-14,0.8;                         0001729P0000968
124,0.,0.,1.,12.945,1.665334537E-14,1.,0.,-3.0275,-1.,           0001731P0000969
1.665334537E-14,0.,-17.22;                                       0001731P0000970
144,1735,1,0,1743;                                               0001733P0000971
120,1739,1741,3.141592654,4.71238898;                            0001735P0000972
124,0.,0.,1.,11.105,-1.,0.,0.,-3.0275,0.,-1.,0.,-17.22;          0001737P0000973
110,0.,0.,1.,0.,0.,0.;                                           0001739P0000974
110,0.8,0.,0.,0.8,0.,0.94;                                       0001741P0000975
142,0,1735,1745,1755,3;                                          0001743P0000976
102,4,1747,1749,1751,1753;                                       0001745P0000977
110,1.,4.71238898,0.,-3.710498402E-16,4.71238898,0.;             0001747P0000978
110,-3.710498402E-16,4.71238898,0.,-7.420996804E-16,3.141592654, 0001749P0000979
0.;                                                              0001749P0000980
110,-7.420996804E-16,3.141592654,0.,1.,3.141592654,0.;           0001751P0000981
110,1.,3.141592654,0.,1.,4.71238898,0.;                          0001753P0000982
102,4,1757,1759,1763,1765;                                       0001755P0000983
110,12.045,-3.0275,-18.02,11.105,-3.0275,-18.02;                 0001757P0000984
100,0.,0.,0.,0.8,0.,-2.131628207E-14,0.8;                        0001759P0000985
124,0.,0.,1.,11.105,-2.831068713E-14,1.,0.,-3.0275,-1.,          0001761P0000986
-2.831068713E-14,0.,-17.22;                                      0001761P0000987
110,11.105,-2.2275,-17.22,12.045,-2.2275,-17.22;                 0001763P0000988
100,0.,0.,0.,1.421085472E-14,-0.8,0.8,0.;                        0001765P0000989
124,0.,0.,-1.,12.045,1.665334537E-14,-1.,0.,-3.0275,-1.,         0001767P0000990
-1.665334537E-14,-0.,-17.22;                                     0001767P0000991
144,1771,1,0,1773;                                               0001769P0000992
108,0.,1.,0.,-2.2275,0,9.465,-2.2275,-15.08,0.;                  0001771P0000993
142,0,1771,0,1775,2;                                             0001773P0000994
102,16,1777,1779,1781,1783,1785,1787,1789,1791,1793,1795,1797,   0001775P0000995
1799,1801,1803,1805,1807;                                        0001775P0000996
110,12.045,-2.2275,-15.53,12.045,-2.2275,-17.22;                 0001777P0000997
110,12.045,-2.2275,-17.22,11.105,-2.2275,-17.22;                 0001779P0000998
110,11.105,-2.2275,-17.22,11.105,-2.2275,-15.08;                 0001781P0000999
110,11.105,-2.2275,-15.08,9.465,-2.2275,-15.08;                  0001783P0001000
110,9.465,-2.2275,-15.08,9.465,-2.2275,-10.36;                   0001785P0001001
110,9.465,-2.2275,-10.36,9.995,-2.2275,-10.36;                   0001787P0001002
110,9.995,-2.2275,-10.36,9.995,-2.2275,-10.61;                   0001789P0001003
110,9.995,-2.2275,-10.61,14.995,-2.2275,-10.61;                  0001791P0001004
110,14.995,-2.2275,-10.61,14.995,-2.2275,-10.36;                 0001793P0001005
110,14.995,-2.2275,-10.36,15.405,-2.2275,-10.36;                 0001795P0001006
110,15.405,-2.2275,-10.36,15.405,-2.2275,-15.08;                 0001797P0001007
110,15.405,-2.2275,-15.08,13.885,-2.2275,-15.08;                 0001799P0001008
110,13.885,-2.2275,-15.08,13.885,-2.2275,-17.22;                 0001801P0001009
110,13.885,-2.2275,-17.22,12.945,-2.2275,-17.22;                 0001803P0001010
110,12.945,-2.2275,-17.22,12.945,-2.2275,-15.53;                 0001805P0001011
100,0.,0.,0.,-0.45,0.,0.45,0.;                                   0001807P0001012
124,-1.,0.,0.,12.495,0.,0.,-1.,-2.2275,0.,-1.,-0.,-15.53;        0001809P0001013
144,1813,1,0,1815;                                               0001811P0001014
108,0.,0.,-1.,15.08,0,9.465,-2.8675,-15.08,0.;                   0001813P0001015
142,0,1813,0,1817,2;                                             0001815P0001016
102,4,1819,1821,1823,1825;                                       0001817P0001017
110,11.105,-2.8675,-15.08,9.465,-2.8675,-15.08;                  0001819P0001018
110,9.465,-2.8675,-15.08,9.465,-2.2275,-15.08;                   0001821P0001019
110,9.465,-2.2275,-15.08,11.105,-2.2275,-15.08;                  0001823P0001020
110,11.105,-2.2275,-15.08,11.105,-2.8675,-15.08;                 0001825P0001021
144,1829,1,0,1831;                                               0001827P0001022
108,0.,0.,-1.,15.08,0,9.465,-2.8675,-15.08,0.;                   0001829P0001023
142,0,1829,0,1833,2;                                             0001831P0001024
102,4,1835,1837,1839,1841;                                       0001833P0001025
110,13.885,-2.2275,-15.08,15.405,-2.2275,-15.08;                 0001835P0001026
110,15.405,-2.2275,-15.08,15.405,-2.8675,-15.08;                 0001837P0001027
110,15.405,-2.8675,-15.08,13.885,-2.8675,-15.08;                 0001839P0001028
110,13.885,-2.8675,-15.08,13.885,-2.2275,-15.08;                 0001841P0001029
144,1845,1,0,1847;                                               0001843P0001030
108,1.,0.,0.,15.405,0,15.405,5.1875,-6.,0.;                      0001845P0001031
142,0,1845,0,1849,2;                                             0001847P0001032
102,12,1851,1853,1855,1857,1859,1861,1863,1865,1867,1869,1871,   0001849P0001033
1873;                                                            0001849P0001034
110,15.405,5.1675,-10.36,15.405,5.1675,-8.5;                     0001851P0001035
110,15.405,5.1675,-8.5,15.405,5.1875,-8.5;                       0001853P0001036
110,15.405,5.1875,-8.5,15.405,5.1875,-6.;                        0001855P0001037
110,15.405,5.1875,-6.,15.405,-5.1875,-6.;                        0001857P0001038
110,15.405,-5.1875,-6.,15.405,-5.1875,-6.47;                     0001859P0001039
110,15.405,-5.1875,-6.47,15.405,-6.7875,-6.47;                   0001861P0001040
110,15.405,-6.7875,-6.47,15.405,-6.7875,-18.85;                  0001863P0001041
110,15.405,-6.7875,-18.85,15.405,-2.8675,-18.85;                 0001865P0001042
110,15.405,-2.8675,-18.85,15.405,-2.8675,-15.08;                 0001867P0001043
110,15.405,-2.8675,-15.08,15.405,-2.2275,-15.08;                 0001869P0001044
110,15.405,-2.2275,-15.08,15.405,-2.2275,-10.36;                 0001871P0001045
110,15.405,-2.2275,-10.36,15.405,5.1675,-10.36;                  0001873P0001046
144,1877,1,0,1879;                                               0001875P0001047
108,-0.,-0.,-1.,18.85,0,15.405,-6.7875,-18.85,0.;                0001877P0001048
142,0,1877,0,1881,2;                                             0001879P0001049
102,4,1883,1885,1887,1889;                                       0001881P0001050
110,15.405,-6.7875,-18.85,14.255,-6.7875,-18.85;                 0001883P0001051
110,14.255,-6.7875,-18.85,14.255,-2.8675,-18.85;                 0001885P0001052
110,14.255,-2.8675,-18.85,15.405,-2.8675,-18.85;                 0001887P0001053
110,15.405,-2.8675,-18.85,15.405,-6.7875,-18.85;                 0001889P0001054
144,1893,1,0,1895;                                               0001891P0001055
108,-1.,-0.,-0.,-14.255,0,14.255,-6.7875,-18.85,0.;              0001893P0001056
142,0,1893,0,1897,2;                                             0001895P0001057
102,4,1899,1901,1903,1905;                                       0001897P0001058
110,14.255,-2.8675,-18.85,14.255,-6.7875,-18.85;                 0001899P0001059
110,14.255,-6.7875,-18.85,14.255,-6.7875,-16.18;                 0001901P0001060
110,14.255,-6.7875,-16.18,14.255,-2.8675,-16.18;                 0001903P0001061
110,14.255,-2.8675,-16.18,14.255,-2.8675,-18.85;                 0001905P0001062
144,1909,1,0,1917;                                               0001907P0001063
120,1913,1915,3.141592654,6.283185307;                           0001909P0001064
124,-1.,0.,0.,12.495,0.,0.,-1.,-6.7875,0.,1.,0.,-16.18;          0001911P0001065
110,0.,0.,1.,0.,0.,0.;                                           0001913P0001066
110,1.76,0.,-3.92,1.76,0.,0.;                                    0001915P0001067
142,0,1909,1919,1933,3;                                          0001917P0001068
102,6,1921,1923,1925,1927,1929,1931;                             0001919P0001069
110,-1.405471387E-16,3.801950585,0.,-1.779524744E-16,            0001921P0001070
3.141592654,0.;                                                  0001921P0001071
110,-5.551115123E-16,3.141592654,0.,1.,3.141592654,0.;           0001923P0001072
110,1.,3.141592654,0.,1.,6.283185307,0.;                         0001925P0001073
110,1.,6.283185307,0.,-3.330669074E-16,6.283185307,0.;           0001927P0001074
110,3.081487911E-32,6.283185307,0.,-3.74053357E-17,5.622827376,  0001929P0001075
0.;                                                              0001929P0001076
110,-3.74053357E-17,5.622827376,0.,-1.405471387E-16,3.801950585, 0001931P0001077
0.;                                                              0001931P0001078
102,6,1935,1939,1941,1945,1947,1951;                             0001933P0001079
100,0.,0.,0.,1.39,-1.079583253,1.76,0.;                          0001935P0001080
124,1.,0.,0.,12.495,0.,0.,1.,-2.8675,0.,-1.,0.,-16.18;           0001937P0001081
110,14.255,-2.8675,-16.18,14.255,-6.7875,-16.18;                 0001939P0001082
100,0.,0.,0.,1.76,0.,-1.76,0.;                                   0001941P0001083
124,1.,0.,0.,12.495,0.,0.,-1.,-6.7875,0.,1.,0.,-16.18;           0001943P0001084
110,10.735,-6.7875,-16.18,10.735,-2.8675,-16.18;                 0001945P0001085
100,0.,0.,0.,1.39,-1.079583253,1.76,-8.881784197E-16;            0001947P0001086
124,-0.789772727,0.613399576,0.,12.495,0.,0.,1.,-2.8675,         0001949P0001087
0.613399576,0.789772727,0.,-16.18;                               0001949P0001088
100,0.,0.,0.,1.76,-8.881784197E-16,-0.435568182,1.70525082;      0001951P0001089
124,-0.789772727,0.613399576,0.,12.495,0.,0.,1.,-2.8675,         0001953P0001090
0.613399576,0.789772727,0.,-16.18;                               0001953P0001091
144,1957,1,0,1959;                                               0001955P0001092
108,1.,-0.,-0.,10.735,0,10.735,-6.7875,-16.18,0.;                0001957P0001093
142,0,1957,0,1961,2;                                             0001959P0001094
102,4,1963,1965,1967,1969;                                       0001961P0001095
110,10.735,-2.8675,-20.65,10.735,-2.8675,-16.18;                 0001963P0001096
110,10.735,-2.8675,-16.18,10.735,-6.7875,-16.18;                 0001965P0001097
110,10.735,-6.7875,-16.18,10.735,-6.7875,-20.65;                 0001967P0001098
110,10.735,-6.7875,-20.65,10.735,-2.8675,-20.65;                 0001969P0001099
144,1973,1,0,1975;                                               0001971P0001100
108,-0.,-0.,-1.,20.65,0,0.,0.,-20.65,0.;                         0001973P0001101
142,0,1973,0,1977,2;                                             0001975P0001102
102,14,1979,1981,1983,1985,1987,1989,1993,1995,1999,2001,2003,   0001977P0001103
2005,2007,2009;                                                  0001977P0001104
110,-8.7,-5.7875,-20.65,-8.7,-6.7875,-20.65;                     0001979P0001105
110,-8.7,-6.7875,-20.65,-10.735,-6.7875,-20.65;                  0001981P0001106
110,-10.735,-6.7875,-20.65,-10.735,-2.8675,-20.65;               0001983P0001107
110,-10.735,-2.8675,-20.65,-8.725,-2.8675,-20.65;                0001985P0001108
110,-8.725,-2.8675,-20.65,-8.725,3.7075,-20.65;                  0001987P0001109
100,0.,0.,0.,1.46,0.,0.,1.46;                                    0001989P0001110
124,-1.,0.,0.,-7.265,0.,1.,0.,3.7075,0.,0.,-1.,-20.65;           0001991P0001111
110,-7.265,5.1675,-20.65,7.265,5.1675,-20.65;                    0001993P0001112
100,0.,0.,0.,1.46,0.,0.,1.46;                                    0001995P0001113
124,0.,1.,0.,7.265,1.,0.,0.,3.7075,0.,0.,-1.,-20.65;             0001997P0001114
110,8.725,3.7075,-20.65,8.725,-2.8675,-20.65;                    0001999P0001115
110,8.725,-2.8675,-20.65,10.735,-2.8675,-20.65;                  0002001P0001116
110,10.735,-2.8675,-20.65,10.735,-6.7875,-20.65;                 0002003P0001117
110,10.735,-6.7875,-20.65,8.7,-6.7875,-20.65;                    0002005P0001118
110,8.7,-6.7875,-20.65,8.7,-5.7875,-20.65;                       0002007P0001119
110,8.7,-5.7875,-20.65,-8.7,-5.7875,-20.65;                      0002009P0001120
144,2013,1,9,2015,2027,2039,2051,2063,2075,2087,2099,2111,2123;  0002011P0001121
108,0.,-1.,0.,5.7875,0,0.,-5.7875,0.,0.;                         0002013P0001122
142,0,2013,0,2017,2;                                             0002015P0001123
102,4,2019,2021,2023,2025;                                       0002017P0001124
110,8.7,-5.7875,-20.65,8.7,-5.7875,-8.47;                        0002019P0001125
110,8.7,-5.7875,-8.47,-8.7,-5.7875,-8.47;                        0002021P0001126
110,-8.7,-5.7875,-8.47,-8.7,-5.7875,-20.65;                      0002023P0001127
110,-8.7,-5.7875,-20.65,8.7,-5.7875,-20.65;                      0002025P0001128
142,0,2013,0,2029,2;                                             0002027P0001129
102,4,2031,2033,2035,2037;                                       0002029P0001130
110,5.86,-5.7875,-19.29,5.22,-5.7875,-19.29;                     0002031P0001131
110,5.22,-5.7875,-19.29,5.22,-5.7875,-18.65;                     0002033P0001132
110,5.22,-5.7875,-18.65,5.86,-5.7875,-18.65;                     0002035P0001133
110,5.86,-5.7875,-18.65,5.86,-5.7875,-19.29;                     0002037P0001134
142,0,2013,0,2041,2;                                             0002039P0001135
102,4,2043,2045,2047,2049;                                       0002041P0001136
110,3.09,-5.7875,-19.29,2.45,-5.7875,-19.29;                     0002043P0001137
110,2.45,-5.7875,-19.29,2.45,-5.7875,-18.65;                     0002045P0001138
110,2.45,-5.7875,-18.65,3.09,-5.7875,-18.65;                     0002047P0001139
110,3.09,-5.7875,-18.65,3.09,-5.7875,-19.29;                     0002049P0001140
142,0,2013,0,2053,2;                                             0002051P0001141
102,4,2055,2057,2059,2061;                                       0002053P0001142
110,0.32,-5.7875,-19.29,-0.32,-5.7875,-19.29;                    0002055P0001143
110,-0.32,-5.7875,-19.29,-0.32,-5.7875,-18.65;                   0002057P0001144
110,-0.32,-5.7875,-18.65,0.32,-5.7875,-18.65;                    0002059P0001145
110,0.32,-5.7875,-18.65,0.32,-5.7875,-19.29;                     0002061P0001146
142,0,2013,0,2065,2;                                             0002063P0001147
102,4,2067,2069,2071,2073;                                       0002065P0001148
110,-2.45,-5.7875,-19.29,-3.09,-5.7875,-19.29;                   0002067P0001149
110,-3.09,-5.7875,-19.29,-3.09,-5.7875,-18.65;                   0002069P0001150
110,-3.09,-5.7875,-18.65,-2.45,-5.7875,-18.65;                   0002071P0001151
110,-2.45,-5.7875,-18.65,-2.45,-5.7875,-19.29;                   0002073P0001152
142,0,2013,0,2077,2;                                             0002075P0001153
102,4,2079,2081,2083,2085;                                       0002077P0001154
110,-5.22,-5.7875,-19.29,-5.86,-5.7875,-19.29;                   0002079P0001155
110,-5.86,-5.7875,-19.29,-5.86,-5.7875,-18.65;                   0002081P0001156
110,-5.86,-5.7875,-18.65,-5.22,-5.7875,-18.65;                   0002083P0001157
110,-5.22,-5.7875,-18.65,-5.22,-5.7875,-19.29;                   0002085P0001158
142,0,2013,0,2089,2;                                             0002087P0001159
102,4,2091,2093,2095,2097;                                       0002089P0001160
110,4.475,-5.7875,-16.75,3.835,-5.7875,-16.75;                   0002091P0001161
110,3.835,-5.7875,-16.75,3.835,-5.7875,-16.11;                   0002093P0001162
110,3.835,-5.7875,-16.11,4.475,-5.7875,-16.11;                   0002095P0001163
110,4.475,-5.7875,-16.11,4.475,-5.7875,-16.75;                   0002097P0001164
142,0,2013,0,2101,2;                                             0002099P0001165
102,4,2103,2105,2107,2109;                                       0002101P0001166
110,1.705,-5.7875,-16.75,1.065,-5.7875,-16.75;                   0002103P0001167
110,1.065,-5.7875,-16.75,1.065,-5.7875,-16.11;                   0002105P0001168
110,1.065,-5.7875,-16.11,1.705,-5.7875,-16.11;                   0002107P0001169
110,1.705,-5.7875,-16.11,1.705,-5.7875,-16.75;                   0002109P0001170
142,0,2013,0,2113,2;                                             0002111P0001171
102,4,2115,2117,2119,2121;                                       0002113P0001172
110,-1.065,-5.7875,-16.75,-1.705,-5.7875,-16.75;                 0002115P0001173
110,-1.705,-5.7875,-16.75,-1.705,-5.7875,-16.11;                 0002117P0001174
110,-1.705,-5.7875,-16.11,-1.065,-5.7875,-16.11;                 0002119P0001175
110,-1.065,-5.7875,-16.11,-1.065,-5.7875,-16.75;                 0002121P0001176
142,0,2013,0,2125,2;                                             0002123P0001177
102,4,2127,2129,2131,2133;                                       0002125P0001178
110,-3.835,-5.7875,-16.75,-4.475,-5.7875,-16.75;                 0002127P0001179
110,-4.475,-5.7875,-16.75,-4.475,-5.7875,-16.11;                 0002129P0001180
110,-4.475,-5.7875,-16.11,-3.835,-5.7875,-16.11;                 0002131P0001181
110,-3.835,-5.7875,-16.11,-3.835,-5.7875,-16.75;                 0002133P0001182
144,2137,1,0,2139;                                               0002135P0001183
108,1.,-0.,-0.,-8.7,0,-8.7,-6.7875,-8.47,0.;                     0002137P0001184
142,0,2137,0,2141,2;                                             0002139P0001185
102,4,2143,2145,2147,2149;                                       0002141P0001186
110,-8.7,-5.7875,-20.65,-8.7,-5.7875,-8.47;                      0002143P0001187
110,-8.7,-5.7875,-8.47,-8.7,-6.7875,-8.47;                       0002145P0001188
110,-8.7,-6.7875,-8.47,-8.7,-6.7875,-20.65;                      0002147P0001189
110,-8.7,-6.7875,-20.65,-8.7,-5.7875,-20.65;                     0002149P0001190
144,2153,1,0,2155;                                               0002151P0001191
108,0.,-1.,0.,6.7875,0,13.805,-6.7875,-6.,0.;                    0002153P0001192
142,0,2153,0,2157,2;                                             0002155P0001193
102,20,2159,2161,2163,2165,2167,2169,2173,2175,2177,2179,2181,   0002157P0001194
2183,2185,2187,2189,2191,2193,2195,2199,2201;                    0002157P0001195
110,-8.7,-6.7875,-20.65,-8.7,-6.7875,-8.47;                      0002159P0001196
110,-8.7,-6.7875,-8.47,8.7,-6.7875,-8.47;                        0002161P0001197
110,8.7,-6.7875,-8.47,8.7,-6.7875,-20.65;                        0002163P0001198
110,8.7,-6.7875,-20.65,10.735,-6.7875,-20.65;                    0002165P0001199
110,10.735,-6.7875,-20.65,10.735,-6.7875,-16.18;                 0002167P0001200
100,0.,0.,0.,-1.76,0.,1.76,0.;                                   0002169P0001201
124,1.,0.,0.,12.495,0.,0.,1.,-6.7875,0.,-1.,0.,-16.18;           0002171P0001202
110,14.255,-6.7875,-16.18,14.255,-6.7875,-18.85;                 0002173P0001203
110,14.255,-6.7875,-18.85,15.405,-6.7875,-18.85;                 0002175P0001204
110,15.405,-6.7875,-18.85,15.405,-6.7875,-6.47;                  0002177P0001205
110,15.405,-6.7875,-6.47,13.805,-6.7875,-6.47;                   0002179P0001206
110,13.805,-6.7875,-6.47,13.805,-6.7875,-6.;                     0002181P0001207
110,13.805,-6.7875,-6.,-13.805,-6.7875,-6.;                      0002183P0001208
110,-13.805,-6.7875,-6.,-13.80500009,-6.7875,-6.47;              0002185P0001209
110,-13.805000271,-6.7875,-6.47,-15.405,-6.7875,-6.47;           0002187P0001210
110,-15.405,-6.7875,-6.47,-15.405,-6.7875,-18.85;                0002189P0001211
110,-15.405,-6.7875,-18.85,-14.255,-6.7875,-18.85;               0002191P0001212
110,-14.255,-6.7875,-18.85,-14.255,-6.7875,-16.18;               0002193P0001213
100,0.,0.,0.,-1.76,0.,1.76,0.;                                   0002195P0001214
124,1.,0.,0.,-12.495,0.,0.,1.,-6.7875,0.,-1.,0.,-16.18;          0002197P0001215
110,-10.735,-6.7875,-16.18,-10.735,-6.7875,-20.65;               0002199P0001216
110,-10.735,-6.7875,-20.65,-8.7,-6.7875,-20.65;                  0002201P0001217
144,2205,1,0,2207;                                               0002203P0001218
108,-1.,-0.,-0.,10.735,0,-10.735,-6.7875,-20.65,0.;              0002205P0001219
142,0,2205,0,2209,2;                                             0002207P0001220
102,4,2211,2213,2215,2217;                                       0002209P0001221
110,-10.735,-6.7875,-20.65,-10.735,-6.7875,-16.18;               0002211P0001222
110,-10.735,-6.7875,-16.18,-10.735,-2.8675,-16.18;               0002213P0001223
110,-10.735,-2.8675,-16.18,-10.735,-2.8675,-20.65;               0002215P0001224
110,-10.735,-2.8675,-20.65,-10.735,-6.7875,-20.65;               0002217P0001225
144,2221,1,0,2229;                                               0002219P0001226
120,2225,2227,3.141592654,6.283185307;                           0002221P0001227
124,-1.,0.,0.,-12.495,0.,0.,-1.,-6.7875,0.,1.,0.,-16.18;         0002223P0001228
110,0.,0.,1.,0.,0.,0.;                                           0002225P0001229
110,1.76,0.,-3.92,1.76,0.,0.;                                    0002227P0001230
142,0,2221,2231,2245,3;                                          0002229P0001231
102,6,2233,2235,2237,2239,2241,2243;                             0002231P0001232
110,-1.405471387E-16,3.801950585,0.,-1.779524744E-16,            0002233P0001233
3.141592654,0.;                                                  0002233P0001234
110,-5.551115123E-16,3.141592654,0.,1.,3.141592654,0.;           0002235P0001235
110,1.,3.141592654,0.,1.,6.283185307,0.;                         0002237P0001236
110,1.,6.283185307,0.,-3.330669074E-16,6.283185307,0.;           0002239P0001237
110,3.081487911E-32,6.283185307,0.,-3.74053357E-17,5.622827376,  0002241P0001238
0.;                                                              0002241P0001239
110,-3.74053357E-17,5.622827376,0.,-1.405471387E-16,3.801950585, 0002243P0001240
0.;                                                              0002243P0001241
102,6,2247,2251,2253,2257,2259,2263;                             0002245P0001242
100,0.,0.,0.,1.39,-1.079583253,1.76,0.;                          0002247P0001243
124,1.,0.,0.,-12.495,0.,0.,1.,-2.8675,0.,-1.,0.,-16.18;          0002249P0001244
110,-10.735,-2.8675,-16.18,-10.735,-6.7875,-16.18;               0002251P0001245
100,0.,0.,0.,1.76,0.,-1.76,0.;                                   0002253P0001246
124,1.,0.,0.,-12.495,0.,0.,-1.,-6.7875,0.,1.,0.,-16.18;          0002255P0001247
110,-14.255,-6.7875,-16.18,-14.255,-2.8675,-16.18;               0002257P0001248
100,0.,0.,0.,1.39,-1.079583253,1.76,0.;                          0002259P0001249
124,-0.789772727,0.613399576,0.,-12.495,0.,0.,1.,-2.8675,        0002261P0001250
0.613399576,0.789772727,0.,-16.18;                               0002261P0001251
100,0.,0.,0.,1.76,0.,-0.435568182,1.70525082;                    0002263P0001252
124,-0.789772727,0.613399576,0.,-12.495,0.,0.,1.,-2.8675,        0002265P0001253
0.613399576,0.789772727,0.,-16.18;                               0002265P0001254
144,2269,1,0,2271;                                               0002267P0001255
108,-0.,-1.,-0.,2.8675,0,-9.465,-2.8675,-10.36,0.;               0002269P0001256
142,0,2269,0,2273,2;                                             0002271P0001257
102,8,2275,2277,2279,2281,2285,2287,2289,2291;                   0002273P0001258
110,-12.045,-2.8675,-15.53,-12.045,-2.8675,-17.22;               0002275P0001259
110,-12.045,-2.8675,-17.22,-11.105,-2.8675,-17.22;               0002277P0001260
110,-11.105,-2.8675,-17.22,-11.105,-2.8675,-15.100416747;        0002279P0001261
100,0.,0.,0.,-0.435568182,-1.70525082,1.76,0.;                   0002281P0001262
124,-0.789772727,-0.613399576,0.,-12.495,0.,0.,-1.,-2.8675,      0002283P0001263
0.613399576,-0.789772727,-0.,-16.18;                             0002283P0001264
110,-13.885,-2.8675,-15.100416747,-13.885,-2.8675,-17.22;        0002285P0001265
110,-13.885,-2.8675,-17.22,-12.945,-2.8675,-17.22;               0002287P0001266
110,-12.945,-2.8675,-17.22,-12.945,-2.8675,-15.53;               0002289P0001267
100,0.,0.,0.,-0.45,0.,0.45,0.;                                   0002291P0001268
124,1.,0.,0.,-12.495,0.,0.,1.,-2.8675,0.,-1.,0.,-15.53;          0002293P0001269
144,2297,1,0,2299;                                               0002295P0001270
108,1.,-0.,-0.,-14.255,0,-14.255,-6.7875,-16.18,0.;              0002297P0001271
142,0,2297,0,2301,2;                                             0002299P0001272
102,4,2303,2305,2307,2309;                                       0002301P0001273
110,-14.255,-2.8675,-16.18,-14.255,-6.7875,-16.18;               0002303P0001274
110,-14.255,-6.7875,-16.18,-14.255,-6.7875,-18.85;               0002305P0001275
110,-14.255,-6.7875,-18.85,-14.255,-2.8675,-18.85;               0002307P0001276
110,-14.255,-2.8675,-18.85,-14.255,-2.8675,-16.18;               0002309P0001277
144,2313,1,0,2315;                                               0002311P0001278
108,-0.,-0.,-1.,18.85,0,-14.255,-6.7875,-18.85,0.;               0002313P0001279
142,0,2313,0,2317,2;                                             0002315P0001280
102,4,2319,2321,2323,2325;                                       0002317P0001281
110,-15.405,-2.8675,-18.85,-14.255,-2.8675,-18.85;               0002319P0001282
110,-14.255,-2.8675,-18.85,-14.255,-6.7875,-18.85;               0002321P0001283
110,-14.255,-6.7875,-18.85,-15.405,-6.7875,-18.85;               0002323P0001284
110,-15.405,-6.7875,-18.85,-15.405,-2.8675,-18.85;               0002325P0001285
144,2329,1,0,2331;                                               0002327P0001286
108,-0.,-0.,1.,-6.47,0,0.,0.,-6.47,0.;                           0002329P0001287
142,0,2329,0,2333,2;                                             0002331P0001288
102,3,2335,2337,2339;                                            0002333P0001289
110,13.805,-6.7875,-6.47,15.405,-6.7875,-6.47;                   0002335P0001290
110,15.405,-6.7875,-6.47,15.405,-5.1875,-6.47;                   0002337P0001291
100,0.,0.,0.,1.6,0.,0.,1.6;                                      0002339P0001292
124,1.,0.,0.,13.805,0.,-1.,0.,-5.1875,0.,0.,-1.,-6.47;           0002341P0001293
144,2345,1,0,2347;                                               0002343P0001294
108,-0.,-0.,1.,-6.47,0,0.,0.,-6.47,0.;                           0002345P0001295
142,0,2345,0,2349,2;                                             0002347P0001296
102,3,2351,2353,2355;                                            0002349P0001297
110,-15.405,-5.1875,-6.47,-15.405,-6.7875,-6.47;                 0002351P0001298
110,-15.405,-6.7875,-6.47,-13.805000271,-6.7875,-6.47;           0002353P0001299
100,0.,0.,0.,1.6,0.,2.706713698E-07,1.6;                         0002355P0001300
124,-1.691696061E-07,-1.,0.,-13.805,-1.,1.691696061E-07,0.,      0002357P0001301
-5.1875,-0.,0.,-1.,-6.47;                                        0002357P0001302
144,2361,1,0,2369;                                               0002359P0001303
120,2365,2367,1.570796327,3.141592654;                           0002361P0001304
124,-1.,0.,0.,13.805,0.,1.,0.,-5.1875,0.,0.,-1.,-6.;             0002363P0001305
110,0.,0.,1.,0.,0.,0.;                                           0002365P0001306
110,1.6,0.,0.,1.6,0.,0.47;                                       0002367P0001307
142,0,2361,2371,2381,3;                                          0002369P0001308
102,4,2373,2375,2377,2379;                                       0002371P0001309
110,1.,3.141592654,0.,-1.484199361E-15,3.141592654,0.;           0002373P0001310
110,-1.484199361E-15,3.141592654,0.,-2.226299041E-15,            0002375P0001311
1.570796327,0.;                                                  0002375P0001312
110,-2.226299041E-15,1.570796327,0.,1.,1.570796327,0.;           0002377P0001313
110,1.,1.570796327,0.,1.,3.141592654,0.;                         0002379P0001314
102,4,2383,2385,2389,2391;                                       0002381P0001315
110,15.405,-5.1875,-6.47,15.405,-5.1875,-6.;                     0002383P0001316
100,0.,0.,0.,1.6,0.,0.,1.6;                                      0002385P0001317
124,1.,0.,0.,13.805,0.,-1.,0.,-5.1875,0.,0.,-1.,-6.;             0002387P0001318
110,13.805,-6.7875,-6.,13.805,-6.7875,-6.47;                     0002389P0001319
100,0.,0.,0.,0.,-1.6,1.6,0.;                                     0002391P0001320
124,1.,0.,-0.,13.805,0.,1.,0.,-5.1875,0.,0.,1.,-6.47;            0002393P0001321
144,2397,1,0,2405;                                               0002395P0001322
120,2401,2403,0.,1.570796327;                                    0002397P0001323
124,-1.,0.,0.,-13.805,0.,1.,0.,-5.1875,0.,0.,-1.,-6.;            0002399P0001324
110,0.,0.,1.,0.,0.,0.;                                           0002401P0001325
110,1.6,0.,0.,1.6,0.,0.47;                                       0002403P0001326
142,0,2397,2407,2417,3;                                          0002405P0001327
102,4,2409,2411,2413,2415;                                       0002407P0001328
110,1.,1.57079627,0.,-2.226299041E-15,1.570796327,0.;            0002409P0001329
110,-2.226299041E-15,1.570796327,0.,-2.968398722E-15,            0002411P0001330
8.881784197E-16,0.;                                              0002411P0001331
110,-2.968398722E-15,1.776356839E-15,0.,1.,1.880717804E-15,0.;   0002413P0001332
110,1.,6.661338148E-16,0.,1.,1.570796158,0.;                     0002415P0001333
102,4,2419,2421,2425,2427;                                       0002417P0001334
110,-13.80500009,-6.7875,-6.47,-13.805,-6.7875,-6.;              0002419P0001335
100,0.,0.,0.,1.6,0.,0.,1.6;                                      0002421P0001336
124,0.,-1.,0.,-13.805,-1.,0.,0.,-5.1875,0.,-0.,-1.,-6.;          0002423P0001337
110,-15.405,-5.1875,-6.,-15.405,-5.1875,-6.47;                   0002425P0001338
100,0.,0.,0.,2.706713698E-07,-1.6,1.6,0.;                        0002427P0001339
124,-1.691696061E-07,1.,-0.,-13.805,-1.,-1.691696061E-07,0.,     0002429P0001340
-5.1875,-0.,0.,1.,-6.47;                                         0002429P0001341
144,2433,1,0,2435;                                               0002431P0001342
108,-1.,-0.,-0.,-8.7,0,8.7,-6.7875,-20.65,0.;                    0002433P0001343
142,0,2433,0,2437,2;                                             0002435P0001344
102,4,2439,2441,2443,2445;                                       0002437P0001345
110,8.7,-6.7875,-20.65,8.7,-6.7875,-8.47;                        0002439P0001346
110,8.7,-6.7875,-8.47,8.7,-5.7875,-8.47;                         0002441P0001347
110,8.7,-5.7875,-8.47,8.7,-5.7875,-20.65;                        0002443P0001348
110,8.7,-5.7875,-20.65,8.7,-6.7875,-20.65;                       0002445P0001349
144,2449,1,0,2451;                                               0002447P0001350
108,-0.,-0.,-1.,8.47,0,8.7,-6.7875,-8.47,0.;                     0002449P0001351
142,0,2449,0,2453,2;                                             0002451P0001352
102,4,2455,2457,2459,2461;                                       0002453P0001353
110,8.7,-6.7875,-8.47,-8.7,-6.7875,-8.47;                        0002455P0001354
110,-8.7,-6.7875,-8.47,-8.7,-5.7875,-8.47;                       0002457P0001355
110,-8.7,-5.7875,-8.47,8.7,-5.7875,-8.47;                        0002459P0001356
110,8.7,-5.7875,-8.47,8.7,-6.7875,-8.47;                         0002461P0001357
144,2465,1,0,2467;                                               0002463P0001358
108,1.,0.,0.,5.86,0,5.86,-5.7875,-19.29,0.;                      0002465P0001359
142,0,2465,0,2469,2;                                             0002467P0001360
102,4,2471,2473,2475,2477;                                       0002469P0001361
110,5.86,-5.7875,-18.65,5.86,-9.9675,-18.65;                     0002471P0001362
110,5.86,-9.9675,-18.65,5.86,-9.9675,-19.29;                     0002473P0001363
110,5.86,-9.9675,-19.29,5.86,-5.7875,-19.29;                     0002475P0001364
110,5.86,-5.7875,-19.29,5.86,-5.7875,-18.65;                     0002477P0001365
144,2481,1,0,2483;                                               0002479P0001366
108,0.,0.,-1.,19.29,0,5.22,-5.7875,-19.29,0.;                    0002481P0001367
142,0,2481,0,2485,2;                                             0002483P0001368
102,4,2487,2489,2491,2493;                                       0002485P0001369
110,5.86,-5.7875,-19.29,5.86,-9.9675,-19.29;                     0002487P0001370
110,5.86,-9.9675,-19.29,5.22,-9.9675,-19.29;                     0002489P0001371
110,5.22,-9.9675,-19.29,5.22,-5.7875,-19.29;                     0002491P0001372
110,5.22,-5.7875,-19.29,5.86,-5.7875,-19.29;                     0002493P0001373
144,2497,1,0,2499;                                               0002495P0001374
108,-1.,0.,0.,-5.22,0,5.22,-5.7875,-18.65,0.;                    0002497P0001375
142,0,2497,0,2501,2;                                             0002499P0001376
102,4,2503,2505,2507,2509;                                       0002501P0001377
110,5.22,-5.7875,-19.29,5.22,-9.9675,-19.29;                     0002503P0001378
110,5.22,-9.9675,-19.29,5.22,-9.9675,-18.65;                     0002505P0001379
110,5.22,-9.9675,-18.65,5.22,-5.7875,-18.65;                     0002507P0001380
110,5.22,-5.7875,-18.65,5.22,-5.7875,-19.29;                     0002509P0001381
144,2513,1,0,2515;                                               0002511P0001382
108,0.,0.,1.,-18.65,0,5.86,-5.7875,-18.65,0.;                    0002513P0001383
142,0,2513,0,2517,2;                                             0002515P0001384
102,4,2519,2521,2523,2525;                                       0002517P0001385
110,5.22,-5.7875,-18.65,5.22,-9.9675,-18.65;                     0002519P0001386
110,5.22,-9.9675,-18.65,5.86,-9.9675,-18.65;                     0002521P0001387
110,5.86,-9.9675,-18.65,5.86,-5.7875,-18.65;                     0002523P0001388
110,5.86,-5.7875,-18.65,5.22,-5.7875,-18.65;                     0002525P0001389
144,2529,1,0,2531;                                               0002527P0001390
108,0.,-1.,0.,9.9675,0,0.,-9.9675,0.,0.;                         0002529P0001391
142,0,2529,0,2533,2;                                             0002531P0001392
102,4,2535,2537,2539,2541;                                       0002533P0001393
110,5.86,-9.9675,-18.65,5.22,-9.9675,-18.65;                     0002535P0001394
110,5.22,-9.9675,-18.65,5.22,-9.9675,-19.29;                     0002537P0001395
110,5.22,-9.9675,-19.29,5.86,-9.9675,-19.29;                     0002539P0001396
110,5.86,-9.9675,-19.29,5.86,-9.9675,-18.65;                     0002541P0001397
144,2545,1,0,2547;                                               0002543P0001398
108,1.,0.,0.,3.09,0,3.09,-5.7875,-19.29,0.;                      0002545P0001399
142,0,2545,0,2549,2;                                             0002547P0001400
102,4,2551,2553,2555,2557;                                       0002549P0001401
110,3.09,-5.7875,-19.29,3.09,-5.7875,-18.65;                     0002551P0001402
110,3.09,-5.7875,-18.65,3.09,-9.9675,-18.65;                     0002553P0001403
110,3.09,-9.9675,-18.65,3.09,-9.9675,-19.29;                     0002555P0001404
110,3.09,-9.9675,-19.29,3.09,-5.7875,-19.29;                     0002557P0001405
144,2561,1,0,2563;                                               0002559P0001406
108,0.,0.,-1.,19.29,0,2.45,-5.7875,-19.29,0.;                    0002561P0001407
142,0,2561,0,2565,2;                                             0002563P0001408
102,4,2567,2569,2571,2573;                                       0002565P0001409
110,3.09,-9.9675,-19.29,2.45,-9.9675,-19.29;                     0002567P0001410
110,2.45,-9.9675,-19.29,2.45,-5.7875,-19.29;                     0002569P0001411
110,2.45,-5.7875,-19.29,3.09,-5.7875,-19.29;                     0002571P0001412
110,3.09,-5.7875,-19.29,3.09,-9.9675,-19.29;                     0002573P0001413
144,2577,1,0,2579;                                               0002575P0001414
108,-1.,0.,0.,-2.45,0,2.45,-5.7875,-18.65,0.;                    0002577P0001415
142,0,2577,0,2581,2;                                             0002579P0001416
102,4,2583,2585,2587,2589;                                       0002581P0001417
110,2.45,-5.7875,-18.65,2.45,-5.7875,-19.29;                     0002583P0001418
110,2.45,-5.7875,-19.29,2.45,-9.9675,-19.29;                     0002585P0001419
110,2.45,-9.9675,-19.29,2.45,-9.9675,-18.65;                     0002587P0001420
110,2.45,-9.9675,-18.65,2.45,-5.7875,-18.65;                     0002589P0001421
144,2593,1,0,2595;                                               0002591P0001422
108,0.,0.,1.,-18.65,0,3.09,-5.7875,-18.65,0.;                    0002593P0001423
142,0,2593,0,2597,2;                                             0002595P0001424
102,4,2599,2601,2603,2605;                                       0002597P0001425
110,3.09,-5.7875,-18.65,2.45,-5.7875,-18.65;                     0002599P0001426
110,2.45,-5.7875,-18.65,2.45,-9.9675,-18.65;                     0002601P0001427
110,2.45,-9.9675,-18.65,3.09,-9.9675,-18.65;                     0002603P0001428
110,3.09,-9.9675,-18.65,3.09,-5.7875,-18.65;                     0002605P0001429
144,2609,1,0,2611;                                               0002607P0001430
108,0.,-1.,0.,9.9675,0,-2.77,-9.9675,0.,0.;                      0002609P0001431
142,0,2609,0,2613,2;                                             0002611P0001432
102,4,2615,2617,2619,2621;                                       0002613P0001433
110,3.09,-9.9675,-18.65,2.45,-9.9675,-18.65;                     0002615P0001434
110,2.45,-9.9675,-18.65,2.45,-9.9675,-19.29;                     0002617P0001435
110,2.45,-9.9675,-19.29,3.09,-9.9675,-19.29;                     0002619P0001436
110,3.09,-9.9675,-19.29,3.09,-9.9675,-18.65;                     0002621P0001437
144,2625,1,0,2627;                                               0002623P0001438
108,1.,0.,0.,0.32,0,0.32,-5.7875,-19.29,0.;                      0002625P0001439
142,0,2625,0,2629,2;                                             0002627P0001440
102,4,2631,2633,2635,2637;                                       0002629P0001441
110,0.32,-5.7875,-19.29,0.32,-5.7875,-18.65;                     0002631P0001442
110,0.32,-5.7875,-18.65,0.32,-9.9675,-18.65;                     0002633P0001443
110,0.32,-9.9675,-18.65,0.32,-9.9675,-19.29;                     0002635P0001444
110,0.32,-9.9675,-19.29,0.32,-5.7875,-19.29;                     0002637P0001445
144,2641,1,0,2643;                                               0002639P0001446
108,0.,0.,-1.,19.29,0,-0.32,-5.7875,-19.29,0.;                   0002641P0001447
142,0,2641,0,2645,2;                                             0002643P0001448
102,4,2647,2649,2651,2653;                                       0002645P0001449
110,0.32,-9.9675,-19.29,-0.32,-9.9675,-19.29;                    0002647P0001450
110,-0.32,-9.9675,-19.29,-0.32,-5.7875,-19.29;                   0002649P0001451
110,-0.32,-5.7875,-19.29,0.32,-5.7875,-19.29;                    0002651P0001452
110,0.32,-5.7875,-19.29,0.32,-9.9675,-19.29;                     0002653P0001453
144,2657,1,0,2659;                                               0002655P0001454
108,-1.,0.,0.,0.32,0,-0.32,-5.7875,-18.65,0.;                    0002657P0001455
142,0,2657,0,2661,2;                                             0002659P0001456
102,4,2663,2665,2667,2669;                                       0002661P0001457
110,-0.32,-5.7875,-18.65,-0.32,-5.7875,-19.29;                   0002663P0001458
110,-0.32,-5.7875,-19.29,-0.32,-9.9675,-19.29;                   0002665P0001459
110,-0.32,-9.9675,-19.29,-0.32,-9.9675,-18.65;                   0002667P0001460
110,-0.32,-9.9675,-18.65,-0.32,-5.7875,-18.65;                   0002669P0001461
144,2673,1,0,2675;                                               0002671P0001462
108,0.,0.,1.,-18.65,0,0.32,-5.7875,-18.65,0.;                    0002673P0001463
142,0,2673,0,2677,2;                                             0002675P0001464
102,4,2679,2681,2683,2685;                                       0002677P0001465
110,0.32,-5.7875,-18.65,-0.32,-5.7875,-18.65;                    0002679P0001466
110,-0.32,-5.7875,-18.65,-0.32,-9.9675,-18.65;                   0002681P0001467
110,-0.32,-9.9675,-18.65,0.32,-9.9675,-18.65;                    0002683P0001468
110,0.32,-9.9675,-18.65,0.32,-5.7875,-18.65;                     0002685P0001469
144,2689,1,0,2691;                                               0002687P0001470
108,0.,-1.,0.,9.9675,0,-5.54,-9.9675,0.,0.;                      0002689P0001471
142,0,2689,0,2693,2;                                             0002691P0001472
102,4,2695,2697,2699,2701;                                       0002693P0001473
110,0.32,-9.9675,-18.65,-0.32,-9.9675,-18.65;                    0002695P0001474
110,-0.32,-9.9675,-18.65,-0.32,-9.9675,-19.29;                   0002697P0001475
110,-0.32,-9.9675,-19.29,0.32,-9.9675,-19.29;                    0002699P0001476
110,0.32,-9.9675,-19.29,0.32,-9.9675,-18.65;                     0002701P0001477
144,2705,1,0,2707;                                               0002703P0001478
108,1.,0.,0.,-2.45,0,-2.45,-5.7875,-19.29,0.;                    0002705P0001479
142,0,2705,0,2709,2;                                             0002707P0001480
102,4,2711,2713,2715,2717;                                       0002709P0001481
110,-2.45,-5.7875,-19.29,-2.45,-5.7875,-18.65;                   0002711P0001482
110,-2.45,-5.7875,-18.65,-2.45,-9.9675,-18.65;                   0002713P0001483
110,-2.45,-9.9675,-18.65,-2.45,-9.9675,-19.29;                   0002715P0001484
110,-2.45,-9.9675,-19.29,-2.45,-5.7875,-19.29;                   0002717P0001485
144,2721,1,0,2723;                                               0002719P0001486
108,0.,0.,-1.,19.29,0,-3.09,-5.7875,-19.29,0.;                   0002721P0001487
142,0,2721,0,2725,2;                                             0002723P0001488
102,4,2727,2729,2731,2733;                                       0002725P0001489
110,-2.45,-9.9675,-19.29,-3.09,-9.9675,-19.29;                   0002727P0001490
110,-3.09,-9.9675,-19.29,-3.09,-5.7875,-19.29;                   0002729P0001491
110,-3.09,-5.7875,-19.29,-2.45,-5.7875,-19.29;                   0002731P0001492
110,-2.45,-5.7875,-19.29,-2.45,-9.9675,-19.29;                   0002733P0001493
144,2737,1,0,2739;                                               0002735P0001494
108,-1.,0.,0.,3.09,0,-3.09,-5.7875,-18.65,0.;                    0002737P0001495
142,0,2737,0,2741,2;                                             0002739P0001496
102,4,2743,2745,2747,2749;                                       0002741P0001497
110,-3.09,-5.7875,-18.65,-3.09,-5.7875,-19.29;                   0002743P0001498
110,-3.09,-5.7875,-19.29,-3.09,-9.9675,-19.29;                   0002745P0001499
110,-3.09,-9.9675,-19.29,-3.09,-9.9675,-18.65;                   0002747P0001500
110,-3.09,-9.9675,-18.65,-3.09,-5.7875,-18.65;                   0002749P0001501
144,2753,1,0,2755;                                               0002751P0001502
108,0.,0.,1.,-18.65,0,-2.45,-5.7875,-18.65,0.;                   0002753P0001503
142,0,2753,0,2757,2;                                             0002755P0001504
102,4,2759,2761,2763,2765;                                       0002757P0001505
110,-2.45,-5.7875,-18.65,-3.09,-5.7875,-18.65;                   0002759P0001506
110,-3.09,-5.7875,-18.65,-3.09,-9.9675,-18.65;                   0002761P0001507
110,-3.09,-9.9675,-18.65,-2.45,-9.9675,-18.65;                   0002763P0001508
110,-2.45,-9.9675,-18.65,-2.45,-5.7875,-18.65;                   0002765P0001509
144,2769,1,0,2771;                                               0002767P0001510
108,0.,-1.,0.,9.9675,0,-8.31,-9.9675,0.,0.;                      0002769P0001511
142,0,2769,0,2773,2;                                             0002771P0001512
102,4,2775,2777,2779,2781;                                       0002773P0001513
110,-2.45,-9.9675,-18.65,-3.09,-9.9675,-18.65;                   0002775P0001514
110,-3.09,-9.9675,-18.65,-3.09,-9.9675,-19.29;                   0002777P0001515
110,-3.09,-9.9675,-19.29,-2.45,-9.9675,-19.29;                   0002779P0001516
110,-2.45,-9.9675,-19.29,-2.45,-9.9675,-18.65;                   0002781P0001517
144,2785,1,0,2787;                                               0002783P0001518
108,1.,0.,0.,-5.22,0,-5.22,-5.7875,-19.29,0.;                    0002785P0001519
142,0,2785,0,2789,2;                                             0002787P0001520
102,4,2791,2793,2795,2797;                                       0002789P0001521
110,-5.22,-5.7875,-19.29,-5.22,-5.7875,-18.65;                   0002791P0001522
110,-5.22,-5.7875,-18.65,-5.22,-9.9675,-18.65;                   0002793P0001523
110,-5.22,-9.9675,-18.65,-5.22,-9.9675,-19.29;                   0002795P0001524
110,-5.22,-9.9675,-19.29,-5.22,-5.7875,-19.29;                   0002797P0001525
144,2801,1,0,2803;                                               0002799P0001526
108,0.,0.,-1.,19.29,0,-5.86,-5.7875,-19.29,0.;                   0002801P0001527
142,0,2801,0,2805,2;                                             0002803P0001528
102,4,2807,2809,2811,2813;                                       0002805P0001529
110,-5.22,-9.9675,-19.29,-5.86,-9.9675,-19.29;                   0002807P0001530
110,-5.86,-9.9675,-19.29,-5.86,-5.7875,-19.29;                   0002809P0001531
110,-5.86,-5.7875,-19.29,-5.22,-5.7875,-19.29;                   0002811P0001532
110,-5.22,-5.7875,-19.29,-5.22,-9.9675,-19.29;                   0002813P0001533
144,2817,1,0,2819;                                               0002815P0001534
108,-1.,0.,0.,5.86,0,-5.86,-5.7875,-18.65,0.;                    0002817P0001535
142,0,2817,0,2821,2;                                             0002819P0001536
102,4,2823,2825,2827,2829;                                       0002821P0001537
110,-5.86,-5.7875,-18.65,-5.86,-5.7875,-19.29;                   0002823P0001538
110,-5.86,-5.7875,-19.29,-5.86,-9.9675,-19.29;                   0002825P0001539
110,-5.86,-9.9675,-19.29,-5.86,-9.9675,-18.65;                   0002827P0001540
110,-5.86,-9.9675,-18.65,-5.86,-5.7875,-18.65;                   0002829P0001541
144,2833,1,0,2835;                                               0002831P0001542
108,0.,0.,1.,-18.65,0,-5.22,-5.7875,-18.65,0.;                   0002833P0001543
142,0,2833,0,2837,2;                                             0002835P0001544
102,4,2839,2841,2843,2845;                                       0002837P0001545
110,-5.22,-5.7875,-18.65,-5.86,-5.7875,-18.65;                   0002839P0001546
110,-5.86,-5.7875,-18.65,-5.86,-9.9675,-18.65;                   0002841P0001547
110,-5.86,-9.9675,-18.65,-5.22,-9.9675,-18.65;                   0002843P0001548
110,-5.22,-9.9675,-18.65,-5.22,-5.7875,-18.65;                   0002845P0001549
144,2849,1,0,2851;                                               0002847P0001550
108,0.,-1.,0.,9.9675,0,-11.08,-9.9675,0.,0.;                     0002849P0001551
142,0,2849,0,2853,2;                                             0002851P0001552
102,4,2855,2857,2859,2861;                                       0002853P0001553
110,-5.22,-9.9675,-18.65,-5.86,-9.9675,-18.65;                   0002855P0001554
110,-5.86,-9.9675,-18.65,-5.86,-9.9675,-19.29;                   0002857P0001555
110,-5.86,-9.9675,-19.29,-5.22,-9.9675,-19.29;                   0002859P0001556
110,-5.22,-9.9675,-19.29,-5.22,-9.9675,-18.65;                   0002861P0001557
144,2865,1,0,2867;                                               0002863P0001558
108,1.,0.,0.,4.475,0,4.475,-5.7875,-16.75,0.;                    0002865P0001559
142,0,2865,0,2869,2;                                             0002867P0001560
102,4,2871,2873,2875,2877;                                       0002869P0001561
110,4.475,-5.7875,-16.11,4.475,-9.9675,-16.11;                   0002871P0001562
110,4.475,-9.9675,-16.11,4.475,-9.9675,-16.75;                   0002873P0001563
110,4.475,-9.9675,-16.75,4.475,-5.7875,-16.75;                   0002875P0001564
110,4.475,-5.7875,-16.75,4.475,-5.7875,-16.11;                   0002877P0001565
144,2881,1,0,2883;                                               0002879P0001566
108,0.,0.,-1.,16.75,0,3.835,-5.7875,-16.75,0.;                   0002881P0001567
142,0,2881,0,2885,2;                                             0002883P0001568
102,4,2887,2889,2891,2893;                                       0002885P0001569
110,4.475,-5.7875,-16.75,4.475,-9.9675,-16.75;                   0002887P0001570
110,4.475,-9.9675,-16.75,3.835,-9.9675,-16.75;                   0002889P0001571
110,3.835,-9.9675,-16.75,3.835,-5.7875,-16.75;                   0002891P0001572
110,3.835,-5.7875,-16.75,4.475,-5.7875,-16.75;                   0002893P0001573
144,2897,1,0,2899;                                               0002895P0001574
108,-1.,0.,0.,-3.835,0,3.835,-5.7875,-16.11,0.;                  0002897P0001575
142,0,2897,0,2901,2;                                             0002899P0001576
102,4,2903,2905,2907,2909;                                       0002901P0001577
110,3.835,-5.7875,-16.75,3.835,-9.9675,-16.75;                   0002903P0001578
110,3.835,-9.9675,-16.75,3.835,-9.9675,-16.11;                   0002905P0001579
110,3.835,-9.9675,-16.11,3.835,-5.7875,-16.11;                   0002907P0001580
110,3.835,-5.7875,-16.11,3.835,-5.7875,-16.75;                   0002909P0001581
144,2913,1,0,2915;                                               0002911P0001582
108,0.,0.,1.,-16.11,0,4.475,-5.7875,-16.11,0.;                   0002913P0001583
142,0,2913,0,2917,2;                                             0002915P0001584
102,4,2919,2921,2923,2925;                                       0002917P0001585
110,3.835,-5.7875,-16.11,3.835,-9.9675,-16.11;                   0002919P0001586
110,3.835,-9.9675,-16.11,4.475,-9.9675,-16.11;                   0002921P0001587
110,4.475,-9.9675,-16.11,4.475,-5.7875,-16.11;                   0002923P0001588
110,4.475,-5.7875,-16.11,3.835,-5.7875,-16.11;                   0002925P0001589
144,2929,1,0,2931;                                               0002927P0001590
108,0.,-1.,0.,9.9675,0,0.,-9.9675,0.,0.;                         0002929P0001591
142,0,2929,0,2933,2;                                             0002931P0001592
102,4,2935,2937,2939,2941;                                       0002933P0001593
110,4.475,-9.9675,-16.11,3.835,-9.9675,-16.11;                   0002935P0001594
110,3.835,-9.9675,-16.11,3.835,-9.9675,-16.75;                   0002937P0001595
110,3.835,-9.9675,-16.75,4.475,-9.9675,-16.75;                   0002939P0001596
110,4.475,-9.9675,-16.75,4.475,-9.9675,-16.11;                   0002941P0001597
144,2945,1,0,2947;                                               0002943P0001598
108,1.,0.,0.,1.705,0,1.705,-5.7875,-16.75,0.;                    0002945P0001599
142,0,2945,0,2949,2;                                             0002947P0001600
102,4,2951,2953,2955,2957;                                       0002949P0001601
110,1.705,-5.7875,-16.75,1.705,-5.7875,-16.11;                   0002951P0001602
110,1.705,-5.7875,-16.11,1.705,-9.9675,-16.11;                   0002953P0001603
110,1.705,-9.9675,-16.11,1.705,-9.9675,-16.75;                   0002955P0001604
110,1.705,-9.9675,-16.75,1.705,-5.7875,-16.75;                   0002957P0001605
144,2961,1,0,2963;                                               0002959P0001606
108,0.,0.,-1.,16.75,0,1.065,-5.7875,-16.75,0.;                   0002961P0001607
142,0,2961,0,2965,2;                                             0002963P0001608
102,4,2967,2969,2971,2973;                                       0002965P0001609
110,1.705,-9.9675,-16.75,1.065,-9.9675,-16.75;                   0002967P0001610
110,1.065,-9.9675,-16.75,1.065,-5.7875,-16.75;                   0002969P0001611
110,1.065,-5.7875,-16.75,1.705,-5.7875,-16.75;                   0002971P0001612
110,1.705,-5.7875,-16.75,1.705,-9.9675,-16.75;                   0002973P0001613
144,2977,1,0,2979;                                               0002975P0001614
108,-1.,0.,0.,-1.065,0,1.065,-5.7875,-16.11,0.;                  0002977P0001615
142,0,2977,0,2981,2;                                             0002979P0001616
102,4,2983,2985,2987,2989;                                       0002981P0001617
110,1.065,-5.7875,-16.11,1.065,-5.7875,-16.75;                   0002983P0001618
110,1.065,-5.7875,-16.75,1.065,-9.9675,-16.75;                   0002985P0001619
110,1.065,-9.9675,-16.75,1.065,-9.9675,-16.11;                   0002987P0001620
110,1.065,-9.9675,-16.11,1.065,-5.7875,-16.11;                   0002989P0001621
144,2993,1,0,2995;                                               0002991P0001622
108,0.,0.,1.,-16.11,0,1.705,-5.7875,-16.11,0.;                   0002993P0001623
142,0,2993,0,2997,2;                                             0002995P0001624
102,4,2999,3001,3003,3005;                                       0002997P0001625
110,1.705,-5.7875,-16.11,1.065,-5.7875,-16.11;                   0002999P0001626
110,1.065,-5.7875,-16.11,1.065,-9.9675,-16.11;                   0003001P0001627
110,1.065,-9.9675,-16.11,1.705,-9.9675,-16.11;                   0003003P0001628
110,1.705,-9.9675,-16.11,1.705,-5.7875,-16.11;                   0003005P0001629
144,3009,1,0,3011;                                               0003007P0001630
108,0.,-1.,0.,9.9675,0,-2.77,-9.9675,0.,0.;                      0003009P0001631
142,0,3009,0,3013,2;                                             0003011P0001632
102,4,3015,3017,3019,3021;                                       0003013P0001633
110,1.705,-9.9675,-16.11,1.065,-9.9675,-16.11;                   0003015P0001634
110,1.065,-9.9675,-16.11,1.065,-9.9675,-16.75;                   0003017P0001635
110,1.065,-9.9675,-16.75,1.705,-9.9675,-16.75;                   0003019P0001636
110,1.705,-9.9675,-16.75,1.705,-9.9675,-16.11;                   0003021P0001637
144,3025,1,0,3027;                                               0003023P0001638
108,1.,0.,0.,-1.065,0,-1.065,-5.7875,-16.75,0.;                  0003025P0001639
142,0,3025,0,3029,2;                                             0003027P0001640
102,4,3031,3033,3035,3037;                                       0003029P0001641
110,-1.065,-5.7875,-16.75,-1.065,-5.7875,-16.11;                 0003031P0001642
110,-1.065,-5.7875,-16.11,-1.065,-9.9675,-16.11;                 0003033P0001643
110,-1.065,-9.9675,-16.11,-1.065,-9.9675,-16.75;                 0003035P0001644
110,-1.065,-9.9675,-16.75,-1.065,-5.7875,-16.75;                 0003037P0001645
144,3041,1,0,3043;                                               0003039P0001646
108,0.,0.,-1.,16.75,0,-1.705,-5.7875,-16.75,0.;                  0003041P0001647
142,0,3041,0,3045,2;                                             0003043P0001648
102,4,3047,3049,3051,3053;                                       0003045P0001649
110,-1.065,-9.9675,-16.75,-1.705,-9.9675,-16.75;                 0003047P0001650
110,-1.705,-9.9675,-16.75,-1.705,-5.7875,-16.75;                 0003049P0001651
110,-1.705,-5.7875,-16.75,-1.065,-5.7875,-16.75;                 0003051P0001652
110,-1.065,-5.7875,-16.75,-1.065,-9.9675,-16.75;                 0003053P0001653
144,3057,1,0,3059;                                               0003055P0001654
108,-1.,0.,0.,1.705,0,-1.705,-5.7875,-16.11,0.;                  0003057P0001655
142,0,3057,0,3061,2;                                             0003059P0001656
102,4,3063,3065,3067,3069;                                       0003061P0001657
110,-1.705,-5.7875,-16.11,-1.705,-5.7875,-16.75;                 0003063P0001658
110,-1.705,-5.7875,-16.75,-1.705,-9.9675,-16.75;                 0003065P0001659
110,-1.705,-9.9675,-16.75,-1.705,-9.9675,-16.11;                 0003067P0001660
110,-1.705,-9.9675,-16.11,-1.705,-5.7875,-16.11;                 0003069P0001661
144,3073,1,0,3075;                                               0003071P0001662
108,0.,0.,1.,-16.11,0,-1.065,-5.7875,-16.11,0.;                  0003073P0001663
142,0,3073,0,3077,2;                                             0003075P0001664
102,4,3079,3081,3083,3085;                                       0003077P0001665
110,-1.065,-5.7875,-16.11,-1.705,-5.7875,-16.11;                 0003079P0001666
110,-1.705,-5.7875,-16.11,-1.705,-9.9675,-16.11;                 0003081P0001667
110,-1.705,-9.9675,-16.11,-1.065,-9.9675,-16.11;                 0003083P0001668
110,-1.065,-9.9675,-16.11,-1.065,-5.7875,-16.11;                 0003085P0001669
144,3089,1,0,3091;                                               0003087P0001670
108,0.,-1.,0.,9.9675,0,-5.54,-9.9675,0.,0.;                      0003089P0001671
142,0,3089,0,3093,2;                                             0003091P0001672
102,4,3095,3097,3099,3101;                                       0003093P0001673
110,-1.065,-9.9675,-16.11,-1.705,-9.9675,-16.11;                 0003095P0001674
110,-1.705,-9.9675,-16.11,-1.705,-9.9675,-16.75;                 0003097P0001675
110,-1.705,-9.9675,-16.75,-1.065,-9.9675,-16.75;                 0003099P0001676
110,-1.065,-9.9675,-16.75,-1.065,-9.9675,-16.11;                 0003101P0001677
144,3105,1,0,3107;                                               0003103P0001678
108,1.,0.,0.,-3.835,0,-3.835,-5.7875,-16.75,0.;                  0003105P0001679
142,0,3105,0,3109,2;                                             0003107P0001680
102,4,3111,3113,3115,3117;                                       0003109P0001681
110,-3.835,-5.7875,-16.75,-3.835,-5.7875,-16.11;                 0003111P0001682
110,-3.835,-5.7875,-16.11,-3.835,-9.9675,-16.11;                 0003113P0001683
110,-3.835,-9.9675,-16.11,-3.835,-9.9675,-16.75;                 0003115P0001684
110,-3.835,-9.9675,-16.75,-3.835,-5.7875,-16.75;                 0003117P0001685
144,3121,1,0,3123;                                               0003119P0001686
108,0.,0.,-1.,16.75,0,-4.475,-5.7875,-16.75,0.;                  0003121P0001687
142,0,3121,0,3125,2;                                             0003123P0001688
102,4,3127,3129,3131,3133;                                       0003125P0001689
110,-3.835,-9.9675,-16.75,-4.475,-9.9675,-16.75;                 0003127P0001690
110,-4.475,-9.9675,-16.75,-4.475,-5.7875,-16.75;                 0003129P0001691
110,-4.475,-5.7875,-16.75,-3.835,-5.7875,-16.75;                 0003131P0001692
110,-3.835,-5.7875,-16.75,-3.835,-9.9675,-16.75;                 0003133P0001693
144,3137,1,0,3139;                                               0003135P0001694
108,-1.,0.,0.,4.475,0,-4.475,-5.7875,-16.11,0.;                  0003137P0001695
142,0,3137,0,3141,2;                                             0003139P0001696
102,4,3143,3145,3147,3149;                                       0003141P0001697
110,-4.475,-5.7875,-16.11,-4.475,-5.7875,-16.75;                 0003143P0001698
110,-4.475,-5.7875,-16.75,-4.475,-9.9675,-16.75;                 0003145P0001699
110,-4.475,-9.9675,-16.75,-4.475,-9.9675,-16.11;                 0003147P0001700
110,-4.475,-9.9675,-16.11,-4.475,-5.7875,-16.11;                 0003149P0001701
144,3153,1,0,3155;                                               0003151P0001702
108,0.,0.,1.,-16.11,0,-3.835,-5.7875,-16.11,0.;                  0003153P0001703
142,0,3153,0,3157,2;                                             0003155P0001704
102,4,3159,3161,3163,3165;                                       0003157P0001705
110,-3.835,-5.7875,-16.11,-4.475,-5.7875,-16.11;                 0003159P0001706
110,-4.475,-5.7875,-16.11,-4.475,-9.9675,-16.11;                 0003161P0001707
110,-4.475,-9.9675,-16.11,-3.835,-9.9675,-16.11;                 0003163P0001708
110,-3.835,-9.9675,-16.11,-3.835,-5.7875,-16.11;                 0003165P0001709
144,3169,1,0,3171;                                               0003167P0001710
108,0.,-1.,0.,9.9675,0,-8.31,-9.9675,0.,0.;                      0003169P0001711
142,0,3169,0,3173,2;                                             0003171P0001712
102,4,3175,3177,3179,3181;                                       0003173P0001713
110,-3.835,-9.9675,-16.11,-4.475,-9.9675,-16.11;                 0003175P0001714
110,-4.475,-9.9675,-16.11,-4.475,-9.9675,-16.75;                 0003177P0001715
110,-4.475,-9.9675,-16.75,-3.835,-9.9675,-16.75;                 0003179P0001716
110,-3.835,-9.9675,-16.75,-3.835,-9.9675,-16.11;                 0003181P0001717
144,3185,1,0,3187;                                               0003183P0001718
108,1.,-0.,-0.,8.725,0,8.725,-2.8675,-20.65,0.;                  0003185P0001719
142,0,3185,0,3189,2;                                             0003187P0001720
102,4,3191,3193,3195,3197;                                       0003189P0001721
110,8.725,3.7075,-20.65,8.725,3.7075,-10.36;                     0003191P0001722
110,8.725,3.7075,-10.36,8.725,-2.8675,-10.36;                    0003193P0001723
110,8.725,-2.8675,-10.36,8.725,-2.8675,-20.65;                   0003195P0001724
110,8.725,-2.8675,-20.65,8.725,3.7075,-20.65;                    0003197P0001725
144,3201,1,0,3209;                                               0003199P0001726
120,3205,3207,0.,1.570796327;                                    0003201P0001727
124,1.,0.,0.,7.265,0.,-1.,0.,3.7075,0.,0.,-1.,-20.65;            0003203P0001728
110,0.,0.,1.,0.,0.,0.;                                           0003205P0001729
110,1.46,0.,-10.29,1.46,0.,0.;                                   0003207P0001730
142,0,3201,3211,3221,3;                                          0003209P0001731
102,4,3213,3215,3217,3219;                                       0003211P0001732
110,1.,1.570796327,0.,-1.016871282E-16,1.570796327,0.;           0003213P0001733
110,-1.016871282E-16,1.570796327,0.,-1.355828376E-16,            0003215P0001734
1.776356839E-15,0.;                                              0003215P0001735
110,-3.330669074E-16,2.156053114E-15,0.,1.,4.440892099E-15,0.;   0003217P0001736
110,1.,3.552713679E-15,0.,1.,1.570796327,0.;                     0003219P0001737
102,4,3223,3225,3229,3231;                                       0003221P0001738
110,7.265,5.1675,-20.65,7.265,5.1675,-10.36;                     0003223P0001739
100,0.,0.,0.,0.,-1.46,1.46,-4.440892099E-16;                     0003225P0001740
124,1.,0.,0.,7.265,0.,-1.,0.,3.7075,0.,0.,-1.,-10.36;            0003227P0001741
110,8.725,3.7075,-10.36,8.725,3.7075,-20.65;                     0003229P0001742
100,0.,0.,0.,-4.440892099E-16,-1.46,1.46,0.;                     0003231P0001743
124,0.,-1.,-0.,7.265,1.,0.,0.,3.7075,0.,0.,1.,-20.65;            0003233P0001744
144,3237,1,0,3239;                                               0003235P0001745
108,-0.,1.,-0.,5.1675,0,-15.405,5.1675,-8.5,0.;                  0003237P0001746
142,0,3237,0,3241,2;                                             0003239P0001747
102,8,3243,3245,3247,3249,3251,3253,3255,3257;                   0003241P0001748
110,-15.405,5.1675,-10.36,-15.405,5.1675,-8.5;                   0003243P0001749
110,-15.405,5.1675,-8.5,15.405,5.1675,-8.5;                      0003245P0001750
110,15.405,5.1675,-8.5,15.405,5.1675,-10.36;                     0003247P0001751
110,15.405,5.1675,-10.36,7.265,5.1675,-10.36;                    0003249P0001752
110,7.265,5.1675,-10.36,7.265,5.1675,-20.65;                     0003251P0001753
110,7.265,5.1675,-20.65,-7.265,5.1675,-20.65;                    0003253P0001754
110,-7.265,5.1675,-20.65,-7.265,5.1675,-10.36;                   0003255P0001755
110,-7.265,5.1675,-10.36,-15.405,5.1675,-10.36;                  0003257P0001756
144,3261,1,0,3269;                                               0003259P0001757
120,3265,3267,1.570796327,3.141592654;                           0003261P0001758
124,1.,0.,0.,-7.265,0.,-1.,0.,3.7075,0.,0.,-1.,-20.65;           0003263P0001759
110,0.,0.,1.,0.,0.,0.;                                           0003265P0001760
110,1.46,0.,-10.29,1.46,0.,0.;                                   0003267P0001761
142,0,3261,3271,3281,3;                                          0003269P0001762
102,4,3273,3275,3277,3279;                                       0003271P0001763
110,1.,3.141592654,0.,-2.220446049E-16,3.141592654,0.;           0003273P0001764
110,-6.779141881E-17,3.141592654,0.,-1.016871282E-16,            0003275P0001765
1.570796327,0.;                                                  0003275P0001766
110,-1.016871282E-16,1.570796327,0.,1.,1.570796327,0.;           0003277P0001767
110,1.,1.570796327,0.,1.,3.141592654,0.;                         0003279P0001768
102,4,3283,3285,3289,3291;                                       0003281P0001769
110,-8.725,3.7075,-20.65,-8.725,3.7075,-10.36;                   0003283P0001770
100,0.,0.,0.,-4.440892099E-16,-1.46,1.46,0.;                     0003285P0001771
124,0.,1.,0.,-7.265,1.,0.,0.,3.7075,0.,0.,-1.,-10.36;            0003287P0001772
110,-7.265,5.1675,-10.36,-7.265,5.1675,-20.65;                   0003289P0001773
100,0.,0.,0.,0.,-1.46,1.46,-4.440892099E-16;                     0003291P0001774
124,-1.,0.,-0.,-7.265,0.,-1.,0.,3.7075,0.,-0.,1.,-20.65;         0003293P0001775
144,3297,1,0,3299;                                               0003295P0001776
108,-1.,-0.,-0.,8.725,0,-8.725,3.7075,-20.65,0.;                 0003297P0001777
142,0,3297,0,3301,2;                                             0003299P0001778
102,4,3303,3305,3307,3309;                                       0003301P0001779
110,-8.725,-2.8675,-20.65,-8.725,-2.8675,-10.36;                 0003303P0001780
110,-8.725,-2.8675,-10.36,-8.725,3.7075,-10.36;                  0003305P0001781
110,-8.725,3.7075,-10.36,-8.725,3.7075,-20.65;                   0003307P0001782
110,-8.725,3.7075,-20.65,-8.725,-2.8675,-20.65;                  0003309P0001783
144,3313,1,0,3315;                                               0003311P0001784
108,1.,0.,0.,14.995,0,14.995,2.5,-10.36,0.;                      0003313P0001785
142,0,3313,0,3317,2;                                             0003315P0001786
102,4,3319,3321,3323,3325;                                       0003317P0001787
110,14.995,-2.2275,-10.61,14.995,2.5,-10.61;                     0003319P0001788
110,14.995,2.5,-10.61,14.995,2.5,-10.36;                         0003321P0001789
110,14.995,2.5,-10.36,14.995,-2.2275,-10.36;                     0003323P0001790
110,14.995,-2.2275,-10.36,14.995,-2.2275,-10.61;                 0003325P0001791
144,3329,1,0,3331;                                               0003327P0001792
108,0.,1.,0.,2.5,0,9.995,2.5,-10.36,0.;                          0003329P0001793
142,0,3329,0,3333,2;                                             0003331P0001794
102,4,3335,3337,3339,3341;                                       0003333P0001795
110,14.995,2.5,-10.36,14.995,2.5,-10.61;                         0003335P0001796
110,14.995,2.5,-10.61,9.995,2.5,-10.61;                          0003337P0001797
110,9.995,2.5,-10.61,9.995,2.5,-10.36;                           0003339P0001798
110,9.995,2.5,-10.36,14.995,2.5,-10.36;                          0003341P0001799
144,3345,1,0,3347;                                               0003343P0001800
108,-1.,0.,0.,-9.995,0,9.995,-2.5,-10.36,0.;                     0003345P0001801
142,0,3345,0,3349,2;                                             0003347P0001802
102,4,3351,3353,3355,3357;                                       0003349P0001803
110,9.995,-2.2275,-10.36,9.995,2.5,-10.36;                       0003351P0001804
110,9.995,2.5,-10.36,9.995,2.5,-10.61;                           0003353P0001805
110,9.995,2.5,-10.61,9.995,-2.2275,-10.61;                       0003355P0001806
110,9.995,-2.2275,-10.61,9.995,-2.2275,-10.36;                   0003357P0001807
144,3361,1,1,3363,3375;                                          0003359P0001808
108,0.,0.,-1.,10.61,0,0.,0.,-10.61,0.;                           0003361P0001809
142,0,3361,0,3365,2;                                             0003363P0001810
102,4,3367,3369,3371,3373;                                       0003365P0001811
110,9.995,-2.2275,-10.61,9.995,2.5,-10.61;                       0003367P0001812
110,9.995,2.5,-10.61,14.995,2.5,-10.61;                          0003369P0001813
110,14.995,2.5,-10.61,14.995,-2.2275,-10.61;                     0003371P0001814
110,14.995,-2.2275,-10.61,9.995,-2.2275,-10.61;                  0003373P0001815
142,0,3361,0,3377,2;                                             0003375P0001816
102,2,3379,3383;                                                 0003377P0001817
100,0.,0.,0.,1.34,0.,-1.34,1.641026711E-16;                      0003379P0001818
124,-1.,0.,0.,12.495,0.,-1.,0.,0.,0.,0.,1.,-10.61;               0003381P0001819
100,0.,0.,0.,1.34,0.,-1.34,1.641026711E-16;                      0003383P0001820
124,1.,0.,0.,12.495,0.,1.,0.,0.,0.,0.,1.,-10.61;                 0003385P0001821
144,3389,1,1,3391,3403;                                          0003387P0001822
108,0.,0.,-1.,10.61,0,0.,0.,-10.61,0.;                           0003389P0001823
142,0,3389,0,3393,2;                                             0003391P0001824
102,4,3395,3397,3399,3401;                                       0003393P0001825
110,-14.995,-2.2275,-10.61,-14.995,2.5,-10.61;                   0003395P0001826
110,-14.995,2.5,-10.61,-9.995,2.5,-10.61;                        0003397P0001827
110,-9.995,2.5,-10.61,-9.995,-2.2275,-10.61;                     0003399P0001828
110,-9.995,-2.2275,-10.61,-14.995,-2.2275,-10.61;                0003401P0001829
142,0,3389,0,3405,2;                                             0003403P0001830
102,2,3407,3411;                                                 0003405P0001831
100,0.,0.,0.,-1.34,1.641026711E-16,1.34,-3.282053422E-16;        0003407P0001832
124,1.,0.,-0.,-12.495,0.,1.,0.,0.,0.,0.,1.,-10.61;               0003409P0001833
100,0.,0.,0.,-1.34,1.641026711E-16,1.34,-3.282053422E-16;        0003411P0001834
124,-1.,0.,-0.,-12.495,0.,-1.,0.,0.,0.,-0.,1.,-10.61;            0003413P0001835
144,3417,1,0,3419;                                               0003415P0001836
108,1.,0.,0.,-9.995,0,-9.995,2.5,-10.36,0.;                      0003417P0001837
142,0,3417,0,3421,2;                                             0003419P0001838
102,4,3423,3425,3427,3429;                                       0003421P0001839
110,-9.995,-2.2275,-10.61,-9.995,2.5,-10.61;                     0003423P0001840
110,-9.995,2.5,-10.61,-9.995,2.5,-10.36;                         0003425P0001841
110,-9.995,2.5,-10.36,-9.995,-2.2275,-10.36;                     0003427P0001842
110,-9.995,-2.2275,-10.36,-9.995,-2.2275,-10.61;                 0003429P0001843
144,3433,1,0,3435;                                               0003431P0001844
108,0.,1.,0.,2.5,0,-14.995,2.5,-10.36,0.;                        0003433P0001845
142,0,3433,0,3437,2;                                             0003435P0001846
102,4,3439,3441,3443,3445;                                       0003437P0001847
110,-9.995,2.5,-10.36,-9.995,2.5,-10.61;                         0003439P0001848
110,-9.995,2.5,-10.61,-14.995,2.5,-10.61;                        0003441P0001849
110,-14.995,2.5,-10.61,-14.995,2.5,-10.36;                       0003443P0001850
110,-14.995,2.5,-10.36,-9.995,2.5,-10.36;                        0003445P0001851
144,3449,1,0,3451;                                               0003447P0001852
108,-1.,0.,0.,14.995,0,-14.995,-2.5,-10.36,0.;                   0003449P0001853
142,0,3449,0,3453,2;                                             0003451P0001854
102,4,3455,3457,3459,3461;                                       0003453P0001855
110,-14.995,-2.2275,-10.36,-14.995,2.5,-10.36;                   0003455P0001856
110,-14.995,2.5,-10.36,-14.995,2.5,-10.61;                       0003457P0001857
110,-14.995,2.5,-10.61,-14.995,-2.2275,-10.61;                   0003459P0001858
110,-14.995,-2.2275,-10.61,-14.995,-2.2275,-10.36;               0003461P0001859
144,3465,1,0,3473;                                               0003463P0001860
120,3469,3471,0.,3.141592654;                                    0003465P0001861
124,-1.,0.,0.,12.495,0.,-1.,0.,0.,0.,0.,1.,-13.85;               0003467P0001862
110,0.,0.,1.,0.,0.,0.;                                           0003469P0001863
110,1.34,0.,0.95,1.34,0.,3.24;                                   0003471P0001864
142,0,3465,3475,3485,3;                                          0003473P0001865
102,4,3477,3479,3481,3483;                                       0003475P0001866
110,-3.046173361E-16,3.141592654,0.,-6.092346721E-16,            0003477P0001867
8.881784197E-16,0.;                                              0003477P0001868
110,-7.771561172E-16,2.156053114E-15,0.,1.,2.664535259E-15,0.;   0003479P0001869
110,1.,1.33226763E-15,0.,1.,3.141592654,0.;                      0003481P0001870
110,1.,3.141592654,0.,-5.551115123E-16,3.141592654,0.;           0003483P0001871
102,4,3487,3491,3493,3497;                                       0003485P0001872
100,0.,0.,0.,1.34,0.,-1.34,1.641026711E-16;                      0003487P0001873
124,1.,0.,0.,12.495,0.,1.,0.,0.,0.,0.,1.,-12.9;                  0003489P0001874
110,11.155,0.,-12.9,11.155,0.,-10.61;                            0003491P0001875
100,0.,0.,0.,-1.34,1.641026711E-16,1.34,-3.282053422E-16;        0003493P0001876
124,1.,0.,0.,12.495,0.,-1.,0.,0.,0.,0.,-1.,-10.61;               0003495P0001877
110,13.835,0.,-10.61,13.835,0.,-12.9;                            0003497P0001878
144,3501,1,0,3509;                                               0003499P0001879
120,3505,3507,3.141592654,6.283185307;                           0003501P0001880
124,-1.,0.,0.,12.495,0.,-1.,0.,0.,0.,0.,1.,-13.85;               0003503P0001881
110,0.,0.,1.,0.,0.,0.;                                           0003505P0001882
110,1.34,0.,0.95,1.34,0.,3.24;                                   0003507P0001883
142,0,3501,3511,3521,3;                                          0003509P0001884
102,4,3513,3515,3517,3519;                                       0003511P0001885
110,1.,3.141592654,0.,1.,6.283185307,0.;                         0003513P0001886
110,1.,6.283185307,0.,-2.220446049E-16,6.283185307,0.;           0003515P0001887
110,9.860761315E-32,6.283185307,0.,-3.046173361E-16,3.141592654, 0003517P0001888
0.;                                                              0003517P0001889
110,-5.551115123E-16,3.141592654,0.,1.,3.141592654,0.;           0003519P0001890
102,4,3523,3527,3529,3533;                                       0003521P0001891
100,0.,0.,0.,-1.34,1.641026711E-16,1.34,-3.282053422E-16;        0003523P0001892
124,-1.,0.,0.,12.495,0.,1.,0.,0.,0.,0.,-1.,-10.61;               0003525P0001893
110,11.155,0.,-10.61,11.155,0.,-12.9;                            0003527P0001894
100,0.,0.,0.,-1.34,1.641026711E-16,1.34,-3.282053422E-16;        0003529P0001895
124,1.,0.,-0.,12.495,0.,1.,0.,0.,0.,0.,1.,-12.9;                 0003531P0001896
110,13.835,0.,-12.9,13.835,0.,-10.61;                            0003533P0001897
144,3537,1,0,3545;                                               0003535P0001898
120,3541,3543,3.141592654,6.283185307;                           0003537P0001899
124,-1.,0.,0.,12.495,0.,-1.,0.,0.,0.,0.,1.,-13.05;               0003539P0001900
110,0.,0.,1.,0.,0.,0.;                                           0003541P0001901
110,1.04,0.,-0.15,1.34,0.,0.15;                                  0003543P0001902
142,0,3537,3547,3557,3;                                          0003545P0001903
102,4,3549,3551,3553,3555;                                       0003547P0001904
110,1.,3.141592654,0.,1.,6.283185307,0.;                         0003549P0001905
110,1.,6.283185307,0.,-2.220446049E-16,6.283185307,0.;           0003551P0001906
110,3.009343879E-15,6.283185307,0.,1.365146901E-15,3.141592654,  0003553P0001907
0.;                                                              0003553P0001908
110,9.992007222E-16,3.141592654,0.,1.,3.141592654,0.;            0003555P0001909
102,4,3559,3563,3565,3569;                                       0003557P0001910
100,0.,0.,0.,1.34,0.,-1.34,1.641026711E-16;                      0003559P0001911
124,1.,0.,0.,12.495,0.,-1.,0.,0.,0.,0.,-1.,-12.9;                0003561P0001912
110,11.155,0.,-12.9,11.455,0.,-13.2;                             0003563P0001913
100,0.,0.,0.,-1.04,1.273632671E-16,1.04,-2.547265342E-16;        0003565P0001914
124,1.,0.,-0.,12.495,0.,1.,0.,0.,0.,0.,1.,-13.2;                 0003567P0001915
110,13.535,0.,-13.2,13.835,0.,-12.9;                             0003569P0001916
144,3573,1,0,3581;                                               0003571P0001917
120,3577,3579,0.,3.141592654;                                    0003573P0001918
124,-1.,0.,0.,12.495,0.,-1.,0.,0.,0.,0.,1.,-13.05;               0003575P0001919
110,0.,0.,1.,0.,0.,0.;                                           0003577P0001920
110,1.04,0.,-0.15,1.34,0.,0.15;                                  0003579P0001921
142,0,3573,3583,3593,3;                                          0003581P0001922
102,4,3585,3587,3589,3591;                                       0003583P0001923
110,1.365146901E-15,3.141592654,0.,-2.790500766E-16,             0003585P0001924
8.881784197E-16,0.;                                              0003585P0001925
110,-3.552713679E-15,1.682151292E-15,0.,1.,1.776356839E-15,0.;   0003587P0001926
110,1.,8.881784197E-16,0.,1.,3.141592654,0.;                     0003589P0001927
110,1.,3.141592654,0.,9.992007222E-16,3.141592654,0.;            0003591P0001928
102,4,3595,3599,3601,3605;                                       0003593P0001929
100,0.,0.,0.,1.04,0.,-1.04,1.273632671E-16;                      0003595P0001930
124,1.,0.,0.,12.495,0.,1.,0.,0.,0.,0.,1.,-13.2;                  0003597P0001931
110,11.455,0.,-13.2,11.155,0.,-12.9;                             0003599P0001932
100,0.,0.,0.,-1.34,1.641026711E-16,1.34,-3.282053422E-16;        0003601P0001933
124,1.,0.,0.,12.495,0.,-1.,0.,0.,0.,0.,-1.,-12.9;                0003603P0001934
110,13.835,0.,-12.9,13.535,0.,-13.2;                             0003605P0001935
144,3609,1,0,3611;                                               0003607P0001936
108,-0.,-0.,-1.,13.2,0,12.495,0.,-13.2,0.;                       0003609P0001937
142,0,3609,0,3613,2;                                             0003611P0001938
102,2,3615,3619;                                                 0003613P0001939
100,0.,0.,0.,-1.04,1.273632671E-16,1.04,-2.547265342E-16;        0003615P0001940
124,1.,0.,0.,12.495,0.,-1.,0.,0.,0.,0.,-1.,-13.2;                0003617P0001941
100,0.,0.,0.,1.04,0.,-1.04,1.273632671E-16;                      0003619P0001942
124,1.,0.,0.,12.495,0.,-1.,0.,0.,0.,0.,-1.,-13.2;                0003621P0001943
144,3625,1,0,3633;                                               0003623P0001944
120,3629,3631,0.,3.141592654;                                    0003625P0001945
124,1.,0.,0.,-12.495,0.,-1.,0.,0.,0.,0.,-1.,-13.85;              0003627P0001946
110,0.,0.,1.,0.,0.,0.;                                           0003629P0001947
110,1.34,0.,-3.24,1.34,0.,-0.95;                                 0003631P0001948
142,0,3625,3635,3645,3;                                          0003633P0001949
102,4,3637,3639,3641,3643;                                       0003635P0001950
110,-3.046173361E-16,3.141592654,0.,-6.092346721E-16,            0003637P0001951
8.881784197E-16,0.;                                              0003637P0001952
110,-6.092346721E-16,1.776356839E-15,0.,1.,2.284838985E-15,0.;   0003639P0001953
110,1.,1.33226763E-15,0.,1.,3.141592654,0.;                      0003641P0001954
110,1.,3.141592654,0.,-3.046173361E-16,3.141592654,0.;           0003643P0001955
102,4,3647,3651,3653,3657;                                       0003645P0001956
100,0.,0.,0.,1.34,0.,-1.34,1.641026711E-16;                      0003647P0001957
124,-1.,0.,0.,-12.495,0.,1.,0.,0.,0.,0.,-1.,-10.61;              0003649P0001958
110,-11.155,0.,-10.61,-11.155,0.,-12.9;                          0003651P0001959
100,0.,0.,0.,-1.34,1.641026711E-16,1.34,-3.282053422E-16;        0003653P0001960
124,-1.,0.,-0.,-12.495,0.,-1.,0.,0.,0.,-0.,1.,-12.9;             0003655P0001961
110,-13.835,0.,-12.9,-13.835,0.,-10.61;                          0003657P0001962
144,3661,1,0,3669;                                               0003659P0001963
120,3665,3667,3.141592654,6.283185307;                           0003661P0001964
124,1.,0.,0.,-12.495,0.,-1.,0.,0.,0.,0.,-1.,-13.85;              0003663P0001965
110,0.,0.,1.,0.,0.,0.;                                           0003665P0001966
110,1.34,0.,-3.24,1.34,0.,-0.95;                                 0003667P0001967
142,0,3661,3671,3681,3;                                          0003669P0001968
102,4,3673,3675,3677,3679;                                       0003671P0001969
110,1.,3.141592654,0.,1.,6.283185307,0.;                         0003673P0001970
110,1.,6.283185307,0.,0.,6.283185307,0.;                         0003675P0001971
110,0.,6.283185307,0.,-3.046173361E-16,3.141592654,0.;           0003677P0001972
110,-3.046173361E-16,3.141592654,0.,1.,3.141592654,0.;           0003679P0001973
102,4,3683,3687,3689,3693;                                       0003681P0001974
100,0.,0.,0.,1.34,0.,-1.34,1.641026711E-16;                      0003683P0001975
124,-1.,0.,0.,-12.495,0.,-1.,0.,0.,0.,0.,1.,-12.9;               0003685P0001976
110,-11.155,0.,-12.9,-11.155,0.,-10.61;                          0003687P0001977
100,0.,0.,0.,1.34,0.,-1.34,1.641026711E-16;                      0003689P0001978
124,1.,0.,0.,-12.495,0.,-1.,0.,0.,0.,0.,-1.,-10.61;              0003691P0001979
110,-13.835,0.,-10.61,-13.835,0.,-12.9;                          0003693P0001980
144,3697,1,0,3705;                                               0003695P0001981
120,3701,3703,3.141592654,6.283185307;                           0003697P0001982
124,-1.,0.,0.,-12.495,0.,-1.,0.,0.,0.,0.,1.,-13.05;              0003699P0001983
110,0.,0.,1.,0.,0.,0.;                                           0003701P0001984
110,1.04,0.,-0.15,1.34,0.,0.15;                                  0003703P0001985
142,0,3697,3707,3717,3;                                          0003705P0001986
102,4,3709,3711,3713,3715;                                       0003707P0001987
110,3.009343879E-15,6.283185307,0.,1.365146901E-15,3.141592654,  0003709P0001988
0.;                                                              0003709P0001989
110,-1.998401444E-15,3.141592654,0.,1.,3.141592654,0.;           0003711P0001990
110,1.,3.141592654,0.,1.,6.283185307,0.;                         0003713P0001991
110,1.,6.283185307,0.,2.775557562E-15,6.283185307,0.;            0003715P0001992
102,4,3719,3723,3725,3729;                                       0003717P0001993
100,0.,0.,0.,1.04,0.,-1.04,1.273632671E-16;                      0003719P0001994
124,-1.,0.,0.,-12.495,0.,-1.,0.,0.,0.,0.,1.,-13.2;               0003721P0001995
110,-11.455,0.,-13.2,-11.155,0.,-12.9;                           0003723P0001996
100,0.,0.,0.,-1.34,1.641026711E-16,1.34,-3.282053422E-16;        0003725P0001997
124,-1.,0.,0.,-12.495,0.,1.,0.,0.,0.,0.,-1.,-12.9;               0003727P0001998
110,-13.835,0.,-12.9,-13.535,0.,-13.2;                           0003729P0001999
144,3733,1,0,3741;                                               0003731P0002000
120,3737,3739,0.,3.141592654;                                    0003733P0002001
124,-1.,0.,0.,-12.495,0.,-1.,0.,0.,0.,0.,1.,-13.05;              0003735P0002002
110,0.,0.,1.,0.,0.,0.;                                           0003737P0002003
110,1.04,0.,-0.15,1.34,0.,0.15;                                  0003739P0002004
142,0,3733,3743,3753,3;                                          0003741P0002005
102,4,3745,3747,3749,3751;                                       0003743P0002006
110,1.,1.776356839E-15,0.,1.,3.141592654,0.;                     0003745P0002007
110,1.,3.141592654,0.,-1.998401444E-15,3.141592654,0.;           0003747P0002008
110,1.365146901E-15,3.141592654,0.,-2.790500766E-16,             0003749P0002009
1.776356839E-15,0.;                                              0003749P0002010
110,-5.551115123E-16,1.682151292E-15,0.,1.,1.776356839E-15,0.;   0003751P0002011
102,4,3755,3759,3761,3765;                                       0003753P0002012
100,0.,0.,0.,1.34,0.,-1.34,1.641026711E-16;                      0003755P0002013
124,-1.,0.,0.,-12.495,0.,1.,0.,0.,0.,0.,-1.,-12.9;               0003757P0002014
110,-11.155,0.,-12.9,-11.455,0.,-13.2;                           0003759P0002015
100,0.,0.,0.,-1.04,1.273632671E-16,1.04,-2.547265342E-16;        0003761P0002016
124,-1.,0.,-0.,-12.495,0.,-1.,0.,0.,0.,-0.,1.,-13.2;             0003763P0002017
110,-13.535,0.,-13.2,-13.835,0.,-12.9;                           0003765P0002018
144,3769,1,0,3771;                                               0003767P0002019
108,0.,0.,-1.,13.2,0,-12.495,0.,-13.2,0.;                        0003769P0002020
142,0,3769,0,3773,2;                                             0003771P0002021
102,2,3775,3779;                                                 0003773P0002022
100,0.,0.,0.,1.04,0.,-1.04,1.273632671E-16;                      0003775P0002023
124,-1.,0.,0.,-12.495,0.,1.,0.,0.,0.,0.,-1.,-13.2;               0003777P0002024
100,0.,0.,0.,-1.04,1.273632671E-16,1.04,-2.547265342E-16;        0003779P0002025
124,-1.,0.,0.,-12.495,0.,1.,0.,0.,0.,0.,-1.,-13.2;               0003781P0002026
144,3785,1,0,3793;                                               0003783P0002027
120,3789,3791,2.440087869,3.554899017;                           0003785P0002028
124,1.,0.,0.,10.995,0.,-1.,0.,-8.3375,0.,0.,-1.,-18.02;          0003787P0002029
110,0.,0.,1.,0.,0.,0.;                                           0003789P0002030
110,0.4,0.,-0.64,0.4,0.,0.;                                      0003791P0002031
142,0,3785,3795,3805,3;                                          0003793P0002032
102,4,3797,3799,3801,3803;                                       0003795P0002033
110,1.,3.554899017,0.,-9.992007222E-16,3.554899017,0.;           0003797P0002034
110,-9.465644555E-16,3.554899017,0.,-1.333342269E-15,            0003799P0002035
2.440087869,0.;                                                  0003799P0002036
110,-1.554312234E-15,2.440087869,0.,1.,2.440087869,0.;           0003801P0002037
110,1.,2.440087869,0.,1.,3.554899017,0.;                         0003803P0002038
102,4,3807,3809,3813,3815;                                       0003805P0002039
110,10.628680854,-8.498155791,-18.02,10.628680854,-8.498155791,  0003807P0002040
-17.38;                                                          0003807P0002041
100,0.,0.,0.,0.4,0.,0.176138819,0.359131057;                     0003809P0002042
124,-0.915797865,-0.401639478,0.,10.995,-0.401639478,            0003811P0002043
0.915797865,0.,-8.3375,-0.,0.,-1.,-17.38;                        0003811P0002044
110,10.689451235,-8.079352848,-17.38,10.689451235,-8.079352848,  0003813P0002045
-18.02;                                                          0003813P0002046
100,0.,0.,0.,0.176138819,-0.359131057,0.4,0.;                    0003815P0002047
124,-0.915797865,0.401639478,-0.,10.995,-0.401639478,            0003817P0002048
-0.915797865,0.,-8.3375,-0.,0.,1.,-18.02;                        0003817P0002049
144,3821,1,0,3823;                                               0003819P0002050
108,0.915797865,-0.401639478,0.,16.56526027,0,14.361319146,      0003821P0002051
-8.498155791,-18.02,0.;                                          0003821P0002052
142,0,3821,0,3825,2;                                             0003823P0002053
102,4,3827,3829,3831,3833;                                       0003825P0002054
110,14.361319146,-8.498155791,-18.02,14.361319146,-8.498155791,  0003827P0002055
-17.38;                                                          0003827P0002056
110,14.361319146,-8.498155791,-17.38,13.445,-10.5875,-17.38;     0003829P0002057
110,13.445,-10.5875,-17.38,13.445,-10.5875,-18.02;               0003831P0002058
110,13.445,-10.5875,-18.02,14.361319146,-8.498155791,-18.02;     0003833P0002059
144,3837,1,0,3845;                                               0003835P0002060
120,3841,3843,-0.413306363,0.701504785;                          0003837P0002061
124,1.,0.,0.,13.995,0.,-1.,0.,-8.3375,0.,0.,-1.,-18.02;          0003839P0002062
110,0.,0.,1.,0.,0.,0.;                                           0003841P0002063
110,0.4,0.,-0.64,0.4,0.,0.;                                      0003843P0002064
142,0,3837,3847,3857,3;                                          0003845P0002065
102,4,3849,3851,3853,3855;                                       0003847P0002066
110,1.,0.701504785,0.,-1.998401444E-15,0.701504785,0.;           0003849P0002067
110,-1.936534447E-15,0.701504785,0.,-2.323312261E-15,            0003851P0002068
-0.413306363,0.;                                                 0003851P0002069
110,-2.442490654E-15,-0.413306363,-0.,1.,-0.413306363,0.;        0003853P0002070
110,1.,-0.413306363,0.,1.,0.701504785,0.;                        0003855P0002071
102,4,3859,3861,3865,3867;                                       0003857P0002072
110,14.300548765,-8.079352848,-18.02,14.300548765,-8.079352848,  0003859P0002073
-17.38;                                                          0003859P0002074
100,0.,0.,0.,0.4,-1.776356839E-15,0.176138819,0.359131057;       0003861P0002075
124,0.763871913,0.645367881,0.,13.995,0.645367881,-0.763871913,  0003863P0002076
0.,-8.3375,0.,0.,-1.,-17.38;                                     0003863P0002077
110,14.361319146,-8.498155791,-17.38,14.361319146,-8.498155791,  0003865P0002078
-18.02;                                                          0003865P0002079
100,0.,0.,0.,0.176138819,-0.359131057,0.4,1.776356839E-15;       0003867P0002080
124,0.763871913,-0.645367881,-0.,13.995,0.645367881,0.763871913, 0003869P0002081
0.,-8.3375,0.,0.,1.,-18.02;                                      0003869P0002082
144,3873,1,0,3881;                                               0003871P0002083
120,3877,3879,2.440087869,3.554899017;                           0003873P0002084
124,-1.,0.,0.,-10.995,0.,-1.,0.,-8.3375,0.,0.,1.,-18.02;         0003875P0002085
110,0.,0.,1.,0.,0.,0.;                                           0003877P0002086
110,0.4,0.,0.,0.4,0.,0.64;                                       0003879P0002087
142,0,3873,3883,3893,3;                                          0003881P0002088
102,4,3885,3887,3889,3891;                                       0003883P0002089
110,-1.333342269E-15,2.440087869,0.,1.,2.440087869,0.;           0003885P0002090
110,1.,2.440087869,0.,1.,3.554899017,0.;                         0003887P0002091
110,1.,3.554899017,0.,-9.465644555E-16,3.554899017,0.;           0003889P0002092
110,-9.465644555E-16,3.554899017,0.,-1.333342269E-15,            0003891P0002093
2.440087869,0.;                                                  0003891P0002094
102,4,3895,3897,3901,3903;                                       0003893P0002095
110,-10.689451235,-8.079352848,-18.02,-10.689451235,             0003895P0002096
-8.079352848,-17.38;                                             0003895P0002097
100,0.,0.,0.,0.176138819,-0.359131057,0.4,0.;                    0003897P0002098
124,0.915797865,-0.401639478,0.,-10.995,-0.401639478,            0003899P0002099
-0.915797865,0.,-8.3375,0.,0.,-1.,-17.38;                        0003899P0002100
110,-10.628680854,-8.498155791,-17.38,-10.628680854,             0003901P0002101
-8.498155791,-18.02;                                             0003901P0002102
100,0.,0.,0.,0.4,0.,0.176138819,0.359131057;                     0003903P0002103
124,0.915797865,0.401639478,0.,-10.995,-0.401639478,0.915797865, 0003905P0002104
0.,-8.3375,0.,0.,1.,-18.02;                                      0003905P0002105
144,3909,1,0,3911;                                               0003907P0002106
108,0.,-1.,0.,-4.15,0,-5.8184,4.15,0.,0.;                        0003909P0002107
142,0,3909,0,3913,2;                                             0003911P0002108
102,4,3915,3917,3919,3921;                                       0003913P0002109
110,-5.8184,4.15,-6.,5.8184,4.15,-6.;                            0003915P0002110
110,5.8184,4.15,-6.,5.8184,4.15,0.;                              0003917P0002111
110,5.8184,4.15,0.,-5.8184,4.15,0.;                              0003919P0002112
110,-5.8184,4.15,0.,-5.8184,4.15,-6.;                            0003921P0002113
144,3925,1,0,3933;                                               0003923P0002114
120,3929,3931,3.141592654,3.957731241;                           0003925P0002115
124,0.,0.,-1.,5.8184,-1.,0.,0.,3.28,0.,1.,0.,-0.92520268;        0003927P0002116
110,0.,0.,1.,0.,0.,0.;                                           0003929P0002117
110,1.27,0.,0.,1.27,0.,11.6368;                                  0003931P0002118
142,0,3925,3935,3945,3;                                          0003933P0002119
102,4,3937,3939,3941,3943;                                       0003935P0002120
110,1.,3.141592654,0.,1.,3.957731241,0.;                         0003937P0002121
110,1.,3.957731241,0.,-4.437255341E-17,3.957731241,0.;           0003939P0002122
110,-4.437255341E-17,3.957731241,0.,-5.994549185E-17,            0003941P0002123
3.141592654,0.;                                                  0003941P0002124
110,-5.994549185E-17,3.141592654,0.,1.,3.141592654,0.;           0003943P0002125
102,4,3947,3951,3953,3957;                                       0003945P0002126
100,0.,0.,0.,1.27,0.,0.87,0.92520268;                            0003947P0002127
124,0.,0.,1.,-5.8184,1.,0.,0.,3.28,0.,1.,0.,-0.92520268;         0003949P0002128
110,-5.8184,4.15,0.,5.8184,4.15,0.;                              0003951P0002129
100,0.,0.,0.,0.87,-0.92520268,1.27,-3.330669074E-16;             0003953P0002130
124,0.,0.,-1.,5.8184,1.,0.,0.,3.28,0.,-1.,-0.,-0.92520268;       0003955P0002131
110,5.8184,4.55,-0.92520268,-5.8184,4.55,-0.92520268;            0003957P0002132
144,3961,1,0,3963;                                               0003959P0002133
108,0.,1.,0.,4.55,0,5.8184,4.55,0.,0.;                           0003961P0002134
142,0,3961,0,3965,2;                                             0003963P0002135
102,4,3967,3969,3971,3973;                                       0003965P0002136
110,5.8184,4.55,-0.92520268,5.8184,4.55,-6.;                     0003967P0002137
110,5.8184,4.55,-6.,-5.8184,4.55,-6.;                            0003969P0002138
110,-5.8184,4.55,-6.,-5.8184,4.55,-0.92520268;                   0003971P0002139
110,-5.8184,4.55,-0.92520268,5.8184,4.55,-0.92520268;            0003973P0002140
144,3977,1,0,3985;                                               0003975P0002141
120,3981,3983,2.967059728,4.71238898;                            0003977P0002142
124,1.,0.,0.,-5.8184,0.,1.,0.,1.5084,0.,0.,1.,0.;                0003979P0002143
110,0.,0.,1.,0.,0.,0.;                                           0003981P0002144
110,3.0416,0.,-6.,3.0416,0.,-0.92520268;                         0003983P0002145
142,0,3977,3987,3997,3;                                          0003985P0002146
102,4,3989,3991,3993,3995;                                       0003987P0002147
110,1.,4.71238898,0.,-1.110223025E-16,4.71238898,0.;             0003989P0002148
110,-6.872921771E-17,4.71238898,0.,-1.450950152E-16,2.967059728, 0003991P0002149
0.;                                                              0003991P0002150
110,-3.330669074E-16,2.967059728,0.,1.,2.967059728,0.;           0003993P0002151
110,1.,2.967059728,0.,1.,4.71238898,0.;                          0003995P0002152
102,4,3999,4001,4005,4007;                                       0003997P0002153
110,-5.8184,4.55,-0.92520268,-5.8184,4.55,-6.;                   0003999P0002154
100,0.,0.,0.,3.0416,0.,-0.528168297,2.995391262;                 0004001P0002155
124,0.,-1.,0.,-5.8184,1.,0.,0.,1.5084,0.,0.,1.,-6.;              0004003P0002156
110,-8.813791262,0.980231703,-6.,-8.813791262,0.980231703,       0004005P0002157
-0.92520268;                                                     0004005P0002158
100,0.,0.,0.,-0.528168297,-2.995391262,3.0416,-8.881784197E-16;  0004007P0002159
124,0.,1.,0.,-5.8184,1.,0.,0.,1.5084,0.,0.,-1.,-0.92520268;      0004009P0002160
144,4013,1,0,4023;                                               0004011P0002161
120,4017,4019,1.396263402,3.141592654;                           0004013P0002162
124,0.,1.,0.,-5.8184,-1.,0.,0.,1.5084,0.,0.,1.,-0.92520268;      0004015P0002163
110,0.,0.,1.,0.,0.,0.;                                           0004017P0002164
100,0.,0.,0.,1.27,0.,0.87,0.92520268;                            0004019P0002165
124,1.,0.,0.,1.7716,0.,0.,-1.,0.,0.,1.,-0.,0.;                   0004021P0002166
142,0,4013,4025,4035,3;                                          0004023P0002167
102,4,4027,4029,4031,4033;                                       0004025P0002168
110,-1.085114644E-15,1.396263402,0.,0.816138587,1.396263402,0.;  0004027P0002169
110,0.816138587,1.396263402,0.,0.816138587,3.141592654,0.;       0004029P0002170
110,0.816138587,3.141592654,0.,-6.975736996E-16,3.141592654,0.;  0004031P0002171
110,-6.975736996E-16,3.141592654,0.,-1.085114644E-15,            0004033P0002172
1.396263402,0.;                                                  0004033P0002173
102,4,4037,4041,4045,4049;                                       0004035P0002174
100,0.,0.,0.,1.27,0.,0.87,0.92520268;                            0004037P0002175
124,-0.984807753,0.,-0.173648178,-7.563085415,-0.173648178,0.,   0004039P0002176
0.984807753,1.200764888,0.,1.,0.,-0.92520268;                    0004039P0002177
100,0.,0.,0.,-0.458709026,-2.60146816,2.6416,-8.881784197E-16;   0004041P0002178
124,0.,1.,0.,-5.8184,1.,0.,0.,1.5084,0.,0.,-1.,0.;               0004043P0002179
100,0.,0.,0.,0.87,-0.92520268,1.27,-3.330669074E-16;             0004045P0002180
124,0.,0.,-1.,-5.8184,1.,0.,0.,3.28,0.,-1.,-0.,-0.92520268;      0004047P0002181
100,0.,0.,0.,3.0416,0.,-0.528168297,2.995391262;                 0004049P0002182
124,0.,-1.,0.,-5.8184,1.,0.,0.,1.5084,0.,0.,1.,-0.92520268;      0004051P0002183
144,4055,1,0,4063;                                               0004053P0002184
120,4059,4061,3.141592654,3.957731241;                           0004055P0002185
124,0.984807753,0.,0.173648178,-7.563085415,0.173648178,0.,      0004057P0002186
-0.984807753,1.200764888,0.,1.,0.,-0.92520268;                   0004057P0002187
110,0.,0.,1.,0.,0.,0.;                                           0004059P0002188
110,1.27,0.,-3.468336729E-13,1.27,0.,3.063339003;                0004061P0002189
142,0,4055,4065,4075,3;                                          0004063P0002190
102,4,4067,4069,4071,4073;                                       0004065P0002191
110,1.,3.141592654,0.,1.,3.957731241,0.;                         0004067P0002192
110,1.,3.957731241,0.,2.592586167E-14,3.957731241,0.;            0004069P0002193
110,1.130522342E-13,3.957731241,0.,1.129930768E-13,3.141592654,  0004071P0002194
0.;                                                              0004071P0002195
110,-2.277167819E-16,3.141592654,0.,1.,3.141592654,0.;           0004073P0002196
102,4,4077,4081,4083,4087;                                       0004075P0002197
100,0.,0.,0.,1.27,0.,0.87,0.92520268;                            0004077P0002198
124,-0.984807753,0.,-0.173648178,-7.03114218,-0.173648178,0.,    0004079P0002199
0.984807753,-1.816035112,0.,1.,0.,-0.92520268;                   0004079P0002200
110,-7.887924925,-1.967109026,0.,-8.41986816,1.049690974,0.;     0004081P0002201
100,0.,0.,0.,0.87,-0.92520268,1.27,-3.330669074E-16;             0004083P0002202
124,-0.984807753,0.,0.173648178,-7.563085415,-0.173648178,0.,    0004085P0002203
-0.984807753,1.200764888,0.,-1.,0.,-0.92520268;                  0004085P0002204
110,-8.813791262,0.980231703,-0.92520268,-8.281848026,           0004087P0002205
-2.036568297,-0.92520268;                                        0004087P0002206
144,4091,1,0,4093;                                               0004089P0002207
108,-0.984807753,-0.173648178,0.,8.509674519,0,-8.813791262,     0004091P0002208
0.980231703,0.,0.;                                               0004091P0002209
142,0,4091,0,4095,2;                                             0004093P0002210
102,4,4097,4099,4101,4103;                                       0004095P0002211
110,-8.813791262,0.980231703,-0.92520268,-8.813791262,           0004097P0002212
0.980231703,-6.;                                                 0004097P0002213
110,-8.813791262,0.980231703,-6.,-8.281848026,-2.036568297,-6.;  0004099P0002214
110,-8.281848026,-2.036568297,-6.,-8.281848026,-2.036568297,     0004101P0002215
-0.92520268;                                                     0004101P0002216
110,-8.281848026,-2.036568297,-0.92520268,-8.813791262,          0004103P0002217
0.980231703,-0.92520268;                                         0004103P0002218
144,4107,1,0,4115;                                               0004105P0002219
120,4111,4113,1.570796327,2.967059728;                           0004107P0002220
124,1.,0.,0.,-5.286456765,0.,1.,0.,-1.5084,0.,0.,1.,0.;          0004109P0002221
110,0.,0.,1.,0.,0.,0.;                                           0004111P0002222
110,3.0416,0.,-6.,3.0416,0.,-0.92520268;                         0004113P0002223
142,0,4107,4117,4127,3;                                          0004115P0002224
102,4,4119,4121,4123,4125;                                       0004117P0002225
110,1.,2.967059728,0.,-3.330669074E-16,2.967059728,0.;           0004119P0002226
110,-1.450950152E-16,2.967059728,0.,-2.061876531E-16,            0004121P0002227
1.570796327,0.;                                                  0004121P0002228
110,-3.330669074E-16,1.570796327,0.,1.,1.570796327,0.;           0004123P0002229
110,1.,1.570796327,0.,1.,2.967059728,0.;                         0004125P0002230
102,4,4129,4131,4135,4137;                                       0004127P0002231
110,-8.281848026,-2.036568297,-0.92520268,-8.281848026,          0004129P0002232
-2.036568297,-6.;                                                0004129P0002233
100,0.,0.,0.,3.0416,2.220446049E-16,0.528168297,2.995391262;     0004131P0002234
124,-0.984807753,0.173648178,0.,-5.286456765,-0.173648178,       0004133P0002235
-0.984807753,0.,-1.5084,0.,0.,1.,-6.;                            0004133P0002236
110,-5.286456765,-4.55,-6.,-5.286456765,-4.55,-0.92520268;       0004135P0002237
100,0.,0.,0.,0.528168297,-2.995391262,3.0416,-1.110223025E-15;   0004137P0002238
124,-0.984807753,-0.173648178,0.,-5.286456765,-0.173648178,      0004139P0002239
0.984807753,0.,-1.5084,0.,0.,-1.,-0.92520268;                    0004139P0002240
144,4143,1,0,4153;                                               0004141P0002241
120,4147,4149,1.745329252,3.141592654;                           0004143P0002242
124,0.984807753,-0.173648178,0.,-5.286456765,0.173648178,        0004145P0002243
0.984807753,0.,-1.5084,0.,0.,1.,-0.92520268;                     0004145P0002244
110,0.,0.,1.,0.,0.,0.;                                           0004147P0002245
100,0.,0.,0.,1.27,0.,0.87,0.92520268;                            0004149P0002246
124,1.,0.,0.,1.7716,0.,0.,-1.,0.,0.,1.,-0.,0.;                   0004151P0002247
142,0,4143,4155,4165,3;                                          0004153P0002248
102,4,4157,4159,4161,4163;                                       0004155P0002249
110,-1.007606455E-15,1.745329252,0.,0.816138587,1.745329252,0.;  0004157P0002250
110,0.816138587,1.745329252,0.,0.816138587,3.141592654,0.;       0004159P0002251
110,0.816138587,3.141592654,0.,-6.975736996E-16,3.141592654,0.;  0004161P0002252
110,-6.975736996E-16,3.141592654,0.,-1.007606455E-15,            0004163P0002253
1.745329252,0.;                                                  0004163P0002254
102,4,4167,4171,4175,4179;                                       0004165P0002255
100,0.,0.,0.,1.27,0.,0.87,0.92520268;                            0004167P0002256
124,0.,0.,-1.,-5.286456765,-1.,0.,0.,-3.28,0.,1.,0.,-0.92520268; 0004169P0002257
100,0.,0.,0.,0.458709026,-2.60146816,2.6416,-6.661338148E-16;    0004171P0002258
124,-0.984807753,-0.173648178,0.,-5.286456765,-0.173648178,      0004173P0002259
0.984807753,0.,-1.5084,0.,0.,-1.,0.;                             0004173P0002260
100,0.,0.,0.,0.87,-0.92520268,1.27,-3.330669074E-16;             0004175P0002261
124,-0.984807753,0.,0.173648178,-7.03114218,-0.173648178,0.,     0004177P0002262
-0.984807753,-1.816035112,0.,-1.,0.,-0.92520268;                 0004177P0002263
100,0.,0.,0.,3.0416,2.220446049E-16,0.528168297,2.995391262;     0004179P0002264
124,-0.984807753,0.173648178,0.,-5.286456765,-0.173648178,       0004181P0002265
-0.984807753,0.,-1.5084,0.,0.,1.,-0.92520268;                    0004181P0002266
144,4185,1,0,4193;                                               0004183P0002267
120,4189,4191,3.316125579,4.71238898;                            0004185P0002268
124,1.,0.,0.,-5.286456765,0.,-1.,0.,-1.5084,0.,0.,1.,0.;         0004187P0002269
110,0.,0.,1.,0.,0.,0.;                                           0004189P0002270
110,2.6416,0.,-6.,2.6416,0.,0.;                                  0004191P0002271
142,0,4185,4195,4205,3;                                          0004193P0002272
102,4,4197,4199,4201,4203;                                       0004195P0002273
110,-5.813114163E-17,4.71238898,0.,-1.098032675E-16,3.316125579, 0004197P0002274
0.;                                                              0004197P0002275
110,-4.440892099E-16,3.316125579,0.,1.,3.316125579,0.;           0004199P0002276
110,1.,3.316125579,0.,1.,4.71238898,0.;                          0004201P0002277
110,1.,4.71238898,0.,-3.330669074E-16,4.71238898,0.;             0004203P0002278
102,4,4207,4211,4213,4217;                                       0004205P0002279
100,0.,0.,0.,2.6416,0.,0.458709026,2.60146816;                   0004207P0002280
124,0.,-1.,0.,-5.286456765,-1.,0.,0.,-1.5084,0.,-0.,-1.,-6.;     0004209P0002281
110,-7.887924925,-1.967109026,-6.,-7.887924925,-1.967109026,0.;  0004211P0002282
100,0.,0.,0.,2.6416,2.220446049E-16,0.458709026,2.60146816;      0004213P0002283
124,-0.984807753,0.173648178,0.,-5.286456765,-0.173648178,       0004215P0002284
-0.984807753,0.,-1.5084,0.,0.,1.,0.;                             0004215P0002285
110,-5.286456765,-4.15,0.,-5.286456765,-4.15,-6.;                0004217P0002286
144,4221,1,0,4223;                                               0004219P0002287
108,0.,1.,0.,-4.15,0,5.286456765,-4.15,0.,0.;                    0004221P0002288
142,0,4221,0,4225,2;                                             0004223P0002289
102,4,4227,4229,4231,4233;                                       0004225P0002290
110,5.286456765,-4.15,-6.,-5.286456765,-4.15,-6.;                0004227P0002291
110,-5.286456765,-4.15,-6.,-5.286456765,-4.15,0.;                0004229P0002292
110,-5.286456765,-4.15,0.,5.286456765,-4.15,0.;                  0004231P0002293
110,5.286456765,-4.15,0.,5.286456765,-4.15,-6.;                  0004233P0002294
144,4237,1,0,4245;                                               0004235P0002295
120,4241,4243,4.71238898,6.108652382;                            0004237P0002296
124,1.,0.,0.,5.286456765,0.,-1.,0.,-1.5084,0.,0.,1.,0.;          0004239P0002297
110,0.,0.,1.,0.,0.,0.;                                           0004241P0002298
110,2.6416,0.,-6.,2.6416,0.,0.;                                  0004243P0002299
142,0,4237,4247,4257,3;                                          0004245P0002300
102,4,4249,4251,4253,4255;                                       0004247P0002301
110,-6.459015737E-18,6.108652382,0.,-5.813114163E-17,4.71238898, 0004249P0002302
0.;                                                              0004249P0002303
110,-3.330669074E-16,4.71238898,0.,1.,4.71238898,0.;             0004251P0002304
110,1.,4.71238898,0.,1.,6.108652382,0.;                          0004253P0002305
110,1.,6.108652382,0.,-3.330669074E-16,6.108652382,0.;           0004255P0002306
102,4,4259,4263,4265,4269;                                       0004257P0002307
100,0.,0.,0.,2.6416,2.220446049E-16,0.458709026,2.60146816;      0004259P0002308
124,0.984807753,-0.173648178,0.,5.286456765,-0.173648178,        0004261P0002309
-0.984807753,0.,-1.5084,0.,-0.,-1.,-6.;                          0004261P0002310
110,5.286456765,-4.15,-6.,5.286456765,-4.15,0.;                  0004263P0002311
100,0.,0.,0.,2.6416,0.,0.458709026,2.60146816;                   0004265P0002312
124,0.,1.,0.,5.286456765,-1.,0.,0.,-1.5084,0.,0.,1.,0.;          0004267P0002313
110,7.887924925,-1.967109026,0.,7.887924925,-1.967109026,-6.;    0004269P0002314
144,4273,1,0,4275;                                               0004271P0002315
108,-0.984807753,0.173648178,0.,-8.109674519,0,8.41986816,       0004273P0002316
1.049690974,0.,0.;                                               0004273P0002317
142,0,4273,0,4277,2;                                             0004275P0002318
102,4,4279,4281,4283,4285;                                       0004277P0002319
110,8.41986816,1.049690974,-6.,7.887924925,-1.967109026,-6.;     0004279P0002320
110,7.887924925,-1.967109026,-6.,7.887924925,-1.967109026,0.;    0004281P0002321
110,7.887924925,-1.967109026,0.,8.41986816,1.049690974,0.;       0004283P0002322
110,8.41986816,1.049690974,0.,8.41986816,1.049690974,-6.;        0004285P0002323
144,4289,1,0,4297;                                               0004287P0002324
120,4293,4295,-0.174532925,1.570796327;                          0004289P0002325
124,1.,0.,0.,5.8184,0.,-1.,0.,1.5084,0.,0.,1.,0.;                0004291P0002326
110,0.,0.,1.,0.,0.,0.;                                           0004293P0002327
110,2.6416,0.,-6.,2.6416,0.,0.;                                  0004295P0002328
142,0,4289,4299,4309,3;                                          0004297P0002329
102,4,4301,4303,4305,4307;                                       0004299P0002330
110,-1.743934249E-16,1.570796327,0.,-2.389835823E-16,            0004301P0002331
-0.174532925,0.;                                                 0004301P0002332
110,-5.551115123E-16,-0.174532925,-0.,1.,-0.174532925,0.;        0004303P0002333
110,1.,-0.174532925,0.,1.,1.570796327,0.;                        0004305P0002334
110,1.,1.570796327,0.,-4.440892099E-16,1.570796327,0.;           0004307P0002335
102,4,4311,4315,4317,4321;                                       0004309P0002336
100,0.,0.,0.,2.6416,0.,-0.458709026,2.60146816;                  0004311P0002337
124,0.,1.,0.,5.8184,1.,0.,0.,1.5084,0.,0.,-1.,-6.;               0004313P0002338
110,8.41986816,1.049690974,-6.,8.41986816,1.049690974,0.;        0004315P0002339
100,0.,0.,0.,2.6416,4.440892099E-16,-0.458709026,2.60146816;     0004317P0002340
124,0.984807753,0.173648178,0.,5.8184,-0.173648178,0.984807753,  0004319P0002341
0.,1.5084,0.,0.,1.,0.;                                           0004319P0002342
110,5.8184,4.15,0.,5.8184,4.15,-6.;                              0004321P0002343
144,4325,1,0,4335;                                               0004323P0002344
120,4329,4331,1.396263402,3.141592654;                           0004325P0002345
124,-0.984807753,-0.173648178,0.,5.8184,0.173648178,             0004327P0002346
-0.984807753,0.,1.5084,0.,0.,1.,-0.92520268;                     0004327P0002347
110,0.,0.,1.,0.,0.,0.;                                           0004329P0002348
100,0.,0.,0.,1.27,0.,0.87,0.92520268;                            0004331P0002349
124,1.,0.,0.,1.7716,0.,0.,-1.,0.,0.,1.,-0.,0.;                   0004333P0002350
142,0,4325,4337,4347,3;                                          0004335P0002351
102,4,4339,4341,4343,4345;                                       0004337P0002352
110,-1.085114644E-15,1.396263402,0.,0.816138587,1.396263402,0.;  0004339P0002353
110,0.816138587,1.396263402,0.,0.816138587,3.141592654,0.;       0004341P0002354
110,0.816138587,3.141592654,0.,-6.975736996E-16,3.141592654,0.;  0004343P0002355
110,-6.975736996E-16,3.141592654,0.,-1.085114644E-15,            0004345P0002356
1.396263402,0.;                                                  0004345P0002357
102,4,4349,4353,4357,4361;                                       0004347P0002358
100,0.,0.,0.,1.27,0.,0.87,0.92520268;                            0004349P0002359
124,0.,0.,1.,5.8184,1.,0.,0.,3.28,0.,1.,0.,-0.92520268;          0004351P0002360
100,0.,0.,0.,-0.458709026,-2.60146816,2.6416,-4.440892099E-16;   0004353P0002361
124,0.984807753,-0.173648178,0.,5.8184,-0.173648178,             0004355P0002362
-0.984807753,0.,1.5084,0.,0.,-1.,0.;                             0004355P0002363
100,0.,0.,0.,0.87,-0.92520268,1.27,-3.330669074E-16;             0004357P0002364
124,0.984807753,0.,0.173648178,7.563085415,-0.173648178,-0.,     0004359P0002365
0.984807753,1.200764888,0.,-1.,0.,-0.92520268;                   0004359P0002366
100,0.,0.,0.,3.0416,-4.440892099E-16,-0.528168297,2.995391262;   0004361P0002367
124,0.984807753,0.173648178,0.,5.8184,-0.173648178,0.984807753,  0004363P0002368
0.,1.5084,0.,0.,1.,-0.92520268;                                  0004363P0002369
144,4367,1,0,4375;                                               0004365P0002370
120,4371,4373,4.71238898,6.457718232;                            0004367P0002371
124,1.,0.,0.,5.8184,0.,1.,0.,1.5084,0.,0.,1.,0.;                 0004369P0002372
110,0.,0.,1.,0.,0.,0.;                                           0004371P0002373
110,3.0416,0.,-6.,3.0416,0.,-0.92520268;                         0004373P0002374
142,0,4367,4377,4387,3;                                          0004375P0002375
102,4,4379,4381,4383,4385;                                       0004377P0002376
110,1.,6.457718232,0.,-1.110223025E-16,6.457718232,0.;           0004379P0002377
110,7.636579745E-18,6.457718232,0.,-6.872921771E-17,4.71238898,  0004381P0002378
0.;                                                              0004381P0002379
110,-1.110223025E-16,4.71238898,0.,1.,4.71238898,0.;             0004383P0002380
110,1.,4.71238898,0.,1.,6.457718232,0.;                          0004385P0002381
102,4,4389,4391,4395,4397;                                       0004387P0002382
110,8.813791262,0.980231703,-0.92520268,8.813791262,0.980231703, 0004389P0002383
-6.;                                                             0004389P0002384
100,0.,0.,0.,3.0416,-4.440892099E-16,-0.528168297,2.995391262;   0004391P0002385
124,0.984807753,0.173648178,0.,5.8184,-0.173648178,0.984807753,  0004393P0002386
0.,1.5084,0.,0.,1.,-6.;                                          0004393P0002387
110,5.8184,4.55,-6.,5.8184,4.55,-0.92520268;                     0004395P0002388
100,0.,0.,0.,-0.528168297,-2.995391262,3.0416,-4.440892099E-16;  0004397P0002389
124,0.984807753,-0.173648178,0.,5.8184,-0.173648178,             0004399P0002390
-0.984807753,0.,1.5084,0.,0.,-1.,-0.92520268;                    0004399P0002391
144,4403,1,0,4405;                                               0004401P0002392
108,0.984807753,-0.173648178,0.,8.509674519,0,8.281848026,       0004403P0002393
-2.036568297,0.,0.;                                              0004403P0002394
142,0,4403,0,4407,2;                                             0004405P0002395
102,4,4409,4411,4413,4415;                                       0004407P0002396
110,8.281848026,-2.036568297,-0.92520268,8.281848026,            0004409P0002397
-2.036568297,-6.;                                                0004409P0002398
110,8.281848026,-2.036568297,-6.,8.813791262,0.980231703,-6.;    0004411P0002399
110,8.813791262,0.980231703,-6.,8.813791262,0.980231703,         0004413P0002400
-0.92520268;                                                     0004413P0002401
110,8.813791262,0.980231703,-0.92520268,8.281848026,             0004415P0002402
-2.036568297,-0.92520268;                                        0004415P0002403
144,4419,1,0,4427;                                               0004417P0002404
120,4423,4425,3.141592654,3.957731241;                           0004419P0002405
124,-0.984807753,0.,0.173648178,7.03114218,0.173648178,0.,       0004421P0002406
0.984807753,-1.816035112,0.,1.,0.,-0.92520268;                   0004421P0002407
110,0.,0.,1.,0.,0.,0.;                                           0004423P0002408
110,1.27,0.,-2.220446049E-16,1.27,0.,3.063339003;                0004425P0002409
142,0,4419,4429,4439,3;                                          0004427P0002410
102,4,4431,4433,4435,4437;                                       0004429P0002411
110,1.,3.141592654,0.,1.,3.957731241,0.;                         0004431P0002412
110,1.,3.957731241,0.,8.703029764E-14,3.957731241,0.;            0004433P0002413
110,-2.359037624E-17,3.957731241,0.,-2.277167819E-16,            0004435P0002414
3.141592654,0.;                                                  0004435P0002415
110,1.66611724E-14,3.141592654,0.,1.,3.141592654,0.;             0004437P0002416
102,4,4441,4445,4447,4451;                                       0004439P0002417
100,0.,0.,0.,1.27,0.,0.87,0.92520268;                            0004441P0002418
124,0.984807753,0.,-0.173648178,7.563085415,-0.173648178,0.,     0004443P0002419
-0.984807753,1.200764888,0.,1.,0.,-0.92520268;                   0004443P0002420
110,8.41986816,1.049690974,0.,7.887924925,-1.967109026,0.;       0004445P0002421
100,0.,0.,0.,0.87,-0.92520268,1.27,-3.330669074E-16;             0004447P0002422
124,0.984807753,0.,0.173648178,7.03114218,-0.173648178,-0.,      0004449P0002423
0.984807753,-1.816035112,0.,-1.,0.,-0.92520268;                  0004449P0002424
110,8.281848026,-2.036568297,-0.92520268,8.813791262,            0004451P0002425
0.980231703,-0.92520268;                                         0004451P0002426
144,4455,1,0,4465;                                               0004453P0002427
120,4459,4461,1.745329252,3.141592654;                           0004455P0002428
124,0.,-1.,0.,5.286456765,1.,0.,0.,-1.5084,0.,0.,1.,-0.92520268; 0004457P0002429
110,0.,0.,1.,0.,0.,0.;                                           0004459P0002430
100,0.,0.,0.,1.27,0.,0.87,0.92520268;                            0004461P0002431
124,1.,0.,0.,1.7716,0.,0.,-1.,0.,0.,1.,-0.,0.;                   0004463P0002432
142,0,4455,4467,4477,3;                                          0004465P0002433
102,4,4469,4471,4473,4475;                                       0004467P0002434
110,-1.007606455E-15,1.745329252,0.,0.816138587,1.745329252,0.;  0004469P0002435
110,0.816138587,1.745329252,0.,0.816138587,3.141592654,0.;       0004471P0002436
110,0.816138587,3.141592654,0.,-6.975736996E-16,3.141592654,0.;  0004473P0002437
110,-6.975736996E-16,3.141592654,0.,-1.007606455E-15,            0004475P0002438
1.745329252,0.;                                                  0004475P0002439
102,4,4479,4483,4487,4491;                                       0004477P0002440
100,0.,0.,0.,1.27,0.,0.87,0.92520268;                            0004479P0002441
124,0.984807753,0.,-0.173648178,7.03114218,-0.173648178,0.,      0004481P0002442
-0.984807753,-1.816035112,0.,1.,0.,-0.92520268;                  0004481P0002443
100,0.,0.,0.,0.458709026,-2.60146816,2.6416,-8.881784197E-16;    0004483P0002444
124,0.,-1.,0.,5.286456765,-1.,0.,0.,-1.5084,0.,0.,-1.,0.;        0004485P0002445
100,0.,0.,0.,0.87,-0.92520268,1.27,-3.330669074E-16;             0004487P0002446
124,0.,0.,1.,5.286456765,-1.,0.,-0.,-3.28,0.,-1.,0.,-0.92520268; 0004489P0002447
100,0.,0.,0.,3.0416,0.,0.528168297,2.995391262;                  0004491P0002448
124,0.,1.,0.,5.286456765,-1.,0.,0.,-1.5084,0.,0.,1.,-0.92520268; 0004493P0002449
144,4497,1,0,4505;                                               0004495P0002450
120,4501,4503,0.174532925,1.570796327;                           0004497P0002451
124,1.,0.,0.,5.286456765,0.,1.,0.,-1.5084,0.,0.,1.,0.;           0004499P0002452
110,0.,0.,1.,0.,0.,0.;                                           0004501P0002453
110,3.0416,0.,-6.,3.0416,0.,-0.92520268;                         0004503P0002454
142,0,4497,4507,4517,3;                                          0004505P0002455
102,4,4509,4511,4513,4515;                                       0004507P0002456
110,1.,1.570796327,0.,-3.330669074E-16,1.570796327,0.;           0004509P0002457
110,-2.061876531E-16,1.570796327,0.,-2.672802911E-16,            0004511P0002458
0.174532925,0.;                                                  0004511P0002459
110,-4.440892099E-16,0.174532925,0.,1.,0.174532925,0.;           0004513P0002460
110,1.,0.174532925,0.,1.,1.570796327,0.;                         0004515P0002461
102,4,4519,4521,4525,4527;                                       0004517P0002462
110,5.286456765,-4.55,-0.92520268,5.286456765,-4.55,-6.;         0004519P0002463
100,0.,0.,0.,3.0416,0.,0.528168297,2.995391262;                  0004521P0002464
124,0.,1.,0.,5.286456765,-1.,0.,0.,-1.5084,0.,0.,1.,-6.;         0004523P0002465
110,8.281848026,-2.036568297,-6.,8.281848026,-2.036568297,       0004525P0002466
-0.92520268;                                                     0004525P0002467
100,0.,0.,0.,0.528168297,-2.995391262,3.0416,-8.881784197E-16;   0004527P0002468
124,0.,-1.,0.,5.286456765,-1.,0.,0.,-1.5084,0.,0.,-1.,           0004529P0002469
-0.92520268;                                                     0004529P0002470
144,4533,1,0,4535;                                               0004531P0002471
108,0.,-1.,0.,4.55,0,-5.286456765,-4.55,0.,0.;                   0004533P0002472
142,0,4533,0,4537,2;                                             0004535P0002473
102,4,4539,4541,4543,4545;                                       0004537P0002474
110,-5.286456765,-4.55,-0.92520268,-5.286456765,-4.55,-6.;       0004539P0002475
110,-5.286456765,-4.55,-6.,5.286456765,-4.55,-6.;                0004541P0002476
110,5.286456765,-4.55,-6.,5.286456765,-4.55,-0.92520268;         0004543P0002477
110,5.286456765,-4.55,-0.92520268,-5.286456765,-4.55,            0004545P0002478
-0.92520268;                                                     0004545P0002479
144,4549,1,0,4557;                                               0004547P0002480
120,4553,4555,3.141592654,3.957731241;                           0004549P0002481
124,0.,0.,1.,-5.286456765,1.,0.,0.,-3.28,0.,1.,0.,-0.92520268;   0004551P0002482
110,0.,0.,1.,0.,0.,0.;                                           0004553P0002483
110,1.27,0.,0.,1.27,0.,10.572913529;                             0004555P0002484
142,0,4549,4559,4569,3;                                          0004557P0002485
102,4,4561,4563,4565,4567;                                       0004559P0002486
110,1.,3.141592654,0.,1.,3.957731241,0.;                         0004561P0002487
110,1.,3.957731241,0.,-4.883748723E-17,3.957731241,0.;           0004563P0002488
110,-4.883748723E-17,3.957731241,0.,-6.597743353E-17,            0004565P0002489
3.141592654,0.;                                                  0004565P0002490
110,-6.597743353E-17,3.141592654,0.,1.,3.141592654,0.;           0004567P0002491
102,4,4571,4575,4577,4581;                                       0004569P0002492
100,0.,0.,0.,1.27,0.,0.87,0.92520268;                            0004571P0002493
124,0.,0.,-1.,5.286456765,-1.,0.,0.,-3.28,0.,1.,0.,-0.92520268;  0004573P0002494
110,5.286456765,-4.15,0.,-5.286456765,-4.15,0.;                  0004575P0002495
100,0.,0.,0.,0.87,-0.92520268,1.27,-3.330669074E-16;             0004577P0002496
124,0.,0.,1.,-5.286456765,-1.,0.,-0.,-3.28,0.,-1.,0.,            0004579P0002497
-0.92520268;                                                     0004579P0002498
110,-5.286456765,-4.55,-0.92520268,5.286456765,-4.55,            0004581P0002499
-0.92520268;                                                     0004581P0002500
144,4585,1,0,4593;                                               0004583P0002501
120,4589,4591,0.,3.141592654;                                    0004585P0002502
124,0.,-1.,0.,5.54,-1.,0.,0.,1.42,0.,-0.,-1.,-0.225;             0004587P0002503
110,0.,0.,1.,0.,0.,0.;                                           0004589P0002504
110,0.525,0.,0.275,0.525,0.,5.775;                               0004591P0002505
142,0,4585,4595,4605,3;                                          0004593P0002506
102,4,4597,4599,4601,4603;                                       0004595P0002507
110,1.,3.141592654,0.,-3.330669074E-16,3.141592654,0.;           0004597P0002508
110,-1.268315817E-16,3.141592654,0.,-2.536631635E-16,            0004599P0002509
8.881784197E-16,0.;                                              0004599P0002510
110,-4.440892099E-16,1.443289932E-15,0.,1.,2.664535259E-15,0.;   0004601P0002511
110,1.,2.220446049E-15,0.,1.,3.141592654,0.;                     0004603P0002512
102,4,4607,4609,4613,4615;                                       0004605P0002513
110,5.54,1.945,-6.,5.54,1.945,-0.5;                              0004607P0002514
100,0.,0.,0.,0.525,0.,-0.525,0.;                                 0004609P0002515
124,0.,1.,0.,5.54,1.,0.,0.,1.42,0.,0.,-1.,-0.5;                  0004611P0002516
110,5.54,0.895,-0.5,5.54,0.895,-6.;                              0004613P0002517
100,0.,0.,0.,-0.525,0.,0.525,0.;                                 0004615P0002518
124,0.,-1.,-0.,5.54,1.,0.,0.,1.42,0.,0.,1.,-6.;                  0004617P0002519
144,4621,1,0,4629;                                               0004619P0002520
120,4625,4627,3.141592654,6.283185307;                           0004621P0002521
124,0.,-1.,0.,5.54,-1.,0.,0.,1.42,0.,-0.,-1.,-0.225;             0004623P0002522
110,0.,0.,1.,0.,0.,0.;                                           0004625P0002523
110,0.525,0.,0.275,0.525,0.,5.775;                               0004627P0002524
142,0,4621,4631,4641,3;                                          0004629P0002525
102,4,4633,4635,4637,4639;                                       0004631P0002526
110,1.,6.283185307,0.,-1.110223025E-16,6.283185307,0.;           0004633P0002527
110,2.465190329E-32,6.283185307,0.,-1.268315817E-16,3.141592654, 0004635P0002528
0.;                                                              0004635P0002529
110,-3.330669074E-16,3.141592654,0.,1.,3.141592654,0.;           0004637P0002530
110,1.,3.141592654,0.,1.,6.283185307,0.;                         0004639P0002531
102,4,4643,4645,4649,4651;                                       0004641P0002532
110,5.54,0.895,-6.,5.54,0.895,-0.5;                              0004643P0002533
100,0.,0.,0.,-0.525,0.,0.525,0.;                                 0004645P0002534
124,0.,1.,0.,5.54,1.,0.,0.,1.42,0.,0.,-1.,-0.5;                  0004647P0002535
110,5.54,1.945,-0.5,5.54,1.945,-6.;                              0004649P0002536
100,0.,0.,0.,-0.525,0.,0.525,0.;                                 0004651P0002537
124,0.,1.,-0.,5.54,-1.,0.,0.,1.42,0.,0.,1.,-6.;                  0004653P0002538
144,4657,1,0,4659;                                               0004655P0002539
108,-0.,-0.,1.,-0.5,0,5.54,1.42,-0.5,0.;                         0004657P0002540
142,0,4657,0,4661,2;                                             0004659P0002541
102,2,4663,4667;                                                 0004661P0002542
100,0.,0.,0.,-0.525,0.,0.525,0.;                                 0004663P0002543
124,0.,-1.,-0.,5.54,1.,0.,0.,1.42,0.,0.,1.,-0.5;                 0004665P0002544
100,0.,0.,0.,0.525,0.,-0.525,0.;                                 0004667P0002545
124,0.,-1.,0.,5.54,1.,0.,0.,1.42,0.,0.,1.,-0.5;                  0004669P0002546
144,4673,1,0,4681;                                               0004671P0002547
120,4677,4679,0.,3.141592654;                                    0004673P0002548
124,0.,-1.,0.,2.77,-1.,0.,0.,1.42,0.,-0.,-1.,-0.225;             0004675P0002549
110,0.,0.,1.,0.,0.,0.;                                           0004677P0002550
110,0.525,0.,0.275,0.525,0.,5.775;                               0004679P0002551
142,0,4673,4683,4693,3;                                          0004681P0002552
102,4,4685,4687,4689,4691;                                       0004683P0002553
110,-1.268315817E-16,3.141592654,0.,-2.536631635E-16,            0004685P0002554
8.881784197E-16,0.;                                              0004685P0002555
110,-4.440892099E-16,1.443289932E-15,0.,1.,2.664535259E-15,0.;   0004687P0002556
110,1.,2.220446049E-15,0.,1.,3.141592654,0.;                     0004689P0002557
110,1.,3.141592654,0.,-3.330669074E-16,3.141592654,0.;           0004691P0002558
102,4,4695,4699,4701,4705;                                       0004693P0002559
100,0.,0.,0.,0.525,0.,-0.525,0.;                                 0004695P0002560
124,0.,1.,0.,2.77,1.,0.,0.,1.42,0.,0.,-1.,-0.5;                  0004697P0002561
110,2.77,0.895,-0.5,2.77,0.895,-6.;                              0004699P0002562
100,0.,0.,0.,-0.525,0.,0.525,0.;                                 0004701P0002563
124,0.,-1.,-0.,2.77,1.,0.,0.,1.42,0.,0.,1.,-6.;                  0004703P0002564
110,2.77,1.945,-6.,2.77,1.945,-0.5;                              0004705P0002565
144,4709,1,0,4717;                                               0004707P0002566
120,4713,4715,3.141592654,6.283185307;                           0004709P0002567
124,0.,-1.,0.,2.77,-1.,0.,0.,1.42,0.,-0.,-1.,-0.225;             0004711P0002568
110,0.,0.,1.,0.,0.,0.;                                           0004713P0002569
110,0.525,0.,0.275,0.525,0.,5.775;                               0004715P0002570
142,0,4709,4719,4729,3;                                          0004717P0002571
102,4,4721,4723,4725,4727;                                       0004719P0002572
110,1.,3.141592654,0.,1.,6.283185307,0.;                         0004721P0002573
110,1.,6.283185307,0.,-1.110223025E-16,6.283185307,0.;           0004723P0002574
110,2.465190329E-32,6.283185307,0.,-1.268315817E-16,3.141592654, 0004725P0002575
0.;                                                              0004725P0002576
110,-3.330669074E-16,3.141592654,0.,1.,3.141592654,0.;           0004727P0002577
102,4,4731,4735,4737,4741;                                       0004729P0002578
100,0.,0.,0.,-0.525,0.,0.525,0.;                                 0004731P0002579
124,0.,1.,-0.,2.77,-1.,0.,0.,1.42,0.,0.,1.,-6.;                  0004733P0002580
110,2.77,0.895,-6.,2.77,0.895,-0.5;                              0004735P0002581
100,0.,0.,0.,-0.525,0.,0.525,0.;                                 0004737P0002582
124,0.,1.,0.,2.77,1.,0.,0.,1.42,0.,0.,-1.,-0.5;                  0004739P0002583
110,2.77,1.945,-0.5,2.77,1.945,-6.;                              0004741P0002584
144,4745,1,0,4747;                                               0004743P0002585
108,-0.,-0.,1.,-0.5,0,2.77,1.42,-0.5,0.;                         0004745P0002586
142,0,4745,0,4749,2;                                             0004747P0002587
102,2,4751,4755;                                                 0004749P0002588
100,0.,0.,0.,-0.525,0.,0.525,0.;                                 0004751P0002589
124,0.,-1.,-0.,2.77,1.,0.,0.,1.42,0.,0.,1.,-0.5;                 0004753P0002590
100,0.,0.,0.,0.525,0.,-0.525,0.;                                 0004755P0002591
124,0.,-1.,0.,2.77,1.,0.,0.,1.42,0.,0.,1.,-0.5;                  0004757P0002592
144,4761,1,0,4769;                                               0004759P0002593
120,4765,4767,0.,3.141592654;                                    0004761P0002594
124,0.,-1.,0.,0.,-1.,0.,0.,1.42,0.,-0.,-1.,-0.225;               0004763P0002595
110,0.,0.,1.,0.,0.,0.;                                           0004765P0002596
110,0.525,0.,0.275,0.525,0.,5.775;                               0004767P0002597
142,0,4761,4771,4781,3;                                          0004769P0002598
102,4,4773,4775,4777,4779;                                       0004771P0002599
110,-1.268315817E-16,3.141592654,0.,-2.536631635E-16,            0004773P0002600
8.881784197E-16,0.;                                              0004773P0002601
110,-4.440892099E-16,1.443289932E-15,0.,1.,2.664535259E-15,0.;   0004775P0002602
110,1.,2.220446049E-15,0.,1.,3.141592654,0.;                     0004777P0002603
110,1.,3.141592654,0.,-3.330669074E-16,3.141592654,0.;           0004779P0002604
102,4,4783,4787,4789,4793;                                       0004781P0002605
100,0.,0.,0.,0.525,0.,-0.525,6.429395696E-17;                    0004783P0002606
124,0.,1.,0.,0.,1.,0.,0.,1.42,0.,0.,-1.,-0.5;                    0004785P0002607
110,0.,0.895,-0.5,0.,0.895,-6.;                                  0004787P0002608
100,0.,0.,0.,-0.525,6.429395696E-17,0.525,-1.285879139E-16;      0004789P0002609
124,0.,-1.,-0.,0.,1.,0.,0.,1.42,0.,0.,1.,-6.;                    0004791P0002610
110,0.,1.945,-6.,0.,1.945,-0.5;                                  0004793P0002611
144,4797,1,0,4805;                                               0004795P0002612
120,4801,4803,3.141592654,6.283185307;                           0004797P0002613
124,0.,-1.,0.,0.,-1.,0.,0.,1.42,0.,-0.,-1.,-0.225;               0004799P0002614
110,0.,0.,1.,0.,0.,0.;                                           0004801P0002615
110,0.525,0.,0.275,0.525,0.,5.775;                               0004803P0002616
142,0,4797,4807,4817,3;                                          0004805P0002617
102,4,4809,4811,4813,4815;                                       0004807P0002618
110,1.,3.141592654,0.,1.,6.283185307,0.;                         0004809P0002619
110,1.,6.283185307,0.,-1.110223025E-16,6.283185307,0.;           0004811P0002620
110,2.465190329E-32,6.283185307,0.,-1.268315817E-16,3.141592654, 0004813P0002621
0.;                                                              0004813P0002622
110,-3.330669074E-16,3.141592654,0.,1.,3.141592654,0.;           0004815P0002623
102,4,4819,4823,4825,4829;                                       0004817P0002624
100,0.,0.,0.,-0.525,6.429395696E-17,0.525,-1.285879139E-16;      0004819P0002625
124,0.,1.,-0.,0.,-1.,0.,0.,1.42,0.,0.,1.,-6.;                    0004821P0002626
110,0.,0.895,-6.,0.,0.895,-0.5;                                  0004823P0002627
100,0.,0.,0.,-0.525,6.429395696E-17,0.525,-1.285879139E-16;      0004825P0002628
124,0.,1.,0.,0.,1.,0.,0.,1.42,0.,0.,-1.,-0.5;                    0004827P0002629
110,0.,1.945,-0.5,0.,1.945,-6.;                                  0004829P0002630
144,4833,1,0,4835;                                               0004831P0002631
108,-0.,-0.,1.,-0.5,0,0.,1.42,-0.5,0.;                           0004833P0002632
142,0,4833,0,4837,2;                                             0004835P0002633
102,2,4839,4843;                                                 0004837P0002634
100,0.,0.,0.,-0.525,6.429395696E-17,0.525,-1.285879139E-16;      0004839P0002635
124,0.,-1.,-0.,0.,1.,0.,0.,1.42,0.,0.,1.,-0.5;                   0004841P0002636
100,0.,0.,0.,0.525,0.,-0.525,6.429395696E-17;                    0004843P0002637
124,0.,-1.,0.,0.,1.,0.,0.,1.42,0.,0.,1.,-0.5;                    0004845P0002638
144,4849,1,0,4857;                                               0004847P0002639
120,4853,4855,0.,3.141592654;                                    0004849P0002640
124,0.,-1.,0.,-2.77,-1.,0.,0.,1.42,0.,-0.,-1.,-0.225;            0004851P0002641
110,0.,0.,1.,0.,0.,0.;                                           0004853P0002642
110,0.525,0.,0.275,0.525,0.,5.775;                               0004855P0002643
142,0,4849,4859,4869,3;                                          0004857P0002644
102,4,4861,4863,4865,4867;                                       0004859P0002645
110,-1.268315817E-16,3.141592654,0.,-2.536631635E-16,            0004861P0002646
8.881784197E-16,0.;                                              0004861P0002647
110,-4.440892099E-16,1.443289932E-15,0.,1.,2.664535259E-15,0.;   0004863P0002648
110,1.,2.220446049E-15,0.,1.,3.141592654,0.;                     0004865P0002649
110,1.,3.141592654,0.,-3.330669074E-16,3.141592654,0.;           0004867P0002650
102,4,4871,4875,4877,4881;                                       0004869P0002651
100,0.,0.,0.,0.525,0.,-0.525,0.;                                 0004871P0002652
124,0.,1.,0.,-2.77,1.,0.,0.,1.42,0.,0.,-1.,-0.5;                 0004873P0002653
110,-2.77,0.895,-0.5,-2.77,0.895,-6.;                            0004875P0002654
100,0.,0.,0.,-0.525,0.,0.525,0.;                                 0004877P0002655
124,0.,-1.,-0.,-2.77,1.,0.,0.,1.42,0.,0.,1.,-6.;                 0004879P0002656
110,-2.77,1.945,-6.,-2.77,1.945,-0.5;                            0004881P0002657
144,4885,1,0,4893;                                               0004883P0002658
120,4889,4891,3.141592654,6.283185307;                           0004885P0002659
124,0.,-1.,0.,-2.77,-1.,0.,0.,1.42,0.,-0.,-1.,-0.225;            0004887P0002660
110,0.,0.,1.,0.,0.,0.;                                           0004889P0002661
110,0.525,0.,0.275,0.525,0.,5.775;                               0004891P0002662
142,0,4885,4895,4905,3;                                          0004893P0002663
102,4,4897,4899,4901,4903;                                       0004895P0002664
110,1.,3.141592654,0.,1.,6.283185307,0.;                         0004897P0002665
110,1.,6.283185307,0.,-1.110223025E-16,6.283185307,0.;           0004899P0002666
110,2.465190329E-32,6.283185307,0.,-1.268315817E-16,3.141592654, 0004901P0002667
0.;                                                              0004901P0002668
110,-3.330669074E-16,3.141592654,0.,1.,3.141592654,0.;           0004903P0002669
102,4,4907,4911,4913,4917;                                       0004905P0002670
100,0.,0.,0.,-0.525,0.,0.525,0.;                                 0004907P0002671
124,0.,1.,-0.,-2.77,-1.,0.,0.,1.42,0.,0.,1.,-6.;                 0004909P0002672
110,-2.77,0.895,-6.,-2.77,0.895,-0.5;                            0004911P0002673
100,0.,0.,0.,-0.525,0.,0.525,0.;                                 0004913P0002674
124,0.,1.,0.,-2.77,1.,0.,0.,1.42,0.,0.,-1.,-0.5;                 0004915P0002675
110,-2.77,1.945,-0.5,-2.77,1.945,-6.;                            0004917P0002676
144,4921,1,0,4923;                                               0004919P0002677
108,-0.,-0.,1.,-0.5,0,-2.77,1.42,-0.5,0.;                        0004921P0002678
142,0,4921,0,4925,2;                                             0004923P0002679
102,2,4927,4931;                                                 0004925P0002680
100,0.,0.,0.,-0.525,0.,0.525,0.;                                 0004927P0002681
124,0.,-1.,-0.,-2.77,1.,0.,0.,1.42,0.,0.,1.,-0.5;                0004929P0002682
100,0.,0.,0.,0.525,0.,-0.525,0.;                                 0004931P0002683
124,0.,-1.,0.,-2.77,1.,0.,0.,1.42,0.,0.,1.,-0.5;                 0004933P0002684
144,4937,1,0,4945;                                               0004935P0002685
120,4941,4943,0.,3.141592654;                                    0004937P0002686
124,0.,-1.,0.,-5.54,-1.,0.,0.,1.42,0.,-0.,-1.,-0.225;            0004939P0002687
110,0.,0.,1.,0.,0.,0.;                                           0004941P0002688
110,0.525,0.,0.275,0.525,0.,5.775;                               0004943P0002689
142,0,4937,4947,4957,3;                                          0004945P0002690
102,4,4949,4951,4953,4955;                                       0004947P0002691
110,-1.268315817E-16,3.141592654,0.,-2.536631635E-16,            0004949P0002692
8.881784197E-16,0.;                                              0004949P0002693
110,-4.440892099E-16,1.443289932E-15,0.,1.,2.664535259E-15,0.;   0004951P0002694
110,1.,2.220446049E-15,0.,1.,3.141592654,0.;                     0004953P0002695
110,1.,3.141592654,0.,-3.330669074E-16,3.141592654,0.;           0004955P0002696
102,4,4959,4963,4965,4969;                                       0004957P0002697
100,0.,0.,0.,0.525,0.,-0.525,0.;                                 0004959P0002698
124,0.,1.,0.,-5.54,1.,0.,0.,1.42,0.,0.,-1.,-0.5;                 0004961P0002699
110,-5.54,0.895,-0.5,-5.54,0.895,-6.;                            0004963P0002700
100,0.,0.,0.,-0.525,0.,0.525,0.;                                 0004965P0002701
124,0.,-1.,-0.,-5.54,1.,0.,0.,1.42,0.,0.,1.,-6.;                 0004967P0002702
110,-5.54,1.945,-6.,-5.54,1.945,-0.5;                            0004969P0002703
144,4973,1,0,4981;                                               0004971P0002704
120,4977,4979,3.141592654,6.283185307;                           0004973P0002705
124,0.,-1.,0.,-5.54,-1.,0.,0.,1.42,0.,-0.,-1.,-0.225;            0004975P0002706
110,0.,0.,1.,0.,0.,0.;                                           0004977P0002707
110,0.525,0.,0.275,0.525,0.,5.775;                               0004979P0002708
142,0,4973,4983,4993,3;                                          0004981P0002709
102,4,4985,4987,4989,4991;                                       0004983P0002710
110,1.,3.141592654,0.,1.,6.283185307,0.;                         0004985P0002711
110,1.,6.283185307,0.,-1.110223025E-16,6.283185307,0.;           0004987P0002712
110,2.465190329E-32,6.283185307,0.,-1.268315817E-16,3.141592654, 0004989P0002713
0.;                                                              0004989P0002714
110,-3.330669074E-16,3.141592654,0.,1.,3.141592654,0.;           0004991P0002715
102,4,4995,4999,5001,5005;                                       0004993P0002716
100,0.,0.,0.,-0.525,0.,0.525,0.;                                 0004995P0002717
124,0.,1.,-0.,-5.54,-1.,0.,0.,1.42,0.,0.,1.,-6.;                 0004997P0002718
110,-5.54,0.895,-6.,-5.54,0.895,-0.5;                            0004999P0002719
100,0.,0.,0.,-0.525,0.,0.525,0.;                                 0005001P0002720
124,0.,1.,0.,-5.54,1.,0.,0.,1.42,0.,0.,-1.,-0.5;                 0005003P0002721
110,-5.54,1.945,-0.5,-5.54,1.945,-6.;                            0005005P0002722
144,5009,1,0,5011;                                               0005007P0002723
108,-0.,-0.,1.,-0.5,0,-5.54,1.42,-0.5,0.;                        0005009P0002724
142,0,5009,0,5013,2;                                             0005011P0002725
102,2,5015,5019;                                                 0005013P0002726
100,0.,0.,0.,-0.525,0.,0.525,0.;                                 0005015P0002727
124,0.,-1.,-0.,-5.54,1.,0.,0.,1.42,0.,0.,1.,-0.5;                0005017P0002728
100,0.,0.,0.,0.525,0.,-0.525,0.;                                 0005019P0002729
124,0.,-1.,0.,-5.54,1.,0.,0.,1.42,0.,0.,1.,-0.5;                 0005021P0002730
144,5025,1,0,5033;                                               0005023P0002731
120,5029,5031,0.,3.141592654;                                    0005025P0002732
124,0.,-1.,0.,4.155,-1.,0.,0.,-1.42,0.,-0.,-1.,-0.225;           0005027P0002733
110,0.,0.,1.,0.,0.,0.;                                           0005029P0002734
110,0.525,0.,0.275,0.525,0.,5.775;                               0005031P0002735
142,0,5025,5035,5045,3;                                          0005033P0002736
102,4,5037,5039,5041,5043;                                       0005035P0002737
110,1.,3.141592654,0.,-3.330669074E-16,3.141592654,0.;           0005037P0002738
110,-1.268315817E-16,3.141592654,0.,-2.536631635E-16,            0005039P0002739
1.776356839E-15,0.;                                              0005039P0002740
110,-4.440892099E-16,1.443289932E-15,0.,1.,2.664535259E-15,0.;   0005041P0002741
110,1.,2.220446049E-15,0.,1.,3.141592654,0.;                     0005043P0002742
102,4,5047,5049,5053,5055;                                       0005045P0002743
110,4.155,-0.895,-6.,4.155,-0.895,-0.5;                          0005047P0002744
100,0.,0.,0.,-0.525,0.,0.525,0.;                                 0005049P0002745
124,0.,-1.,0.,4.155,-1.,0.,0.,-1.42,0.,0.,-1.,-0.5;              0005051P0002746
110,4.155,-1.945,-0.5,4.155,-1.945,-6.;                          0005053P0002747
100,0.,0.,0.,-0.525,0.,0.525,0.;                                 0005055P0002748
124,0.,-1.,-0.,4.155,1.,0.,0.,-1.42,0.,0.,1.,-6.;                0005057P0002749
144,5061,1,0,5069;                                               0005059P0002750
120,5065,5067,3.141592654,6.283185307;                           0005061P0002751
124,0.,-1.,0.,4.155,-1.,0.,0.,-1.42,0.,-0.,-1.,-0.225;           0005063P0002752
110,0.,0.,1.,0.,0.,0.;                                           0005065P0002753
110,0.525,0.,0.275,0.525,0.,5.775;                               0005067P0002754
142,0,5061,5071,5081,3;                                          0005069P0002755
102,4,5073,5075,5077,5079;                                       0005071P0002756
110,1.,6.283185307,0.,-1.110223025E-16,6.283185307,0.;           0005073P0002757
110,0.,6.283185307,0.,-1.268315817E-16,3.141592654,0.;           0005075P0002758
110,-3.330669074E-16,3.141592654,0.,1.,3.141592654,0.;           0005077P0002759
110,1.,3.141592654,0.,1.,6.283185307,0.;                         0005079P0002760
102,4,5083,5085,5089,5091;                                       0005081P0002761
110,4.155,-1.945,-6.,4.155,-1.945,-0.5;                          0005083P0002762
100,0.,0.,0.,0.525,0.,-0.525,0.;                                 0005085P0002763
124,0.,-1.,0.,4.155,-1.,0.,0.,-1.42,0.,-0.,-1.,-0.5;             0005087P0002764
110,4.155,-0.895,-0.5,4.155,-0.895,-6.;                          0005089P0002765
100,0.,0.,0.,-0.525,0.,0.525,0.;                                 0005091P0002766
124,0.,1.,-0.,4.155,-1.,0.,0.,-1.42,0.,0.,1.,-6.;                0005093P0002767
144,5097,1,0,5099;                                               0005095P0002768
108,-0.,-0.,1.,-0.5,0,4.155,-1.42,-0.5,0.;                       0005097P0002769
142,0,5097,0,5101,2;                                             0005099P0002770
102,2,5103,5107;                                                 0005101P0002771
100,0.,0.,0.,0.525,0.,-0.525,0.;                                 0005103P0002772
124,0.,1.,0.,4.155,-1.,0.,0.,-1.42,0.,0.,1.,-0.5;                0005105P0002773
100,0.,0.,0.,-0.525,0.,0.525,0.;                                 0005107P0002774
124,0.,1.,-0.,4.155,-1.,0.,0.,-1.42,0.,0.,1.,-0.5;               0005109P0002775
144,5113,1,0,5121;                                               0005111P0002776
120,5117,5119,0.,3.141592654;                                    0005113P0002777
124,0.,-1.,0.,1.385,-1.,0.,0.,-1.42,0.,-0.,-1.,-0.225;           0005115P0002778
110,0.,0.,1.,0.,0.,0.;                                           0005117P0002779
110,0.525,0.,0.275,0.525,0.,5.775;                               0005119P0002780
142,0,5113,5123,5133,3;                                          0005121P0002781
102,4,5125,5127,5129,5131;                                       0005123P0002782
110,-1.268315817E-16,3.141592654,0.,-2.536631635E-16,            0005125P0002783
1.776356839E-15,0.;                                              0005125P0002784
110,-4.440892099E-16,1.443289932E-15,0.,1.,2.664535259E-15,0.;   0005127P0002785
110,1.,2.220446049E-15,0.,1.,3.141592654,0.;                     0005129P0002786
110,1.,3.141592654,0.,-3.330669074E-16,3.141592654,0.;           0005131P0002787
102,4,5135,5139,5141,5145;                                       0005133P0002788
100,0.,0.,0.,-0.525,0.,0.525,-2.220446049E-16;                   0005135P0002789
124,0.,-1.,0.,1.385,-1.,0.,0.,-1.42,0.,0.,-1.,-0.5;              0005137P0002790
110,1.385,-1.945,-0.5,1.385,-1.945,-6.;                          0005139P0002791
100,0.,0.,0.,-0.525,0.,0.525,-2.220446049E-16;                   0005141P0002792
124,0.,-1.,-0.,1.385,1.,0.,0.,-1.42,0.,0.,1.,-6.;                0005143P0002793
110,1.385,-0.895,-6.,1.385,-0.895,-0.5;                          0005145P0002794
144,5149,1,0,5157;                                               0005147P0002795
120,5153,5155,3.141592654,6.283185307;                           0005149P0002796
124,0.,-1.,0.,1.385,-1.,0.,0.,-1.42,0.,-0.,-1.,-0.225;           0005151P0002797
110,0.,0.,1.,0.,0.,0.;                                           0005153P0002798
110,0.525,0.,0.275,0.525,0.,5.775;                               0005155P0002799
142,0,5149,5159,5169,3;                                          0005157P0002800
102,4,5161,5163,5165,5167;                                       0005159P0002801
110,1.,3.141592654,0.,1.,6.283185307,0.;                         0005161P0002802
110,1.,6.283185307,0.,-1.110223025E-16,6.283185307,0.;           0005163P0002803
110,0.,6.283185307,0.,-1.268315817E-16,3.141592654,0.;           0005165P0002804
110,-3.330669074E-16,3.141592654,0.,1.,3.141592654,0.;           0005167P0002805
102,4,5171,5175,5177,5181;                                       0005169P0002806
100,0.,0.,0.,-0.525,0.,0.525,-2.220446049E-16;                   0005171P0002807
124,0.,1.,-0.,1.385,-1.,0.,0.,-1.42,0.,0.,1.,-6.;                0005173P0002808
110,1.385,-1.945,-6.,1.385,-1.945,-0.5;                          0005175P0002809
100,0.,0.,0.,0.525,0.,-0.525,0.;                                 0005177P0002810
124,0.,-1.,0.,1.385,-1.,0.,0.,-1.42,0.,-0.,-1.,-0.5;             0005179P0002811
110,1.385,-0.895,-0.5,1.385,-0.895,-6.;                          0005181P0002812
144,5185,1,0,5187;                                               0005183P0002813
108,-0.,-0.,1.,-0.5,0,1.385,-1.42,-0.5,0.;                       0005185P0002814
142,0,5185,0,5189,2;                                             0005187P0002815
102,2,5191,5195;                                                 0005189P0002816
100,0.,0.,0.,0.525,0.,-0.525,0.;                                 0005191P0002817
124,0.,1.,0.,1.385,-1.,0.,0.,-1.42,0.,0.,1.,-0.5;                0005193P0002818
100,0.,0.,0.,-0.525,0.,0.525,-2.220446049E-16;                   0005195P0002819
124,0.,1.,-0.,1.385,-1.,0.,0.,-1.42,0.,0.,1.,-0.5;               0005197P0002820
144,5201,1,0,5209;                                               0005199P0002821
120,5205,5207,0.,3.141592654;                                    0005201P0002822
124,0.,-1.,0.,-1.385,-1.,0.,0.,-1.42,0.,-0.,-1.,-0.225;          0005203P0002823
110,0.,0.,1.,0.,0.,0.;                                           0005205P0002824
110,0.525,0.,0.275,0.525,0.,5.775;                               0005207P0002825
142,0,5201,5211,5221,3;                                          0005209P0002826
102,4,5213,5215,5217,5219;                                       0005211P0002827
110,-1.268315817E-16,3.141592654,0.,-2.536631635E-16,            0005213P0002828
1.776356839E-15,0.;                                              0005213P0002829
110,-4.440892099E-16,1.443289932E-15,0.,1.,2.664535259E-15,0.;   0005215P0002830
110,1.,2.220446049E-15,0.,1.,3.141592654,0.;                     0005217P0002831
110,1.,3.141592654,0.,-3.330669074E-16,3.141592654,0.;           0005219P0002832
102,4,5223,5227,5229,5233;                                       0005221P0002833
100,0.,0.,0.,-0.525,0.,0.525,-2.220446049E-16;                   0005223P0002834
124,0.,-1.,0.,-1.385,-1.,0.,0.,-1.42,0.,0.,-1.,-0.5;             0005225P0002835
110,-1.385,-1.945,-0.5,-1.385,-1.945,-6.;                        0005227P0002836
100,0.,0.,0.,-0.525,0.,0.525,-2.220446049E-16;                   0005229P0002837
124,0.,-1.,-0.,-1.385,1.,0.,0.,-1.42,0.,0.,1.,-6.;               0005231P0002838
110,-1.385,-0.895,-6.,-1.385,-0.895,-0.5;                        0005233P0002839
144,5237,1,0,5245;                                               0005235P0002840
120,5241,5243,3.141592654,6.283185307;                           0005237P0002841
124,0.,-1.,0.,-1.385,-1.,0.,0.,-1.42,0.,-0.,-1.,-0.225;          0005239P0002842
110,0.,0.,1.,0.,0.,0.;                                           0005241P0002843
110,0.525,0.,0.275,0.525,0.,5.775;                               0005243P0002844
142,0,5237,5247,5257,3;                                          0005245P0002845
102,4,5249,5251,5253,5255;                                       0005247P0002846
110,1.,3.141592654,0.,1.,6.283185307,0.;                         0005249P0002847
110,1.,6.283185307,0.,-1.110223025E-16,6.283185307,0.;           0005251P0002848
110,0.,6.283185307,0.,-1.268315817E-16,3.141592654,0.;           0005253P0002849
110,-3.330669074E-16,3.141592654,0.,1.,3.141592654,0.;           0005255P0002850
102,4,5259,5263,5265,5269;                                       0005257P0002851
100,0.,0.,0.,-0.525,0.,0.525,-2.220446049E-16;                   0005259P0002852
124,0.,1.,-0.,-1.385,-1.,0.,0.,-1.42,0.,0.,1.,-6.;               0005261P0002853
110,-1.385,-1.945,-6.,-1.385,-1.945,-0.5;                        0005263P0002854
100,0.,0.,0.,0.525,0.,-0.525,0.;                                 0005265P0002855
124,0.,-1.,0.,-1.385,-1.,0.,0.,-1.42,0.,-0.,-1.,-0.5;            0005267P0002856
110,-1.385,-0.895,-0.5,-1.385,-0.895,-6.;                        0005269P0002857
144,5273,1,0,5275;                                               0005271P0002858
108,-0.,-0.,1.,-0.5,0,-1.385,-1.42,-0.5,0.;                      0005273P0002859
142,0,5273,0,5277,2;                                             0005275P0002860
102,2,5279,5283;                                                 0005277P0002861
100,0.,0.,0.,0.525,0.,-0.525,0.;                                 0005279P0002862
124,0.,1.,0.,-1.385,-1.,0.,0.,-1.42,0.,0.,1.,-0.5;               0005281P0002863
100,0.,0.,0.,-0.525,0.,0.525,-2.220446049E-16;                   0005283P0002864
124,0.,1.,-0.,-1.385,-1.,0.,0.,-1.42,0.,0.,1.,-0.5;              0005285P0002865
144,5289,1,0,5297;                                               0005287P0002866
120,5293,5295,0.,3.141592654;                                    0005289P0002867
124,0.,-1.,0.,-4.155,-1.,0.,0.,-1.42,0.,-0.,-1.,-0.225;          0005291P0002868
110,0.,0.,1.,0.,0.,0.;                                           0005293P0002869
110,0.525,0.,0.275,0.525,0.,5.775;                               0005295P0002870
142,0,5289,5299,5309,3;                                          0005297P0002871
102,4,5301,5303,5305,5307;                                       0005299P0002872
110,-1.268315817E-16,3.141592654,0.,-2.536631635E-16,            0005301P0002873
1.776356839E-15,0.;                                              0005301P0002874
110,-4.440892099E-16,1.443289932E-15,0.,1.,2.664535259E-15,0.;   0005303P0002875
110,1.,2.220446049E-15,0.,1.,3.141592654,0.;                     0005305P0002876
110,1.,3.141592654,0.,-3.330669074E-16,3.141592654,0.;           0005307P0002877
102,4,5311,5315,5317,5321;                                       0005309P0002878
100,0.,0.,0.,-0.525,0.,0.525,0.;                                 0005311P0002879
124,0.,-1.,0.,-4.155,-1.,0.,0.,-1.42,0.,0.,-1.,-0.5;             0005313P0002880
110,-4.155,-1.945,-0.5,-4.155,-1.945,-6.;                        0005315P0002881
100,0.,0.,0.,-0.525,0.,0.525,0.;                                 0005317P0002882
124,0.,-1.,-0.,-4.155,1.,0.,0.,-1.42,0.,0.,1.,-6.;               0005319P0002883
110,-4.155,-0.895,-6.,-4.155,-0.895,-0.5;                        0005321P0002884
144,5325,1,0,5333;                                               0005323P0002885
120,5329,5331,3.141592654,6.283185307;                           0005325P0002886
124,0.,-1.,0.,-4.155,-1.,0.,0.,-1.42,0.,-0.,-1.,-0.225;          0005327P0002887
110,0.,0.,1.,0.,0.,0.;                                           0005329P0002888
110,0.525,0.,0.275,0.525,0.,5.775;                               0005331P0002889
142,0,5325,5335,5345,3;                                          0005333P0002890
102,4,5337,5339,5341,5343;                                       0005335P0002891
110,1.,3.141592654,0.,1.,6.283185307,0.;                         0005337P0002892
110,1.,6.283185307,0.,-1.110223025E-16,6.283185307,0.;           0005339P0002893
110,0.,6.283185307,0.,-1.268315817E-16,3.141592654,0.;           0005341P0002894
110,-3.330669074E-16,3.141592654,0.,1.,3.141592654,0.;           0005343P0002895
102,4,5347,5351,5353,5357;                                       0005345P0002896
100,0.,0.,0.,-0.525,0.,0.525,0.;                                 0005347P0002897
124,0.,1.,-0.,-4.155,-1.,0.,0.,-1.42,0.,0.,1.,-6.;               0005349P0002898
110,-4.155,-1.945,-6.,-4.155,-1.945,-0.5;                        0005351P0002899
100,0.,0.,0.,0.525,0.,-0.525,0.;                                 0005353P0002900
124,0.,-1.,0.,-4.155,-1.,0.,0.,-1.42,0.,-0.,-1.,-0.5;            0005355P0002901
110,-4.155,-0.895,-0.5,-4.155,-0.895,-6.;                        0005357P0002902
144,5361,1,0,5363;                                               0005359P0002903
108,-0.,-0.,1.,-0.5,0,-4.155,-1.42,-0.5,0.;                      0005361P0002904
142,0,5361,0,5365,2;                                             0005363P0002905
102,2,5367,5371;                                                 0005365P0002906
100,0.,0.,0.,0.525,0.,-0.525,0.;                                 0005367P0002907
124,0.,1.,0.,-4.155,-1.,0.,0.,-1.42,0.,0.,1.,-0.5;               0005369P0002908
100,0.,0.,0.,-0.525,0.,0.525,0.;                                 0005371P0002909
124,0.,1.,-0.,-4.155,-1.,0.,0.,-1.42,0.,0.,1.,-0.5;              0005373P0002910
144,5377,1,0,5385;                                               0005375P0002911
120,5381,5383,5.192827252,5.27914826;                            0005377P0002912
124,-1.,0.,0.,12.495,0.,-1.,0.,0.,0.,0.,1.,-13.85;               0005379P0002913
110,0.,0.,1.,0.,0.,0.;                                           0005381P0002914
110,2.65,0.,7.85,2.65,0.,13.35;                                  0005383P0002915
142,0,5377,5387,5397,3;                                          0005385P0002916
102,4,5389,5391,5393,5395;                                       0005387P0002917
110,1.,5.192827252,0.,1.,5.27914826,0.;                          0005389P0002918
110,1.,5.27914826,0.,-4.0534729E-17,5.27914826,0.;               0005391P0002919
110,-4.0534729E-17,5.27914826,0.,-4.401965883E-17,5.192827252,   0005393P0002920
0.;                                                              0005393P0002921
110,-4.401965883E-17,5.192827252,0.,1.,5.192827252,0.;           0005395P0002922
102,4,5399,5403,5405,5409;                                       0005397P0002923
100,0.,0.,0.,2.65,-1.776356839E-15,2.640133135,0.228466694;      0005399P0002924
124,-0.462167876,-0.886792453,0.,12.495,-0.886792453,            0005401P0002925
0.462167876,0.,0.,-0.,0.,-1.,-0.5;                               0005401P0002926
110,11.072212737,-2.235660172,-0.5,11.072212737,-2.235660172,    0005403P0002927
-6.;                                                             0005403P0002928
100,0.,0.,0.,2.65,1.776356839E-15,2.640133135,0.228466694;       0005405P0002929
124,-0.536900854,0.843645348,0.,12.495,-0.843645348,             0005407P0002930
-0.536900854,0.,0.,0.,0.,1.,-6.;                                 0005407P0002931
110,11.270255129,-2.35,-6.,11.270255129,-2.35,-0.5;              0005409P0002932
144,5413,1,0,5421;                                               0005411P0002933
120,5417,5419,4.145629701,4.231950709;                           0005413P0002934
124,-1.,0.,0.,12.495,0.,-1.,0.,0.,0.,0.,1.,-13.85;               0005415P0002935
110,0.,0.,1.,0.,0.,0.;                                           0005417P0002936
110,2.65,0.,7.85,2.65,0.,13.35;                                  0005419P0002937
142,0,5413,5423,5433,3;                                          0005421P0002938
102,4,5425,5427,5429,5431;                                       0005423P0002939
110,1.,4.145629701,0.,1.,4.231950709,0.;                         0005425P0002940
110,1.,4.231950709,0.,-8.281192292E-17,4.231950709,0.;           0005427P0002941
110,-8.281192292E-17,4.231950709,0.,-8.629685274E-17,            0005429P0002942
4.145629701,0.;                                                  0005429P0002943
110,-8.629685274E-17,4.145629701,0.,1.,4.145629701,0.;           0005431P0002944
102,4,5435,5439,5441,5445;                                       0005433P0002945
100,0.,0.,0.,2.65,0.,2.640133135,0.228466694;                    0005435P0002946
124,0.536900854,-0.843645348,0.,12.495,-0.843645348,             0005437P0002947
-0.536900854,0.,0.,0.,-0.,-1.,-0.5;                              0005437P0002948
110,13.719744871,-2.35,-0.5,13.719744871,-2.35,-6.;              0005439P0002949
100,0.,0.,0.,2.65,-1.776356839E-15,2.640133135,0.228466694;      0005441P0002950
124,0.462167876,0.886792453,0.,12.495,-0.886792453,0.462167876,  0005443P0002951
0.,0.,0.,0.,1.,-6.;                                              0005443P0002952
110,13.917787263,-2.235660172,-6.,13.917787263,-2.235660172,     0005445P0002953
-0.5;                                                            0005445P0002954
144,5449,1,0,5457;                                               0005447P0002955
120,5453,5455,2.051234599,2.137555606;                           0005449P0002956
124,-1.,0.,0.,12.495,0.,-1.,0.,0.,0.,0.,1.,-13.85;               0005451P0002957
110,0.,0.,1.,0.,0.,0.;                                           0005453P0002958
110,2.65,0.,7.85,2.65,0.,13.35;                                  0005455P0002959
142,0,5449,5459,5469,3;                                          0005457P0002960
102,4,5461,5463,5465,5467;                                       0005459P0002961
110,1.,2.051234599,0.,1.,2.137555606,0.;                         0005461P0002962
110,1.,2.137555606,0.,-1.673663107E-16,2.137555606,0.;           0005463P0002963
110,-1.673663107E-16,2.137555606,0.,-1.708512406E-16,            0005465P0002964
2.051234599,0.;                                                  0005465P0002965
110,-1.708512406E-16,2.051234599,0.,1.,2.051234599,0.;           0005467P0002966
102,4,5471,5475,5477,5481;                                       0005469P0002967
100,0.,0.,0.,2.640133135,-0.228466694,2.65,0.;                   0005471P0002968
124,0.536900854,0.843645348,0.,12.495,0.843645348,-0.536900854,  0005473P0002969
0.,0.,0.,0.,-1.,-0.5;                                            0005473P0002970
110,13.917787263,2.235660172,-0.5,13.917787263,2.235660172,-6.;  0005475P0002971
100,0.,0.,0.,2.65,0.,2.640133135,0.228466694;                    0005477P0002972
124,0.536900854,-0.843645348,0.,12.495,0.843645348,0.536900854,  0005479P0002973
0.,0.,0.,0.,1.,-6.;                                              0005479P0002974
110,13.719744871,2.35,-6.,13.719744871,2.35,-0.5;                0005481P0002975
144,5485,1,0,5493;                                               0005483P0002976
120,5489,5491,1.004037047,1.090358055;                           0005485P0002977
124,-1.,0.,0.,12.495,0.,-1.,0.,0.,0.,0.,1.,-13.85;               0005487P0002978
110,0.,0.,1.,0.,0.,0.;                                           0005489P0002979
110,2.65,0.,7.85,2.65,0.,13.35;                                  0005491P0002980
142,0,5485,5495,5505,3;                                          0005493P0002981
102,4,5497,5499,5501,5503;                                       0005495P0002982
110,-2.096435047E-16,1.090358055,0.,-2.131284345E-16,            0005497P0002983
1.004037047,0.;                                                  0005497P0002984
110,-2.131284345E-16,1.004037047,0.,1.,1.004037047,0.;           0005499P0002985
110,1.,1.004037047,0.,1.,1.090358055,0.;                         0005501P0002986
110,1.,1.090358055,0.,-2.096435047E-16,1.090358055,0.;           0005503P0002987
102,4,5507,5511,5513,5517;                                       0005505P0002988
100,0.,0.,0.,2.65,-1.776356839E-15,2.640133135,0.228466694;      0005507P0002989
124,-0.462167876,-0.886792453,0.,12.495,0.886792453,             0005509P0002990
-0.462167876,0.,0.,0.,0.,1.,-6.;                                 0005509P0002991
110,11.072212737,2.235660172,-6.,11.072212737,2.235660172,-0.5;  0005511P0002992
100,0.,0.,0.,2.640133135,-0.228466694,2.65,0.;                   0005513P0002993
124,-0.462167876,0.886792453,0.,12.495,0.886792453,0.462167876,  0005515P0002994
0.,0.,0.,0.,-1.,-0.5;                                            0005515P0002995
110,11.270255129,2.35,-0.5,11.270255129,2.35,-6.;                0005517P0002996
144,5521,1,0,5529;                                               0005519P0002997
120,5525,5527,3.09843215,3.184753157;                            0005521P0002998
124,-1.,0.,0.,12.495,0.,-1.,0.,0.,0.,0.,1.,-13.85;               0005523P0002999
110,0.,0.,1.,0.,0.,0.;                                           0005525P0003000
110,2.65,0.,7.85,2.65,0.,13.35;                                  0005527P0003001
142,0,5521,5531,5541,3;                                          0005529P0003002
102,4,5533,5535,5537,5539;                                       0005531P0003003
110,-1.285740467E-16,3.09843215,0.,1.,3.09843215,0.;             0005533P0003004
110,1.,3.09843215,0.,1.,3.184753157,0.;                          0005535P0003005
110,1.,3.184753157,0.,-1.250891168E-16,3.184753157,0.;           0005537P0003006
110,-1.250891168E-16,3.184753157,0.,-1.285740467E-16,3.09843215, 0005539P0003007
0.;                                                              0005539P0003008
102,4,5543,5545,5549,5551;                                       0005541P0003009
110,15.142532135,0.114339828,-6.,15.142532135,0.114339828,-0.5;  0005543P0003010
100,0.,0.,0.,2.65,0.,2.640133135,0.228466694;                    0005545P0003011
124,0.99906873,4.314710499E-02,0.,12.495,4.314710499E-02,        0005547P0003012
-0.99906873,0.,0.,0.,0.,-1.,-0.5;                                0005547P0003013
110,15.142532135,-0.114339828,-0.5,15.142532135,-0.114339828,    0005549P0003014
-6.;                                                             0005549P0003015
100,0.,0.,0.,2.640133135,-0.228466694,2.65,-6.661338148E-16;     0005551P0003016
124,0.99906873,-4.314710499E-02,-0.,12.495,4.314710499E-02,      0005553P0003017
0.99906873,0.,0.,0.,0.,1.,-6.;                                   0005553P0003018
144,5557,1,0,5565;                                               0005555P0003019
120,5561,5563,-4.316050385E-02,4.316050385E-02;                  0005557P0003020
124,-1.,0.,0.,12.495,0.,-1.,0.,0.,0.,0.,1.,-13.85;               0005559P0003021
110,0.,0.,1.,0.,0.,0.;                                           0005561P0003022
110,2.65,0.,7.85,2.65,0.,13.35;                                  0005563P0003023
142,0,5557,5567,5579,3;                                          0005565P0003024
102,5,5569,5571,5573,5575,5577;                                  0005567P0003025
110,1.,4.316050385E-02,0.,-2.519206986E-16,4.316050385E-02,0.;   0005569P0003026
110,-2.519206986E-16,4.316050385E-02,0.,-2.554056284E-16,        0005571P0003027
-4.316050385E-02,0.;                                             0005571P0003028
110,-2.554056284E-16,-4.316050385E-02,0.,1.,-4.316050385E-02,0.; 0005573P0003029
110,1.,-4.316050385E-02,0.,1.,2.824129819E-15,0.;                0005575P0003030
110,1.,2.504940699E-15,0.,1.,4.316050385E-02,0.;                 0005577P0003031
102,5,5581,5583,5587,5589,5593;                                  0005579P0003032
110,9.847467865,0.114339828,-0.5,9.847467865,0.114339828,-6.;    0005581P0003033
100,0.,0.,0.,2.640133135,-0.228466694,2.65,-6.661338148E-16;     0005583P0003034
124,-0.99906873,4.314710499E-02,-0.,12.495,-4.314710499E-02,     0005585P0003035
-0.99906873,0.,0.,-0.,0.,1.,-6.;                                 0005585P0003036
110,9.847467865,-0.114339828,-6.,9.847467865,-0.114339828,-0.5;  0005587P0003037
100,0.,0.,0.,2.65,1.110223025E-16,2.647532135,0.114339828;       0005589P0003038
124,-0.99906873,-4.314710499E-02,0.,12.495,-4.314710499E-02,     0005591P0003039
0.99906873,0.,0.,-0.,0.,-1.,-0.5;                                0005591P0003040
100,0.,0.,0.,2.647532135,-0.114339828,2.65,-6.661338148E-16;     0005593P0003041
124,-0.99906873,4.314710499E-02,0.,12.495,4.314710499E-02,       0005595P0003042
0.99906873,0.,0.,0.,0.,-1.,-0.5;                                 0005595P0003043
144,5599,1,0,5601;                                               0005597P0003044
108,-0.,-1.,-0.,2.35,0,13.851773133,-2.35,-0.2,0.;               0005599P0003045
142,0,5599,0,5603,2;                                             0005601P0003046
102,5,5605,5607,5609,5611,5613;                                  0005603P0003047
110,11.270255129,-2.35,-6.,13.719744871,-2.35,-6.;               0005605P0003048
110,13.719744871,-2.35,-6.,13.719744871,-2.35,-0.5;              0005607P0003049
126,6,3,1,0,1,0,0.,0.,0.,0.,0.25,0.5,0.75,1.,1.,1.,1.,1.,1.,1.,  0005609P0003050
1.,1.,1.,1.,13.719744871,-2.35,-0.5,13.608944332,-2.35,          0005609P0003051
-0.44879155,13.392390859,-2.35,-0.359724234,13.084846175,-2.35,  0005609P0003052
-0.267036579,12.788376539,-2.35,-0.212197535,12.592216811,-2.35, 0005609P0003053
-0.2,12.495,-2.35,-0.2,0.,1.,4.530439196E-16,-1.,0.;             0005609P0003054
126,5,3,1,0,1,0,0.,0.,0.,0.,0.333333333,0.666666667,1.,1.,1.,1., 0005611P0003055
1.,1.,1.,1.,1.,1.,12.495,-2.35,-0.2,12.365913612,-2.35,-0.2,     0005611P0003056
12.103192797,-2.35,-0.22182726,11.705161651,-2.35,-0.318885307,  0005611P0003057
11.417784406,-2.35,-0.431816707,11.270255129,-2.35,-0.5,0.,1.,   0005611P0003058
-8.780722405E-16,-1.,0.;                                         0005611P0003059
110,11.270255129,-2.35,-0.5,11.270255129,-2.35,-6.;              0005613P0003060
144,5617,1,0,5625;                                               0005615P0003061
120,5621,5623,-0.523598776,0.523598776;                          0005617P0003062
124,1.,0.,0.,12.495,0.,-1.,0.,0.,0.,0.,-1.,-0.35;                0005619P0003063
110,0.,0.,1.,0.,0.,0.;                                           0005621P0003064
110,2.349999832,0.,-0.150000168,2.65,0.,0.15;                    0005623P0003065
142,0,5617,5627,5637,3;                                          0005625P0003066
102,4,5629,5631,5633,5635;                                       0005627P0003067
126,24,3,1,0,1,0,0.,0.,0.,0.,4.545454545E-02,9.090909091E-02,    0005629P0003068
0.136363636,0.181818182,0.227272727,0.272727273,0.318181818,     0005629P0003069
0.363636364,0.409090909,0.454545455,0.5,0.545454545,0.590909091, 0005629P0003070
0.636363636,0.681818182,0.727272727,0.772727273,0.818181818,     0005629P0003071
0.863636364,0.909090909,0.954545455,1.,1.,1.,1.,1.,1.,1.,1.,1.,  0005629P0003072
1.,1.,1.,1.,1.,1.,1.,1.,1.,1.,1.,1.,1.,1.,1.,1.,1.,1.,1.,1.,1.,  0005629P0003073
4.316050385E-02,0.,0.96900716,4.989247459E-02,0.,0.908460016,    0005629P0003074
6.345096966E-02,0.,0.821993048,8.404858976E-02,0.,0.739920157,   0005629P0003075
0.104883077,0.,0.662274001,0.125928716,0.,0.589081516,           0005629P0003076
0.147158238,0.,0.520364056,0.168542219,0.,0.456133122,           0005629P0003077
0.190051053,0.,0.396405804,0.211648517,0.,0.34111844,            0005629P0003078
0.233327868,0.,0.29017807,0.255097697,0.,0.243507329,0.27696405, 0005629P0003079
0.,0.201033808,0.298934623,0.,0.162692672,0.321017798,0.,        0005629P0003080
0.128428121,0.343221555,0.,9.818609874E-02,0.365557962,0.,       0005629P0003081
7.194550293E-02,0.388023905,0.,4.973416656E-02,0.410582883,0.,   0005629P0003082
3.156380425E-02,0.433203024,0.,1.744191818E-02,0.455850408,0.,   0005629P0003083
7.368299498E-03,0.478491177,0.,1.336732795E-03,0.501091239,0.,   0005629P0003084
-3.018279682E-15,0.5161083,0.,5.60254711E-07,0.523598776,0.,0.,  0005629P0003085
1.,-0.,-0.,1.;                                                   0005629P0003086
110,5.602596618E-07,0.523598776,-0.,5.602596613E-07,             0005631P0003087
-0.523598776,-0.;                                                0005631P0003088
126,24,3,1,0,1,0,0.,0.,0.,0.,4.545454545E-02,9.090909091E-02,    0005633P0003089
0.136363636,0.181818182,0.227272727,0.272727273,0.318181818,     0005633P0003090
0.363636364,0.409090909,0.454545455,0.5,0.545454545,0.590909091, 0005633P0003091
0.636363636,0.681818182,0.727272727,0.772727273,0.818181818,     0005633P0003092
0.863636364,0.909090909,0.954545455,1.,1.,1.,1.,1.,1.,1.,1.,1.,  0005633P0003093
1.,1.,1.,1.,1.,1.,1.,1.,1.,1.,1.,1.,1.,1.,1.,1.,1.,1.,1.,1.,     0005633P0003094
5.602547105E-07,-0.523598776,-0.,8.061812401E-08,-0.516077181,   0005633P0003095
-0.,1.337734284E-03,-0.501009643,-0.,7.369690479E-03,            0005633P0003096
-0.478366235,-0.,1.743910718E-02,-0.455711565,-0.,               0005633P0003097
3.154975145E-02,-0.43307682,-0.,4.970117169E-02,-0.410491942,    0005633P0003098
-0.,7.188324197E-02,-0.387990221,-0.,9.809793464E-02,            0005633P0003099
-0.365586508,-0.,0.128368313,-0.343277734,-0.,0.162718845,       0005633P0003100
-0.32106468,-0.,0.201179681,-0.298947246,-0.,0.243785345,        0005633P0003101
-0.276925812,-0.,0.290575097,-0.255000985,-0.,0.341602695,       0005633P0003102
-0.233179914,-0.,0.396923655,-0.211469833,-0.,0.456596162,       0005633P0003103
-0.189877877,-0.,0.5206779,-0.168411867,-0.,0.589237289,         0005633P0003104
-0.14707732,-0.,0.662302348,-0.125890891,-0.,0.739855053,        0005633P0003105
-0.104879272,-0.,0.821881242,-8.406534837E-02,-0.,0.908360267,   0005633P0003106
-6.347133094E-02,-0.,0.968964249,-4.990185145E-02,-0.,1.,        0005633P0003107
-4.316050385E-02,-0.,0.,1.,-0.,-0.,1.;                           0005633P0003108
110,1.,-4.316050385E-02,0.,1.,4.316050385E-02,0.;                0005635P0003109
102,4,5639,5641,5645,5647;                                       0005637P0003110
126,5,3,1,0,1,0,0.,0.,0.,0.,0.333333333,0.666666667,1.,1.,1.,1., 0005639P0003111
1.,1.,1.,1.,1.,1.,15.142532135,0.114339828,-0.5,15.068767496,    0005639P0003112
0.24210393,-0.431816707,14.925078874,0.490979925,-0.318885307,   0005639P0003113
14.726063301,0.835685008,-0.22182726,14.594702893,1.063207909,   0005639P0003114
-0.2,14.530159699,1.175,-0.2,0.,1.,-0.866025404,-0.5,            0005639P0003115
1.961964614E-11;                                                 0005639P0003116
100,0.,0.,0.,1.175,-2.035159699,2.35,-8.881784197E-16;           0005641P0003117
124,0.866025404,-0.5,0.,12.495,-0.5,-0.866025404,0.,0.,0.,0.,    0005643P0003118
-1.,-0.2;                                                        0005643P0003119
126,6,3,1,0,1,0,0.,0.,0.,0.,0.25,0.5,0.75,1.,1.,1.,1.,1.,1.,1.,  0005645P0003120
1.,1.,1.,1.,14.530159699,-1.175,-0.2,14.578768105,-1.090807772,  0005645P0003121
-0.2,14.676847968,-0.920928464,-0.212197535,14.825082786,        0005645P0003122
-0.664178228,-0.267036579,14.978855129,-0.397836719,             0005645P0003123
-0.359724234,15.087131865,-0.21029591,-0.44879155,15.142532135,  0005645P0003124
-0.114339828,-0.5,0.,1.,-0.866025404,0.5,1.566625874E-11;        0005645P0003125
100,0.,0.,0.,2.640133135,-0.228466694,2.65,-6.661338148E-16;     0005647P0003126
124,0.99906873,-4.314710499E-02,-0.,12.495,4.314710499E-02,      0005649P0003127
0.99906873,0.,0.,0.,0.,1.,-0.5;                                  0005649P0003128
144,5653,1,0,5661;                                               0005651P0003129
120,5657,5659,1.570796327,2.617993878;                           0005653P0003130
124,1.,0.,0.,12.495,0.,-1.,0.,0.,0.,0.,-1.,-0.35;                0005655P0003131
110,0.,0.,1.,0.,0.,0.;                                           0005657P0003132
110,2.349999832,0.,-0.150000168,2.65,0.,0.15;                    0005659P0003133
142,0,5653,5663,5673,3;                                          0005661P0003134
102,4,5665,5667,5669,5671;                                       0005663P0003135
110,1.,2.051234599,0.,1.,2.137555606,0.;                         0005665P0003136
126,24,3,1,0,1,0,0.,0.,0.,0.,4.545454545E-02,9.090909091E-02,    0005667P0003137
0.136363636,0.181818182,0.227272727,0.272727273,0.318181818,     0005667P0003138
0.363636364,0.409090909,0.454545455,0.5,0.545454545,0.590909091, 0005667P0003139
0.636363636,0.681818182,0.727272727,0.772727273,0.818181818,     0005667P0003140
0.863636364,0.909090909,0.954545455,1.,1.,1.,1.,1.,1.,1.,1.,1.,  0005667P0003141
1.,1.,1.,1.,1.,1.,1.,1.,1.,1.,1.,1.,1.,1.,1.,1.,1.,1.,1.,1.,1.,  0005667P0003142
2.137555606,0.,0.96900716,2.144287577,0.,0.908460016,            0005667P0003143
2.157846072,0.,0.821993048,2.178443692,0.,0.739920157,           0005667P0003144
2.19927818,0.,0.662274001,2.220323818,0.,0.589081516,            0005667P0003145
2.241553341,0.,0.520364056,2.262937322,0.,0.456133122,           0005667P0003146
2.284446155,0.,0.396405804,2.30604362,0.,0.34111844,2.327722971, 0005667P0003147
0.,0.29017807,2.3494928,0.,0.243507329,2.371359153,0.,           0005667P0003148
0.201033808,2.393329726,0.,0.162692672,2.4154129,0.,0.128428121, 0005667P0003149
2.437616658,0.,9.818609874E-02,2.459953064,0.,7.194550293E-02,   0005667P0003150
2.482419008,0.,4.973416656E-02,2.504977985,0.,3.156380425E-02,   0005667P0003151
2.527598126,0.,1.744191818E-02,2.550245511,0.,7.368299496E-03,   0005667P0003152
2.572886279,0.,1.336732794E-03,2.595486341,0.,-1.922148977E-15,  0005667P0003153
2.610503402,0.,5.602555558E-07,2.617993878,0.,0.,1.,-0.,-0.,1.;  0005667P0003154
110,5.602605089E-07,2.617993878,0.,5.602605091E-07,1.570796327,  0005669P0003155
0.;                                                              0005669P0003156
126,24,3,1,0,1,0,0.,0.,0.,0.,4.545454545E-02,9.090909091E-02,    0005671P0003157
0.136363636,0.181818182,0.227272727,0.272727273,0.318181818,     0005671P0003158
0.363636364,0.409090909,0.454545455,0.5,0.545454545,0.590909091, 0005671P0003159
0.636363636,0.681818182,0.727272727,0.772727273,0.818181818,     0005671P0003160
0.863636364,0.909090909,0.954545455,1.,1.,1.,1.,1.,1.,1.,1.,1.,  0005671P0003161
1.,1.,1.,1.,1.,1.,1.,1.,1.,1.,1.,1.,1.,1.,1.,1.,1.,1.,1.,1.,     0005671P0003162
5.602605091E-07,1.570796327,0.,8.062241525E-08,1.578317922,0.,   0005671P0003163
1.337734286E-03,1.593385459,0.,7.36969048E-03,1.616028868,0.,    0005671P0003164
1.743910718E-02,1.638683538,0.,3.154975145E-02,1.661318283,0.,   0005671P0003165
4.970117169E-02,1.68390316,0.,7.188324198E-02,1.706404882,0.,    0005671P0003166
9.809793464E-02,1.728808594,0.,0.128368313,1.751117368,0.,       0005671P0003167
0.162718845,1.773330422,0.,0.201179681,1.795447856,0.,           0005671P0003168
0.243785345,1.81746929,0.,0.290575097,1.839394117,0.,            0005671P0003169
0.341602695,1.861215188,0.,0.396923655,1.882925269,0.,           0005671P0003170
0.456596162,1.904517225,0.,0.5206779,1.925983235,0.,0.589237289, 0005671P0003171
1.947317782,0.,0.662302348,1.968504212,0.,0.739855053,           0005671P0003172
1.98951583,0.,0.821881242,2.010329754,0.,0.908360267,            0005671P0003173
2.030923771,0.,0.968964249,2.044493251,0.,1.,2.051234599,0.,0.,  0005671P0003174
1.,-0.,-0.,1.;                                                   0005671P0003175
102,4,5675,5679,5681,5685;                                       0005673P0003176
100,0.,0.,0.,2.65,-1.776356839E-15,2.640133135,0.228466694;      0005675P0003177
124,-0.462167876,-0.886792453,0.,12.495,0.886792453,             0005677P0003178
-0.462167876,0.,0.,0.,0.,1.,-0.5;                                0005677P0003179
126,5,3,1,0,1,0,0.,0.,0.,0.,0.333333333,0.666666667,1.,1.,1.,1., 0005679P0003180
1.,1.,1.,1.,1.,1.,11.072212737,2.235660172,-0.5,10.998448098,    0005679P0003181
2.10789607,-0.431816707,10.854759476,1.859020075,-0.318885307,   0005679P0003182
10.655743903,1.514314992,-0.22182726,10.524383495,1.286792091,   0005679P0003183
-0.2,10.459840301,1.175,-0.2,0.,1.,0.866025404,-0.5,             0005679P0003184
2.729750981E-11;                                                 0005679P0003185
100,0.,0.,0.,1.175,-2.035159699,2.35,0.;                         0005681P0003186
124,0.,1.,0.,12.495,1.,0.,0.,0.,0.,0.,-1.,-0.2;                  0005683P0003187
126,6,3,1,0,1,0,0.,0.,0.,0.,0.25,0.5,0.75,1.,1.,1.,1.,1.,1.,1.,  0005685P0003188
1.,1.,1.,1.,12.495,2.35,-0.2,12.397783189,2.35,-0.2,             0005685P0003189
12.201623461,2.35,-0.212197535,11.905153825,2.35,-0.267036579,   0005685P0003190
11.597609141,2.35,-0.359724234,11.381055668,2.35,-0.44879155,    0005685P0003191
11.270255129,2.35,-0.5,0.,1.,9.060878393E-16,-1.,0.;             0005685P0003192
144,5689,1,0,5697;                                               0005687P0003193
120,5693,5695,0.523598776,1.570796327;                           0005689P0003194
124,1.,0.,0.,12.495,0.,-1.,0.,0.,0.,0.,-1.,-0.35;                0005691P0003195
110,0.,0.,1.,0.,0.,0.;                                           0005693P0003196
110,2.349999832,0.,-0.150000168,2.65,0.,0.15;                    0005695P0003197
142,0,5689,5699,5709,3;                                          0005697P0003198
102,4,5701,5703,5705,5707;                                       0005699P0003199
110,5.602561169E-07,1.570796327,0.,5.602561141E-07,0.523598776,  0005701P0003200
0.;                                                              0005701P0003201
126,24,3,1,0,1,0,0.,0.,0.,0.,4.545454545E-02,9.090909091E-02,    0005703P0003202
0.136363636,0.181818182,0.227272727,0.272727273,0.318181818,     0005703P0003203
0.363636364,0.409090909,0.454545455,0.5,0.545454545,0.590909091, 0005703P0003204
0.636363636,0.681818182,0.727272727,0.772727273,0.818181818,     0005703P0003205
0.863636364,0.909090909,0.954545455,1.,1.,1.,1.,1.,1.,1.,1.,1.,  0005703P0003206
1.,1.,1.,1.,1.,1.,1.,1.,1.,1.,1.,1.,1.,1.,1.,1.,1.,1.,1.,1.,     0005703P0003207
5.60251164E-07,0.523598776,0.,8.061418913E-08,0.53112037,0.,     0005703P0003208
1.337734279E-03,0.546187908,0.,7.369690474E-03,0.568831316,0.,   0005703P0003209
1.743910717E-02,0.591485987,0.,3.154975144E-02,0.614120731,0.,   0005703P0003210
4.970117168E-02,0.636705609,0.,7.188324197E-02,0.65920733,0.,    0005703P0003211
9.809793464E-02,0.681611043,0.,0.128368313,0.703919817,0.,       0005703P0003212
0.162718845,0.726132871,0.,0.201179681,0.748250305,0.,           0005703P0003213
0.243785345,0.770271739,0.,0.290575097,0.792196566,0.,           0005703P0003214
0.341602695,0.814017637,0.,0.396923655,0.835727718,0.,           0005703P0003215
0.456596162,0.857319674,0.,0.5206779,0.878785684,0.,0.589237289, 0005703P0003216
0.900120231,0.,0.662302348,0.92130666,0.,0.739855053,            0005703P0003217
0.942318279,0.,0.821881242,0.963132203,0.,0.908360267,           0005703P0003218
0.98372622,0.,0.968964249,0.9972957,0.,1.,1.004037047,0.,0.,1.,  0005703P0003219
-0.,-0.,1.;                                                      0005703P0003220
110,1.,1.004037047,0.,1.,1.090358055,0.;                         0005705P0003221
126,24,3,1,0,1,0,0.,0.,0.,0.,4.545454545E-02,9.090909091E-02,    0005707P0003222
0.136363636,0.181818182,0.227272727,0.272727273,0.318181818,     0005707P0003223
0.363636364,0.409090909,0.454545455,0.5,0.545454545,0.590909091, 0005707P0003224
0.636363636,0.681818182,0.727272727,0.772727273,0.818181818,     0005707P0003225
0.863636364,0.909090909,0.954545455,1.,1.,1.,1.,1.,1.,1.,1.,1.,  0005707P0003226
1.,1.,1.,1.,1.,1.,1.,1.,1.,1.,1.,1.,1.,1.,1.,1.,1.,1.,1.,1.,1.,  0005707P0003227
1.090358055,0.,0.96900716,1.097090026,0.,0.908460016,            0005707P0003228
1.110648521,0.,0.821993048,1.131246141,0.,0.739920157,           0005707P0003229
1.152080629,0.,0.662274001,1.173126267,0.,0.589081516,           0005707P0003230
1.194355789,0.,0.520364056,1.215739771,0.,0.456133122,           0005707P0003231
1.237248604,0.,0.396405804,1.258846068,0.,0.34111844,            0005707P0003232
1.280525419,0.,0.29017807,1.302295249,0.,0.243507329,            0005707P0003233
1.324161602,0.,0.201033808,1.346132175,0.,0.162692672,           0005707P0003234
1.368215349,0.,0.128428121,1.390419107,0.,9.818609874E-02,       0005707P0003235
1.412755513,0.,7.194550292E-02,1.435221457,0.,4.973416655E-02,   0005707P0003236
1.457780434,0.,3.156380425E-02,1.480400575,0.,1.744191817E-02,   0005707P0003237
1.50304796,0.,7.368299494E-03,1.525688728,0.,1.336732793E-03,    0005707P0003238
1.54828879,0.,-2.470214329E-15,1.563305851,0.,5.602561162E-07,   0005707P0003239
1.570796327,0.,0.,1.,-0.,-0.,1.;                                 0005707P0003240
102,4,5711,5715,5717,5721;                                       0005709P0003241
100,0.,0.,0.,1.175,-2.035159699,2.35,-8.881784197E-16;           0005711P0003242
124,0.866025404,0.5,0.,12.495,0.5,-0.866025404,0.,0.,0.,0.,-1.,  0005713P0003243
-0.2;                                                            0005713P0003244
126,6,3,1,0,1,0,0.,0.,0.,0.,0.25,0.5,0.75,1.,1.,1.,1.,1.,1.,1.,  0005715P0003245
1.,1.,1.,1.,14.530159699,1.175,-0.2,14.481551293,1.259192228,    0005715P0003246
-0.2,14.383471429,1.429071536,-0.212197535,14.235236611,         0005715P0003247
1.685821772,-0.267036579,14.081464269,1.952163281,-0.359724234,  0005715P0003248
13.973187533,2.13970409,-0.44879155,13.917787263,2.235660172,    0005715P0003249
-0.5,0.,1.,0.866025404,0.5,1.516428608E-11;                      0005715P0003250
100,0.,0.,0.,2.65,0.,2.640133135,0.228466694;                    0005717P0003251
124,0.536900854,-0.843645348,0.,12.495,0.843645348,0.536900854,  0005719P0003252
0.,0.,0.,0.,1.,-0.5;                                             0005719P0003253
126,5,3,1,0,1,0,0.,0.,0.,0.,0.333333333,0.666666667,1.,1.,1.,1., 0005721P0003254
1.,1.,1.,1.,1.,1.,13.719744871,2.35,-0.5,13.572215594,2.35,      0005721P0003255
-0.431816707,13.284838349,2.35,-0.318885307,12.886807203,2.35,   0005721P0003256
-0.22182726,12.624086388,2.35,-0.2,12.495,2.35,-0.2,0.,1.,       0005721P0003257
-4.390361202E-16,-1.,0.;                                         0005721P0003258
144,5725,1,0,5733;                                               0005723P0003259
120,5729,5731,4.71238898,5.759586532;                            0005725P0003260
124,1.,0.,0.,12.495,0.,-1.,0.,0.,0.,0.,-1.,-0.35;                0005727P0003261
110,0.,0.,1.,0.,0.,0.;                                           0005729P0003262
110,2.349999832,0.,-0.150000168,2.65,0.,0.15;                    0005731P0003263
142,0,5725,5735,5745,3;                                          0005733P0003264
102,4,5737,5739,5741,5743;                                       0005735P0003265
110,5.602605072E-07,5.759586532,0.,5.602605082E-07,4.71238898,   0005737P0003266
0.;                                                              0005737P0003267
126,24,3,1,0,1,0,0.,0.,0.,0.,4.545454545E-02,9.090909091E-02,    0005739P0003268
0.136363636,0.181818182,0.227272727,0.272727273,0.318181818,     0005739P0003269
0.363636364,0.409090909,0.454545455,0.5,0.545454545,0.590909091, 0005739P0003270
0.636363636,0.681818182,0.727272727,0.772727273,0.818181818,     0005739P0003271
0.863636364,0.909090909,0.954545455,1.,1.,1.,1.,1.,1.,1.,1.,1.,  0005739P0003272
1.,1.,1.,1.,1.,1.,1.,1.,1.,1.,1.,1.,1.,1.,1.,1.,1.,1.,1.,1.,     0005739P0003273
5.602605075E-07,4.71238898,0.,8.062241363E-08,4.719910575,0.,    0005739P0003274
1.337734286E-03,4.734978113,0.,7.36969048E-03,4.757621521,0.,    0005739P0003275
1.743910718E-02,4.780276191,0.,3.154975145E-02,4.802910936,0.,   0005739P0003276
4.970117169E-02,4.825495814,0.,7.188324198E-02,4.847997535,0.,   0005739P0003277
9.809793464E-02,4.870401248,0.,0.128368313,4.892710022,0.,       0005739P0003278
0.162718845,4.914923076,0.,0.201179681,4.93704051,0.,            0005739P0003279
0.243785345,4.959061944,0.,0.290575097,4.980986771,0.,           0005739P0003280
0.341602695,5.002807842,0.,0.396923655,5.024517923,0.,           0005739P0003281
0.456596162,5.046109879,0.,0.5206779,5.067575889,0.,0.589237289, 0005739P0003282
5.088910436,0.,0.662302348,5.110096865,0.,0.739855053,           0005739P0003283
5.131108484,0.,0.821881242,5.151922408,0.,0.908360267,           0005739P0003284
5.172516425,0.,0.968964249,5.186085905,0.,1.,5.192827252,0.,0.,  0005739P0003285
1.,-0.,-0.,1.;                                                   0005739P0003286
110,1.,5.192827252,0.,1.,5.27914826,0.;                          0005741P0003287
126,24,3,1,0,1,0,0.,0.,0.,0.,4.545454545E-02,9.090909091E-02,    0005743P0003288
0.136363636,0.181818182,0.227272727,0.272727273,0.318181818,     0005743P0003289
0.363636364,0.409090909,0.454545455,0.5,0.545454545,0.590909091, 0005743P0003290
0.636363636,0.681818182,0.727272727,0.772727273,0.818181818,     0005743P0003291
0.863636364,0.909090909,0.954545455,1.,1.,1.,1.,1.,1.,1.,1.,1.,  0005743P0003292
1.,1.,1.,1.,1.,1.,1.,1.,1.,1.,1.,1.,1.,1.,1.,1.,1.,1.,1.,1.,1.,  0005743P0003293
5.27914826,0.,0.96900716,5.285880231,0.,0.908460016,5.299438726, 0005743P0003294
0.,0.821993048,5.320036346,0.,0.739920157,5.340870833,0.,        0005743P0003295
0.662274001,5.361916472,0.,0.589081516,5.383145994,0.,           0005743P0003296
0.520364056,5.404529975,0.,0.456133122,5.426038809,0.,           0005743P0003297
0.396405804,5.447636273,0.,0.34111844,5.469315624,0.,0.29017807, 0005743P0003298
5.491085453,0.,0.243507329,5.512951806,0.,0.201033808,           0005743P0003299
5.534922379,0.,0.162692672,5.557005554,0.,0.128428121,           0005743P0003300
5.579209311,0.,9.818609874E-02,5.601545718,0.,7.194550293E-02,   0005743P0003301
5.624011661,0.,4.973416656E-02,5.646570639,0.,3.156380425E-02,   0005743P0003302
5.66919078,0.,1.744191818E-02,5.691838164,0.,7.368299496E-03,    0005743P0003303
5.714478933,0.,1.336732794E-03,5.737078995,0.,-2.779529204E-16,  0005743P0003304
5.752096056,0.,5.602555564E-07,5.759586532,0.,0.,1.,-0.,-0.,1.;  0005743P0003305
102,4,5747,5751,5753,5757;                                       0005745P0003306
100,0.,0.,0.,2.35,8.881784197E-16,1.175,2.035159699;             0005747P0003307
124,0.866025404,-0.5,0.,12.495,-0.5,-0.866025404,0.,0.,0.,-0.,   0005749P0003308
-1.,-0.2;                                                        0005749P0003309
126,6,3,1,0,1,0,0.,0.,0.,0.,0.25,0.5,0.75,1.,1.,1.,1.,1.,1.,1.,  0005751P0003310
1.,1.,1.,1.,12.495,-2.35,-0.2,12.592216811,-2.35,-0.2,           0005751P0003311
12.788376539,-2.35,-0.212197535,13.084846175,-2.35,-0.267036579, 0005751P0003312
13.392390859,-2.35,-0.359724234,13.608944332,-2.35,-0.44879155,  0005751P0003313
13.719744871,-2.35,-0.5,0.,1.,-9.060878393E-16,1.,0.;            0005751P0003314
100,0.,0.,0.,2.640133135,-0.228466694,2.65,0.;                   0005753P0003315
124,0.536900854,0.843645348,-0.,12.495,-0.843645348,0.536900854, 0005755P0003316
0.,0.,0.,0.,1.,-0.5;                                             0005755P0003317
126,5,3,1,0,1,0,0.,0.,0.,0.,0.333333333,0.666666667,1.,1.,1.,1., 0005757P0003318
1.,1.,1.,1.,1.,1.,13.917787263,-2.235660172,-0.5,13.991551902,   0005757P0003319
-2.10789607,-0.431816707,14.135240524,-1.859020075,-0.318885307, 0005757P0003320
14.334256097,-1.514314992,-0.22182726,14.465616505,-1.286792091, 0005757P0003321
-0.2,14.530159699,-1.175,-0.2,0.,1.,-0.866025404,0.5,            0005757P0003322
2.736775559E-11;                                                 0005757P0003323
144,5761,1,0,5769;                                               0005759P0003324
120,5765,5767,3.665191429,4.71238898;                            0005761P0003325
124,1.,0.,0.,12.495,0.,-1.,0.,0.,0.,0.,-1.,-0.35;                0005763P0003326
110,0.,0.,1.,0.,0.,0.;                                           0005765P0003327
110,2.349999832,0.,-0.150000168,2.65,0.,0.15;                    0005767P0003328
142,0,5761,5771,5781,3;                                          0005769P0003329
102,4,5773,5775,5777,5779;                                       0005771P0003330
110,5.602561182E-07,4.71238898,0.,5.602561169E-07,3.665191429,   0005773P0003331
0.;                                                              0005773P0003332
126,24,3,1,0,1,0,0.,0.,0.,0.,4.545454545E-02,9.090909091E-02,    0005775P0003333
0.136363636,0.181818182,0.227272727,0.272727273,0.318181818,     0005775P0003334
0.363636364,0.409090909,0.454545455,0.5,0.545454545,0.590909091, 0005775P0003335
0.636363636,0.681818182,0.727272727,0.772727273,0.818181818,     0005775P0003336
0.863636364,0.909090909,0.954545455,1.,1.,1.,1.,1.,1.,1.,1.,1.,  0005775P0003337
1.,1.,1.,1.,1.,1.,1.,1.,1.,1.,1.,1.,1.,1.,1.,1.,1.,1.,1.,1.,     0005775P0003338
5.602511638E-07,3.665191429,0.,8.061418763E-08,3.672713024,0.,   0005775P0003339
1.337734279E-03,3.687780561,0.,7.369690474E-03,3.71042397,0.,    0005775P0003340
1.743910717E-02,3.73307864,0.,3.154975144E-02,3.755713385,0.,    0005775P0003341
4.970117168E-02,3.778298263,0.,7.188324197E-02,3.800799984,0.,   0005775P0003342
9.809793464E-02,3.823203697,0.,0.128368313,3.845512471,0.,       0005775P0003343
0.162718845,3.867725525,0.,0.201179681,3.889842958,0.,           0005775P0003344
0.243785345,3.911864393,0.,0.290575097,3.93378922,0.,            0005775P0003345
0.341602695,3.955610291,0.,0.396923655,3.977320371,0.,           0005775P0003346
0.456596162,3.998912328,0.,0.5206779,4.020378338,0.,0.589237289, 0005775P0003347
4.041712885,0.,0.662302348,4.062899314,0.,0.739855053,           0005775P0003348
4.083910932,0.,0.821881242,4.104724856,0.,0.908360267,           0005775P0003349
4.125318874,0.,0.968964249,4.138888353,0.,1.,4.145629701,0.,0.,  0005775P0003350
1.,-0.,-0.,1.;                                                   0005775P0003351
110,1.,4.145629701,0.,1.,4.231950709,0.;                         0005777P0003352
126,24,3,1,0,1,0,0.,0.,0.,0.,4.545454545E-02,9.090909091E-02,    0005779P0003353
0.136363636,0.181818182,0.227272727,0.272727273,0.318181818,     0005779P0003354
0.363636364,0.409090909,0.454545455,0.5,0.545454545,0.590909091, 0005779P0003355
0.636363636,0.681818182,0.727272727,0.772727273,0.818181818,     0005779P0003356
0.863636364,0.909090909,0.954545455,1.,1.,1.,1.,1.,1.,1.,1.,1.,  0005779P0003357
1.,1.,1.,1.,1.,1.,1.,1.,1.,1.,1.,1.,1.,1.,1.,1.,1.,1.,1.,1.,1.,  0005779P0003358
4.231950709,0.,0.96900716,4.238682679,0.,0.908460016,            0005779P0003359
4.252241174,0.,0.821993048,4.272838795,0.,0.739920157,           0005779P0003360
4.293673282,0.,0.662274001,4.314718921,0.,0.589081516,           0005779P0003361
4.335948443,0.,0.520364056,4.357332424,0.,0.456133122,           0005779P0003362
4.378841257,0.,0.396405804,4.400438722,0.,0.34111844,            0005779P0003363
4.422118073,0.,0.29017807,4.443887902,0.,0.243507329,            0005779P0003364
4.465754255,0.,0.201033808,4.487724828,0.,0.162692672,           0005779P0003365
4.509808003,0.,0.128428121,4.53201176,0.,9.818609874E-02,        0005779P0003366
4.554348167,0.,7.194550292E-02,4.57681411,0.,4.973416655E-02,    0005779P0003367
4.599373087,0.,3.156380425E-02,4.621993229,0.,1.744191817E-02,   0005779P0003368
4.644640613,0.,7.368299494E-03,4.667281382,0.,1.336732793E-03,   0005779P0003369
4.689881444,0.,-8.260182727E-16,4.704898505,0.,5.602561182E-07,  0005779P0003370
4.71238898,0.,0.,1.,-0.,-0.,1.;                                  0005779P0003371
102,4,5783,5787,5789,5793;                                       0005781P0003372
100,0.,0.,0.,2.35,0.,1.175,2.035159699;                          0005783P0003373
124,0.,-1.,0.,12.495,-1.,0.,0.,0.,0.,-0.,-1.,-0.2;               0005785P0003374
126,6,3,1,0,1,0,0.,0.,0.,0.,0.25,0.5,0.75,1.,1.,1.,1.,1.,1.,1.,  0005787P0003375
1.,1.,1.,1.,10.459840301,-1.175,-0.2,10.508448707,-1.259192228,  0005787P0003376
-0.2,10.606528571,-1.429071536,-0.212197535,10.754763389,        0005787P0003377
-1.685821772,-0.267036579,10.908535731,-1.952163281,             0005787P0003378
-0.359724234,11.016812467,-2.13970409,-0.44879155,11.072212737,  0005787P0003379
-2.235660172,-0.5,0.,1.,-0.866025404,-0.5,1.514978867E-11;       0005787P0003380
100,0.,0.,0.,2.640133135,-0.228466694,2.65,0.;                   0005789P0003381
124,-0.462167876,0.886792453,-0.,12.495,-0.886792453,            0005791P0003382
-0.462167876,0.,0.,-0.,0.,1.,-0.5;                               0005791P0003383
126,5,3,1,0,1,0,0.,0.,0.,0.,0.333333333,0.666666667,1.,1.,1.,1., 0005793P0003384
1.,1.,1.,1.,1.,1.,11.270255129,-2.35,-0.5,11.417784406,-2.35,    0005793P0003385
-0.431816707,11.705161651,-2.35,-0.318885307,12.103192797,-2.35, 0005793P0003386
-0.22182726,12.365913612,-2.35,-0.2,12.495,-2.35,-0.2,0.,1.,     0005793P0003387
4.390361202E-16,1.,0.;                                           0005793P0003388
144,5797,1,0,5805;                                               0005795P0003389
120,5801,5803,3.141592654,3.665191429;                           0005797P0003390
124,1.,0.,0.,12.495,0.,-1.,0.,0.,0.,0.,-1.,-0.35;                0005799P0003391
110,0.,0.,1.,0.,0.,0.;                                           0005801P0003392
110,2.349999832,0.,-0.150000168,2.65,0.,0.15;                    0005803P0003393
142,0,5797,5807,5817,3;                                          0005805P0003394
102,4,5809,5811,5813,5815;                                       0005807P0003395
110,5.602596647E-07,3.665191429,0.,5.602596644E-07,3.141592654,  0005809P0003396
0.;                                                              0005809P0003397
110,5.602596644E-07,3.141592654,0.,1.,3.141592654,0.;            0005811P0003398
110,1.,3.141592654,0.,1.,3.184753157,0.;                         0005813P0003399
126,24,3,1,0,1,0,0.,0.,0.,0.,4.545454545E-02,9.090909091E-02,    0005815P0003400
0.136363636,0.181818182,0.227272727,0.272727273,0.318181818,     0005815P0003401
0.363636364,0.409090909,0.454545455,0.5,0.545454545,0.590909091, 0005815P0003402
0.636363636,0.681818182,0.727272727,0.772727273,0.818181818,     0005815P0003403
0.863636364,0.909090909,0.954545455,1.,1.,1.,1.,1.,1.,1.,1.,1.,  0005815P0003404
1.,1.,1.,1.,1.,1.,1.,1.,1.,1.,1.,1.,1.,1.,1.,1.,1.,1.,1.,1.,1.,  0005815P0003405
3.184753157,0.,0.96900716,3.191485128,0.,0.908460016,            0005815P0003406
3.205043623,0.,0.821993048,3.225641243,0.,0.739920157,           0005815P0003407
3.246475731,0.,0.662274001,3.267521369,0.,0.589081516,           0005815P0003408
3.288750892,0.,0.520364056,3.310134873,0.,0.456133122,           0005815P0003409
3.331643706,0.,0.396405804,3.353241171,0.,0.34111844,            0005815P0003410
3.374920522,0.,0.29017807,3.396690351,0.,0.243507329,            0005815P0003411
3.418556704,0.,0.201033808,3.440527277,0.,0.162692672,           0005815P0003412
3.462610451,0.,0.128428121,3.484814209,0.,9.818609874E-02,       0005815P0003413
3.507150616,0.,7.194550293E-02,3.529616559,0.,4.973416656E-02,   0005815P0003414
3.552175536,0.,3.156380425E-02,3.574795677,0.,1.744191818E-02,   0005815P0003415
3.597443062,0.,7.368299498E-03,3.62008383,0.,1.336732795E-03,    0005815P0003416
3.642683892,0.,-1.374083625E-15,3.657700953,0.,5.602547117E-07,  0005815P0003417
3.665191429,0.,0.,1.,-0.,-0.,1.;                                 0005815P0003418
102,4,5819,5823,5825,5829;                                       0005817P0003419
100,0.,0.,0.,2.35,0.,2.035159699,1.175;                          0005819P0003420
124,-0.866025404,-0.5,0.,12.495,-0.5,0.866025404,0.,0.,-0.,0.,   0005821P0003421
-1.,-0.2;                                                        0005821P0003422
110,10.145,0.,-0.2,9.845,0.,-0.5;                                0005823P0003423
100,0.,0.,0.,2.647532135,-0.114339828,2.65,-6.661338148E-16;     0005825P0003424
124,-0.99906873,4.314710499E-02,-0.,12.495,-4.314710499E-02,     0005827P0003425
-0.99906873,0.,0.,-0.,0.,1.,-0.5;                                0005827P0003426
126,5,3,1,0,1,0,0.,0.,0.,0.,0.333333333,0.666666667,1.,1.,1.,1., 0005829P0003427
1.,1.,1.,1.,1.,1.,9.847467865,-0.114339828,-0.5,9.921232504,     0005829P0003428
-0.24210393,-0.431816707,10.064921126,-0.490979925,-0.318885307, 0005829P0003429
10.263936699,-0.835685008,-0.22182726,10.395297107,-1.063207909, 0005829P0003430
-0.2,10.459840301,-1.175,-0.2,0.,1.,0.866025404,0.5,             0005829P0003431
3.568485585E-11;                                                 0005829P0003432
144,5833,1,0,5835;                                               0005831P0003433
108,0.866025404,-0.5,-0.,13.17098742,0,15.208546265,0.,-0.2,0.;  0005833P0003434
142,0,5833,0,5837,2;                                             0005835P0003435
102,5,5839,5841,5843,5845,5847;                                  0005837P0003436
110,13.917787263,-2.235660172,-6.,15.142532135,-0.114339828,-6.; 0005839P0003437
110,15.142532135,-0.114339828,-6.,15.142532135,-0.114339828,     0005841P0003438
-0.5;                                                            0005841P0003439
126,6,3,1,0,1,0,0.,0.,0.,0.,0.25,0.5,0.75,1.,1.,1.,1.,1.,1.,1.,  0005843P0003440
1.,1.,1.,1.,15.142532135,-0.114339828,-0.5,15.087131865,         0005843P0003441
-0.21029591,-0.44879155,14.978855129,-0.397836719,-0.359724234,  0005843P0003442
14.825082786,-0.664178228,-0.267036579,14.676847968,             0005843P0003443
-0.920928464,-0.212197535,14.578768105,-1.090807772,-0.2,        0005843P0003444
14.530159699,-1.175,-0.2,0.,1.,-0.866025404,0.5,1.566444656E-11; 0005843P0003445
126,5,3,1,0,1,0,0.,0.,0.,0.,0.333333333,0.666666667,1.,1.,1.,1., 0005845P0003446
1.,1.,1.,1.,1.,1.,14.530159699,-1.175,-0.2,14.465616505,         0005845P0003447
-1.286792091,-0.2,14.334256097,-1.514314992,-0.22182726,         0005845P0003448
14.135240524,-1.859020075,-0.318885307,13.991551902,-2.10789607, 0005845P0003449
-0.431816707,13.917787263,-2.235660172,-0.5,0.,1.,-0.866025404,  0005845P0003450
0.5,2.736775559E-11;                                             0005845P0003451
110,13.917787263,-2.235660172,-0.5,13.917787263,-2.235660172,    0005847P0003452
-6.;                                                             0005847P0003453
144,5851,1,1,5853,5885;                                          0005849P0003454
108,0.,0.,1.,-0.2,0,12.495,0.,-0.2,0.;                           0005851P0003455
142,0,5851,0,5855,2;                                             0005853P0003456
102,7,5857,5861,5865,5869,5873,5877,5881;                        0005855P0003457
100,0.,0.,0.,2.35,8.881784197E-16,1.175,2.035159699;             0005857P0003458
124,0.866025404,-0.5,0.,12.495,0.5,0.866025404,0.,0.,0.,0.,1.,   0005859P0003459
-0.2;                                                            0005859P0003460
100,0.,0.,0.,2.35,0.,1.175,2.035159699;                          0005861P0003461
124,0.,-1.,0.,12.495,1.,0.,0.,0.,0.,0.,1.,-0.2;                  0005863P0003462
100,0.,0.,0.,2.35,0.,2.035159699,1.175;                          0005865P0003463
124,-0.866025404,-0.5,0.,12.495,0.5,-0.866025404,0.,0.,0.,0.,1., 0005867P0003464
-0.2;                                                            0005867P0003465
100,0.,0.,0.,2.035159699,-1.175,2.35,-8.881784197E-16;           0005869P0003466
124,-0.866025404,0.5,-0.,12.495,-0.5,-0.866025404,0.,0.,-0.,0.,  0005871P0003467
1.,-0.2;                                                         0005871P0003468
100,0.,0.,0.,1.175,-2.035159699,2.35,0.;                         0005873P0003469
124,0.,1.,-0.,12.495,-1.,0.,0.,0.,0.,0.,1.,-0.2;                 0005875P0003470
100,0.,0.,0.,1.175,-2.035159699,2.35,-8.881784197E-16;           0005877P0003471
124,0.866025404,0.5,-0.,12.495,-0.5,0.866025404,0.,0.,0.,0.,1.,  0005879P0003472
-0.2;                                                            0005879P0003473
100,0.,0.,0.,2.35,-8.881784197E-16,1.175,2.035159699;            0005881P0003474
124,0.866025404,0.5,0.,12.495,-0.5,0.866025404,0.,0.,0.,0.,1.,   0005883P0003475
-0.2;                                                            0005883P0003476
142,0,5851,0,5887,2;                                             0005885P0003477
102,2,5889,5893;                                                 0005887P0003478
100,0.,0.,0.,1.1303,0.,-1.1303,1.384218277E-16;                  0005889P0003479
124,1.,0.,0.,12.495,0.,-1.,0.,0.,0.,0.,-1.,-0.2;                 0005891P0003480
100,0.,0.,0.,-1.1303,1.384218277E-16,1.1303,-2.768436554E-16;    0005893P0003481
124,1.,0.,0.,12.495,0.,-1.,0.,0.,0.,0.,-1.,-0.2;                 0005895P0003482
144,5899,1,0,5907;                                               0005897P0003483
120,5903,5905,3.141592654,6.283185307;                           0005899P0003484
124,-1.,0.,0.,12.495,0.,1.,0.,0.,0.,0.,1.,-13.85;                0005901P0003485
110,0.,0.,1.,0.,0.,0.;                                           0005903P0003486
110,1.1303,0.,10.15,1.1303,0.,13.65;                             0005905P0003487
142,0,5899,5909,5919,3;                                          0005907P0003488
102,4,5911,5913,5915,5917;                                       0005909P0003489
110,1.,3.141592654,0.,1.,6.283185307,0.;                         0005911P0003490
110,1.,6.283185307,0.,0.,6.283185307,0.;                         0005913P0003491
110,4.930380658E-32,6.283185307,0.,-1.993067713E-16,3.141592654, 0005915P0003492
0.;                                                              0005915P0003493
110,-1.993067713E-16,3.141592654,0.,1.,3.141592654,0.;           0005917P0003494
102,4,5921,5925,5927,5931;                                       0005919P0003495
100,0.,0.,0.,1.1303,0.,-1.1303,1.384218277E-16;                  0005921P0003496
124,1.,0.,0.,12.495,0.,1.,0.,0.,0.,0.,1.,-0.2;                   0005923P0003497
110,11.3647,0.,-0.2,11.3647,0.,-3.7;                             0005925P0003498
100,0.,0.,0.,-1.1303,1.384218277E-16,1.1303,-2.768436554E-16;    0005927P0003499
124,1.,0.,0.,12.495,0.,-1.,0.,0.,0.,0.,-1.,-3.7;                 0005929P0003500
110,13.6253,0.,-3.7,13.6253,0.,-0.2;                             0005931P0003501
144,5935,1,0,5943;                                               0005933P0003502
120,5939,5941,0.,3.141592654;                                    0005935P0003503
124,-1.,0.,0.,12.495,0.,1.,0.,0.,0.,0.,1.,-13.85;                0005937P0003504
110,0.,0.,1.,0.,0.,0.;                                           0005939P0003505
110,1.1303,0.,10.15,1.1303,0.,13.65;                             0005941P0003506
142,0,5935,5945,5955,3;                                          0005943P0003507
102,4,5947,5949,5951,5953;                                       0005945P0003508
110,-1.993067713E-16,3.141592654,0.,-3.986135426E-16,            0005947P0003509
8.881784197E-16,0.;                                              0005947P0003510
110,-3.986135426E-16,1.776356839E-15,0.,1.,2.553512957E-15,0.;   0005949P0003511
110,1.,1.776356839E-15,0.,1.,3.141592654,0.;                     0005951P0003512
110,1.,3.141592654,0.,-1.993067713E-16,3.141592654,0.;           0005953P0003513
102,4,5957,5961,5963,5967;                                       0005955P0003514
100,0.,0.,0.,1.1303,0.,-1.1303,1.384218277E-16;                  0005957P0003515
124,1.,0.,0.,12.495,0.,-1.,0.,0.,0.,0.,-1.,-3.7;                 0005959P0003516
110,11.3647,0.,-3.7,11.3647,0.,-0.2;                             0005961P0003517
100,0.,0.,0.,-1.1303,1.384218277E-16,1.1303,-2.768436554E-16;    0005963P0003518
124,1.,0.,-0.,12.495,0.,1.,0.,0.,0.,0.,1.,-0.2;                  0005965P0003519
110,13.6253,0.,-0.2,13.6253,0.,-3.7;                             0005967P0003520
144,5971,1,0,5979;                                               0005969P0003521
120,5975,5977,0.,3.141592654;                                    0005971P0003522
124,-1.,0.,0.,12.495,0.,1.,0.,0.,0.,0.,1.,-4.014002063;          0005973P0003523
110,0.,0.,1.,0.,0.,0.;                                           0005975P0003524
110,3.541611449E-14,0.,-0.338576947,1.1303,0.,0.314002063;       0005977P0003525
142,0,5971,5981,5989,3;                                          0005979P0003526
102,3,5983,5985,5987;                                            0005981P0003527
110,-1.068949031E-15,1.776356839E-15,0.,1.,2.066160136E-15,0.;   0005983P0003528
110,1.,1.33226763E-15,0.,1.,3.141592654,0.;                      0005985P0003529
126,24,3,0,0,1,0,0.,0.,0.,0.,5.932536448E-02,0.118650729,        0005987P0003530
0.177976093,0.237301458,0.296626822,0.355952187,0.415277551,     0005987P0003531
0.474602916,0.53392828,0.593253645,0.652579009,0.711904374,      0005987P0003532
0.771229738,0.830555103,0.889880467,0.949205832,1.008531196,     0005987P0003533
1.067856561,1.127181925,1.18650729,1.245832654,1.305158019,      0005987P0003534
1.305158019,1.305158019,1.305158019,1.,1.,1.,1.,1.,1.,1.,1.,1.,  0005987P0003535
1.,1.,1.,1.,1.,1.,1.,1.,1.,1.,1.,1.,1.,1.,1.,1.,1.,3.141592654,  0005987P0003536
0.,0.984848485,3.141592654,0.,0.954545455,3.141592654,0.,        0005987P0003537
0.909090909,3.141592654,0.,0.863636364,3.141592654,0.,           0005987P0003538
0.818181818,3.141592654,0.,0.772727273,3.141592654,0.,           0005987P0003539
0.727272727,3.141592654,0.,0.681818182,3.141592654,0.,           0005987P0003540
0.636363636,3.141592654,0.,0.590909091,3.141592654,0.,           0005987P0003541
0.545454545,3.141592654,0.,0.5,3.141592654,0.,0.454545455,       0005987P0003542
3.141592654,0.,0.409090909,3.141592654,0.,0.363636364,           0005987P0003543
3.141592654,0.,0.318181818,3.141592654,0.,0.272727273,           0005987P0003544
3.141592654,0.,0.227272727,3.141592654,0.,0.181818182,           0005987P0003545
3.141592654,0.,0.136363636,3.141592654,0.,9.090909091E-02,       0005987P0003546
3.141592654,0.,4.545454545E-02,3.141592654,0.,1.515151515E-02,   0005987P0003547
3.141592654,0.,-4.494102544E-16,3.141592654,0.,0.,1.305158019,   0005987P0003548
0.,0.,1.;                                                        0005987P0003549
102,3,5991,5993,5997;                                            0005989P0003550
110,12.495,0.,-4.352579009,11.3647,0.,-3.7;                      0005991P0003551
100,0.,0.,0.,-1.1303,1.384218277E-16,1.1303,-2.768436554E-16;    0005993P0003552
124,1.,0.,-0.,12.495,0.,1.,0.,0.,0.,0.,1.,-3.7;                  0005995P0003553
110,13.6253,0.,-3.7,12.495,0.,-4.352579009;                      0005997P0003554
144,6001,1,0,6009;                                               0005999P0003555
120,6005,6007,3.141592654,6.283185307;                           0006001P0003556
124,-1.,0.,0.,12.495,0.,1.,0.,0.,0.,0.,1.,-4.014002063;          0006003P0003557
110,0.,0.,1.,0.,0.,0.;                                           0006005P0003558
110,3.541611449E-14,0.,-0.338576947,1.1303,0.,0.314002063;       0006007P0003559
142,0,6001,6011,6019,3;                                          0006009P0003560
102,3,6013,6015,6017;                                            0006011P0003561
110,1.,3.141592654,0.,1.,6.283185307,0.;                         0006013P0003562
110,1.,6.283185307,0.,0.,6.283185307,0.;                         0006015P0003563
126,24,3,0,0,1,0,0.,0.,0.,0.,5.932536448E-02,0.118650729,        0006017P0003564
0.177976093,0.237301458,0.296626822,0.355952187,0.415277551,     0006017P0003565
0.474602916,0.53392828,0.593253645,0.652579009,0.711904374,      0006017P0003566
0.771229738,0.830555103,0.889880467,0.949205832,1.008531196,     0006017P0003567
1.067856561,1.127181925,1.18650729,1.245832654,1.305158019,      0006017P0003568
1.305158019,1.305158019,1.305158019,1.,1.,1.,1.,1.,1.,1.,1.,1.,  0006017P0003569
1.,1.,1.,1.,1.,1.,1.,1.,1.,1.,1.,1.,1.,1.,1.,1.,                 0006017P0003570
-4.494102544E-16,3.141592654,0.,1.515151515E-02,3.141592654,0.,  0006017P0003571
4.545454545E-02,3.141592654,0.,9.090909091E-02,3.141592654,0.,   0006017P0003572
0.136363636,3.141592654,0.,0.181818182,3.141592654,0.,           0006017P0003573
0.227272727,3.141592654,0.,0.272727273,3.141592654,0.,           0006017P0003574
0.318181818,3.141592654,0.,0.363636364,3.141592654,0.,           0006017P0003575
0.409090909,3.141592654,0.,0.454545455,3.141592654,0.,0.5,       0006017P0003576
3.141592654,0.,0.545454545,3.141592654,0.,0.590909091,           0006017P0003577
3.141592654,0.,0.636363636,3.141592654,0.,0.681818182,           0006017P0003578
3.141592654,0.,0.727272727,3.141592654,0.,0.772727273,           0006017P0003579
3.141592654,0.,0.818181818,3.141592654,0.,0.863636364,           0006017P0003580
3.141592654,0.,0.909090909,3.141592654,0.,0.954545455,           0006017P0003581
3.141592654,0.,0.984848485,3.141592654,0.,1.,3.141592654,0.,0.,  0006017P0003582
1.305158019,0.,0.,1.;                                            0006017P0003583
102,3,6021,6025,6027;                                            0006019P0003584
100,0.,0.,0.,1.1303,0.,-1.1303,1.384218277E-16;                  0006021P0003585
124,1.,0.,0.,12.495,0.,1.,0.,0.,0.,0.,1.,-3.7;                   0006023P0003586
110,11.3647,0.,-3.7,12.495,0.,-4.352579009;                      0006025P0003587
110,12.495,0.,-4.352579009,13.6253,0.,-3.7;                      0006027P0003588
144,6031,1,0,6039;                                               0006029P0003589
120,6035,6037,2.617993878,3.141592654;                           0006031P0003590
124,1.,0.,0.,12.495,0.,-1.,0.,0.,0.,0.,-1.,-0.35;                0006033P0003591
110,0.,0.,1.,0.,0.,0.;                                           0006035P0003592
110,2.349999856,0.,-0.150000144,2.65,0.,0.15;                    0006037P0003593
142,0,6031,6041,6051,3;                                          0006039P0003594
102,4,6043,6045,6047,6049;                                       0006041P0003595
110,1.,3.09843215,0.,1.,3.141592654,0.;                          0006043P0003596
110,1.,3.141592654,0.,4.796415806E-07,3.141592654,0.;            0006045P0003597
110,4.796415806E-07,3.141592654,0.,4.796415803E-07,2.617993878,  0006047P0003598
0.;                                                              0006047P0003599
126,24,3,1,0,1,0,0.,0.,0.,0.,4.545454545E-02,9.090909091E-02,    0006049P0003600
0.136363636,0.181818182,0.227272727,0.272727273,0.318181818,     0006049P0003601
0.363636364,0.409090909,0.454545455,0.5,0.545454545,0.590909091, 0006049P0003602
0.636363636,0.681818182,0.727272727,0.772727273,0.818181818,     0006049P0003603
0.863636364,0.909090909,0.954545455,1.,1.,1.,1.,1.,1.,1.,1.,1.,  0006049P0003604
1.,1.,1.,1.,1.,1.,1.,1.,1.,1.,1.,1.,1.,1.,1.,1.,1.,1.,1.,1.,     0006049P0003605
4.796366272E-07,2.617993878,0.,-1.914292356E-15,2.625515473,0.,  0006049P0003606
1.337653773E-03,2.64058301,0.,7.369610455E-03,2.663226419,0.,    0006049P0003607
1.743902796E-02,2.685881089,0.,3.154967337E-02,2.708515834,0.,   0006049P0003608
4.970109507E-02,2.731100712,0.,7.188316715E-02,2.753602433,0.,   0006049P0003609
9.809786193E-02,2.776006146,0.,0.128368243,2.798314919,0.,       0006049P0003610
0.162718777,2.820527974,0.,0.201179617,2.842645407,0.,           0006049P0003611
0.243785284,2.864666842,0.,0.29057504,2.886591669,0.,            0006049P0003612
0.341602642,2.90841274,0.,0.396923606,2.93012282,0.,0.456596119, 0006049P0003613
2.951714776,0.,0.520677861,2.973180787,0.,0.589237256,           0006049P0003614
2.994515334,0.,0.66230232,3.015701763,0.,0.739855032,            0006049P0003615
3.036713381,0.,0.821881228,3.057527305,0.,0.90836026,            0006049P0003616
3.078121323,0.,0.968964247,3.091690802,0.,1.,3.09843215,0.,0.,   0006049P0003617
1.,-0.,-0.,1.;                                                   0006049P0003618
102,4,6053,6057,6059,6063;                                       0006051P0003619
100,0.,0.,0.,2.65,1.110223025E-16,2.647532135,0.114339828;       0006053P0003620
124,-0.99906873,-4.314710499E-02,0.,12.495,4.314710499E-02,      0006055P0003621
-0.99906873,0.,0.,0.,0.,1.,-0.5;                                 0006055P0003622
110,9.845,0.,-0.5,10.145,0.,-0.2;                                0006057P0003623
100,0.,0.,0.,2.035159699,-1.175,2.35,-8.881784197E-16;           0006059P0003624
124,-0.866025404,0.5,0.,12.495,0.5,0.866025404,0.,0.,0.,0.,-1.,  0006061P0003625
-0.2;                                                            0006061P0003626
126,6,3,1,0,1,0,0.,0.,0.,0.,0.25,0.5,0.75,1.,1.,1.,1.,1.,1.,1.,  0006063P0003627
1.,1.,1.,1.,10.459840301,1.175,-0.2,10.411231895,1.090807772,    0006063P0003628
-0.2,10.313152032,0.920928464,-0.212197535,10.164917214,         0006063P0003629
0.664178228,-0.267036579,10.011144871,0.397836719,-0.359724234,  0006063P0003630
9.902868135,0.21029591,-0.44879155,9.847467865,0.114339828,-0.5, 0006063P0003631
0.,1.,0.866025404,-0.5,1.432887309E-11;                          0006063P0003632
144,6067,1,0,6069;                                               0006065P0003633
108,-0.866025404,0.5,-0.,-8.47098742,0,9.781453735,0.,-0.2,0.;   0006067P0003634
142,0,6067,0,6071,2;                                             0006069P0003635
102,5,6073,6075,6077,6079,6081;                                  0006071P0003636
110,11.072212737,2.235660172,-6.,9.847467865,0.114339828,-6.;    0006073P0003637
110,9.847467865,0.114339828,-6.,9.847467865,0.114339828,-0.5;    0006075P0003638
126,6,3,1,0,1,0,0.,0.,0.,0.,0.25,0.5,0.75,1.,1.,1.,1.,1.,1.,1.,  0006077P0003639
1.,1.,1.,1.,9.847467865,0.114339828,-0.5,9.902868135,0.21029591, 0006077P0003640
-0.44879155,10.011144871,0.397836719,-0.359724234,10.164917214,  0006077P0003641
0.664178228,-0.267036579,10.313152032,0.920928464,-0.212197535,  0006077P0003642
10.411231895,1.090807772,-0.2,10.459840301,1.175,-0.2,0.,1.,     0006077P0003643
0.866025404,-0.5,1.433068527E-11;                                0006077P0003644
126,5,3,1,0,1,0,0.,0.,0.,0.,0.333333333,0.666666667,1.,1.,1.,1., 0006079P0003645
1.,1.,1.,1.,1.,1.,10.459840301,1.175,-0.2,10.524383495,          0006079P0003646
1.286792091,-0.2,10.655743903,1.514314992,-0.22182726,           0006079P0003647
10.854759476,1.859020075,-0.318885307,10.998448098,2.10789607,   0006079P0003648
-0.431816707,11.072212737,2.235660172,-0.5,0.,1.,0.866025404,    0006079P0003649
-0.5,2.729750981E-11;                                            0006079P0003650
110,11.072212737,2.235660172,-0.5,11.072212737,2.235660172,-6.;  0006081P0003651
144,6085,1,0,6087;                                               0006083P0003652
108,0.866025404,0.5,-0.,13.17098742,0,13.851773133,2.35,-0.2,0.; 0006085P0003653
142,0,6085,0,6089,2;                                             0006087P0003654
102,5,6091,6093,6095,6097,6099;                                  0006089P0003655
110,15.142532135,0.114339828,-6.,13.917787263,2.235660172,-6.;   0006091P0003656
110,13.917787263,2.235660172,-6.,13.917787263,2.235660172,-0.5;  0006093P0003657
126,6,3,1,0,1,0,0.,0.,0.,0.,0.25,0.5,0.75,1.,1.,1.,1.,1.,1.,1.,  0006095P0003658
1.,1.,1.,1.,13.917787263,2.235660172,-0.5,13.973187533,          0006095P0003659
2.13970409,-0.44879155,14.081464269,1.952163281,-0.359724234,    0006095P0003660
14.235236611,1.685821772,-0.267036579,14.383471429,1.429071536,  0006095P0003661
-0.212197535,14.481551293,1.259192228,-0.2,14.530159699,1.175,   0006095P0003662
-0.2,0.,1.,0.866025404,0.5,1.516428608E-11;                      0006095P0003663
126,5,3,1,0,1,0,0.,0.,0.,0.,0.333333333,0.666666667,1.,1.,1.,1., 0006097P0003664
1.,1.,1.,1.,1.,1.,14.530159699,1.175,-0.2,14.594702893,          0006097P0003665
1.063207909,-0.2,14.726063301,0.835685008,-0.22182726,           0006097P0003666
14.925078874,0.490979925,-0.318885307,15.068767496,0.24210393,   0006097P0003667
-0.431816707,15.142532135,0.114339828,-0.5,0.,1.,-0.866025404,   0006097P0003668
-0.5,1.961789E-11;                                               0006097P0003669
110,15.142532135,0.114339828,-0.5,15.142532135,0.114339828,-6.;  0006099P0003670
144,6103,1,0,6105;                                               0006101P0003671
108,-0.,1.,-0.,2.35,0,11.138226867,2.35,-0.2,0.;                 0006103P0003672
142,0,6103,0,6107,2;                                             0006105P0003673
102,5,6109,6111,6113,6115,6117;                                  0006107P0003674
110,13.719744871,2.35,-6.,11.270255129,2.35,-6.;                 0006109P0003675
110,11.270255129,2.35,-6.,11.270255129,2.35,-0.5;                0006111P0003676
126,6,3,1,0,1,0,0.,0.,0.,0.,0.25,0.5,0.75,1.,1.,1.,1.,1.,1.,1.,  0006113P0003677
1.,1.,1.,1.,11.270255129,2.35,-0.5,11.381055668,2.35,            0006113P0003678
-0.44879155,11.597609141,2.35,-0.359724234,11.905153825,2.35,    0006113P0003679
-0.267036579,12.201623461,2.35,-0.212197535,12.397783189,2.35,   0006113P0003680
-0.2,12.495,2.35,-0.2,0.,1.,-4.530439196E-16,1.,0.;              0006113P0003681
126,5,3,1,0,1,0,0.,0.,0.,0.,0.333333333,0.666666667,1.,1.,1.,1., 0006115P0003682
1.,1.,1.,1.,1.,1.,12.495,2.35,-0.2,12.624086388,2.35,-0.2,       0006115P0003683
12.886807203,2.35,-0.22182726,13.284838349,2.35,-0.318885307,    0006115P0003684
13.572215594,2.35,-0.431816707,13.719744871,2.35,-0.5,0.,1.,     0006115P0003685
8.780722405E-16,1.,0.;                                           0006115P0003686
110,13.719744871,2.35,-0.5,13.719744871,2.35,-6.;                0006117P0003687
144,6121,1,0,6123;                                               0006119P0003688
108,-0.866025404,-0.5,-0.,-8.47098742,0,11.138226867,-2.35,-0.2, 0006121P0003689
0.;                                                              0006121P0003690
142,0,6121,0,6125,2;                                             0006123P0003691
102,5,6127,6129,6131,6133,6135;                                  0006125P0003692
110,9.847467865,-0.114339828,-6.,11.072212737,-2.235660172,-6.;  0006127P0003693
110,11.072212737,-2.235660172,-6.,11.072212737,-2.235660172,     0006129P0003694
-0.5;                                                            0006129P0003695
126,6,3,1,0,1,0,0.,0.,0.,0.,0.25,0.5,0.75,1.,1.,1.,1.,1.,1.,1.,  0006131P0003696
1.,1.,1.,1.,11.072212737,-2.235660172,-0.5,11.016812467,         0006131P0003697
-2.13970409,-0.44879155,10.908535731,-1.952163281,-0.359724234,  0006131P0003698
10.754763389,-1.685821772,-0.267036579,10.606528571,             0006131P0003699
-1.429071536,-0.212197535,10.508448707,-1.259192228,-0.2,        0006131P0003700
10.459840301,-1.175,-0.2,0.,1.,-0.866025404,-0.5,                0006131P0003701
1.514978867E-11;                                                 0006131P0003702
126,5,3,1,0,1,0,0.,0.,0.,0.,0.333333333,0.666666667,1.,1.,1.,1., 0006133P0003703
1.,1.,1.,1.,1.,1.,10.459840301,-1.175,-0.2,10.395297107,         0006133P0003704
-1.063207909,-0.2,10.263936699,-0.835685008,-0.22182726,         0006133P0003705
10.064921126,-0.490979925,-0.318885307,9.921232504,-0.24210393,  0006133P0003706
-0.431816707,9.847467865,-0.114339828,-0.5,0.,1.,0.866025404,    0006133P0003707
0.5,3.568485585E-11;                                             0006133P0003708
110,9.847467865,-0.114339828,-0.5,9.847467865,-0.114339828,-6.;  0006135P0003709
144,6139,1,0,6147;                                               0006137P0003710
120,6143,6145,5.192827252,5.27914826;                            0006139P0003711
124,1.,0.,0.,-12.495,0.,-1.,0.,0.,0.,0.,-1.,-13.85;              0006141P0003712
110,0.,0.,1.,0.,0.,0.;                                           0006143P0003713
110,2.65,0.,-13.35,2.65,0.,-7.85;                                0006145P0003714
142,0,6139,6149,6159,3;                                          0006147P0003715
102,4,6151,6153,6155,6157;                                       0006149P0003716
110,1.,5.192827252,0.,1.,5.27914826,0.;                          0006151P0003717
110,1.,5.27914826,0.,-4.0534729E-17,5.27914826,0.;               0006153P0003718
110,-4.0534729E-17,5.27914826,0.,-4.401965883E-17,5.192827252,   0006155P0003719
0.;                                                              0006155P0003720
110,-4.401965883E-17,5.192827252,0.,1.,5.192827252,0.;           0006157P0003721
102,4,6161,6165,6167,6171;                                       0006159P0003722
100,0.,0.,0.,2.640133135,-0.228466694,2.65,-1.776356839E-15;     0006161P0003723
124,0.536900854,0.843645348,-0.,-12.495,-0.843645348,            0006163P0003724
0.536900854,0.,0.,0.,0.,1.,-6.;                                  0006163P0003725
110,-11.072212737,-2.235660172,-6.,-11.072212737,-2.235660172,   0006165P0003726
-0.5;                                                            0006165P0003727
100,0.,0.,0.,2.640133135,-0.228466694,2.65,0.;                   0006167P0003728
124,0.462167876,-0.886792453,0.,-12.495,-0.886792453,            0006169P0003729
-0.462167876,0.,0.,0.,0.,-1.,-0.5;                               0006169P0003730
110,-11.270255129,-2.35,-0.5,-11.270255129,-2.35,-6.;            0006171P0003731
144,6175,1,0,6183;                                               0006173P0003732
120,6179,6181,4.145629701,4.231950709;                           0006175P0003733
124,1.,0.,0.,-12.495,0.,-1.,0.,0.,0.,0.,-1.,-13.85;              0006177P0003734
110,0.,0.,1.,0.,0.,0.;                                           0006179P0003735
110,2.65,0.,-13.35,2.65,0.,-7.85;                                0006181P0003736
142,0,6175,6185,6195,3;                                          0006183P0003737
102,4,6187,6189,6191,6193;                                       0006185P0003738
110,1.,4.145629701,0.,1.,4.231950709,0.;                         0006187P0003739
110,1.,4.231950709,0.,-8.281192292E-17,4.231950709,0.;           0006189P0003740
110,-8.281192292E-17,4.231950709,0.,-8.629685274E-17,            0006191P0003741
4.145629701,0.;                                                  0006191P0003742
110,-8.629685274E-17,4.145629701,0.,1.,4.145629701,0.;           0006193P0003743
102,4,6197,6201,6203,6207;                                       0006195P0003744
100,0.,0.,0.,2.640133135,-0.228466694,2.65,0.;                   0006197P0003745
124,-0.462167876,0.886792453,-0.,-12.495,-0.886792453,           0006199P0003746
-0.462167876,0.,0.,-0.,0.,1.,-6.;                                0006199P0003747
110,-13.719744871,-2.35,-6.,-13.719744871,-2.35,-0.5;            0006201P0003748
100,0.,0.,0.,2.640133135,-0.228466694,2.65,0.;                   0006203P0003749
124,-0.536900854,-0.843645348,0.,-12.495,-0.843645348,           0006205P0003750
0.536900854,0.,0.,0.,0.,-1.,-0.5;                                0006205P0003751
110,-13.917787263,-2.235660172,-0.5,-13.917787263,-2.235660172,  0006207P0003752
-6.;                                                             0006207P0003753
144,6211,1,0,6219;                                               0006209P0003754
120,6215,6217,2.051234599,2.137555606;                           0006211P0003755
124,1.,0.,0.,-12.495,0.,-1.,0.,0.,0.,0.,-1.,-13.85;              0006213P0003756
110,0.,0.,1.,0.,0.,0.;                                           0006215P0003757
110,2.65,0.,-13.35,2.65,0.,-7.85;                                0006217P0003758
142,0,6211,6221,6231,3;                                          0006219P0003759
102,4,6223,6225,6227,6229;                                       0006221P0003760
110,1.,2.051234599,0.,1.,2.137555606,0.;                         0006223P0003761
110,1.,2.137555606,0.,-1.673663107E-16,2.137555606,0.;           0006225P0003762
110,-1.673663107E-16,2.137555606,0.,-1.708512406E-16,            0006227P0003763
2.051234599,0.;                                                  0006227P0003764
110,-1.708512406E-16,2.051234599,0.,1.,2.051234599,0.;           0006229P0003765
102,4,6233,6237,6239,6243;                                       0006231P0003766
100,0.,0.,0.,2.640133135,-0.228466694,2.65,0.;                   0006233P0003767
124,-0.536900854,-0.843645348,-0.,-12.495,0.843645348,           0006235P0003768
-0.536900854,0.,0.,0.,-0.,1.,-6.;                                0006235P0003769
110,-13.917787263,2.235660172,-6.,-13.917787263,2.235660172,     0006237P0003770
-0.5;                                                            0006237P0003771
100,0.,0.,0.,2.65,0.,2.640133135,0.228466694;                    0006239P0003772
124,-0.536900854,0.843645348,0.,-12.495,0.843645348,0.536900854, 0006241P0003773
0.,0.,0.,0.,-1.,-0.5;                                            0006241P0003774
110,-13.719744871,2.35,-0.5,-13.719744871,2.35,-6.;              0006243P0003775
144,6247,1,0,6255;                                               0006245P0003776
120,6251,6253,1.004037047,1.090358055;                           0006247P0003777
124,1.,0.,0.,-12.495,0.,-1.,0.,0.,0.,0.,-1.,-13.85;              0006249P0003778
110,0.,0.,1.,0.,0.,0.;                                           0006251P0003779
110,2.65,0.,-13.35,2.65,0.,-7.85;                                0006253P0003780
142,0,6247,6257,6267,3;                                          0006255P0003781
102,4,6259,6261,6263,6265;                                       0006257P0003782
110,-2.096435047E-16,1.090358055,0.,-2.131284345E-16,            0006259P0003783
1.004037047,0.;                                                  0006259P0003784
110,-2.131284345E-16,1.004037047,0.,1.,1.004037047,0.;           0006261P0003785
110,1.,1.004037047,0.,1.,1.090358055,0.;                         0006263P0003786
110,1.,1.090358055,0.,-2.096435047E-16,1.090358055,0.;           0006265P0003787
102,4,6269,6273,6275,6279;                                       0006267P0003788
100,0.,0.,0.,2.65,-1.776356839E-15,2.640133135,0.228466694;      0006269P0003789
124,0.462167876,0.886792453,0.,-12.495,0.886792453,-0.462167876, 0006271P0003790
0.,0.,0.,0.,-1.,-0.5;                                            0006271P0003791
110,-11.072212737,2.235660172,-0.5,-11.072212737,2.235660172,    0006273P0003792
-6.;                                                             0006273P0003793
100,0.,0.,0.,2.640133135,-0.228466694,2.65,0.;                   0006275P0003794
124,0.462167876,-0.886792453,-0.,-12.495,0.886792453,            0006277P0003795
0.462167876,0.,0.,0.,0.,1.,-6.;                                  0006277P0003796
110,-11.270255129,2.35,-6.,-11.270255129,2.35,-0.5;              0006279P0003797
144,6283,1,0,6291;                                               0006281P0003798
120,6287,6289,3.09843215,3.184753157;                            0006283P0003799
124,1.,0.,0.,-12.495,0.,-1.,0.,0.,0.,0.,-1.,-13.85;              0006285P0003800
110,0.,0.,1.,0.,0.,0.;                                           0006287P0003801
110,2.65,0.,-13.35,2.65,0.,-7.85;                                0006289P0003802
142,0,6283,6293,6303,3;                                          0006291P0003803
102,4,6295,6297,6299,6301;                                       0006293P0003804
110,-1.285740467E-16,3.09843215,0.,1.,3.09843215,0.;             0006295P0003805
110,1.,3.09843215,0.,1.,3.184753157,0.;                          0006297P0003806
110,1.,3.184753157,0.,-1.250891168E-16,3.184753157,0.;           0006299P0003807
110,-1.250891168E-16,3.184753157,0.,-1.285740467E-16,3.09843215, 0006301P0003808
0.;                                                              0006301P0003809
102,4,6305,6307,6311,6313;                                       0006303P0003810
110,-15.142532135,0.114339828,-0.5,-15.142532135,0.114339828,    0006305P0003811
-6.;                                                             0006305P0003812
100,0.,0.,0.,2.640133135,-0.228466694,2.65,-6.661338148E-16;     0006307P0003813
124,-0.99906873,4.314710499E-02,-0.,-12.495,-4.314710499E-02,    0006309P0003814
-0.99906873,0.,0.,-0.,0.,1.,-6.;                                 0006309P0003815
110,-15.142532135,-0.114339828,-6.,-15.142532135,-0.114339828,   0006311P0003816
-0.5;                                                            0006311P0003817
100,0.,0.,0.,2.65,0.,2.640133135,0.228466694;                    0006313P0003818
124,-0.99906873,-4.314710499E-02,0.,-12.495,-4.314710499E-02,    0006315P0003819
0.99906873,0.,0.,-0.,0.,-1.,-0.5;                                0006315P0003820
144,6319,1,0,6327;                                               0006317P0003821
120,6323,6325,-4.316050385E-02,4.316050385E-02;                  0006319P0003822
124,1.,0.,0.,-12.495,0.,-1.,0.,0.,0.,0.,-1.,-13.85;              0006321P0003823
110,0.,0.,1.,0.,0.,0.;                                           0006323P0003824
110,2.65,0.,-13.35,2.65,0.,-7.85;                                0006325P0003825
142,0,6319,6329,6341,3;                                          0006327P0003826
102,5,6331,6333,6335,6337,6339;                                  0006329P0003827
110,1.,4.316050385E-02,0.,-2.519206986E-16,4.316050385E-02,0.;   0006331P0003828
110,-2.519206986E-16,4.316050385E-02,0.,-2.536631635E-16,        0006333P0003829
1.61676228E-15,0.;                                               0006333P0003830
110,-2.536631635E-16,1.935951399E-15,0.,-2.554056284E-16,        0006335P0003831
-4.316050385E-02,0.;                                             0006335P0003832
110,-2.554056284E-16,-4.316050385E-02,0.,1.,-4.316050385E-02,0.; 0006337P0003833
110,1.,-4.316050385E-02,0.,1.,4.316050385E-02,0.;                0006339P0003834
102,5,6343,6345,6349,6353,6355;                                  0006341P0003835
110,-9.847467865,0.114339828,-6.,-9.847467865,0.114339828,-0.5;  0006343P0003836
100,0.,0.,0.,2.65,1.110223025E-16,2.647532135,0.114339828;       0006345P0003837
124,0.99906873,4.314710499E-02,0.,-12.495,4.314710499E-02,       0006347P0003838
-0.99906873,0.,0.,0.,0.,-1.,-0.5;                                0006347P0003839
100,0.,0.,0.,2.647532135,-0.114339828,2.65,-6.661338148E-16;     0006349P0003840
124,0.99906873,-4.314710499E-02,0.,-12.495,-4.314710499E-02,     0006351P0003841
-0.99906873,0.,0.,0.,0.,-1.,-0.5;                                0006351P0003842
110,-9.847467865,-0.114339828,-0.5,-9.847467865,-0.114339828,    0006353P0003843
-6.;                                                             0006353P0003844
100,0.,0.,0.,2.640133135,-0.228466694,2.65,-6.661338148E-16;     0006355P0003845
124,0.99906873,-4.314710499E-02,-0.,-12.495,4.314710499E-02,     0006357P0003846
0.99906873,0.,0.,0.,0.,1.,-6.;                                   0006357P0003847
144,6361,1,0,6363;                                               0006359P0003848
108,0.,-1.,0.,2.35,0,-13.851773133,-2.35,-0.2,0.;                0006361P0003849
142,0,6361,0,6365,2;                                             0006363P0003850
102,5,6367,6369,6371,6373,6375;                                  0006365P0003851
110,-11.270255129,-2.35,-6.,-11.270255129,-2.35,-0.5;            0006367P0003852
126,5,3,1,0,1,0,0.,0.,0.,0.,0.333333333,0.666666667,1.,1.,1.,1., 0006369P0003853
1.,1.,1.,1.,1.,1.,-11.270255129,-2.35,-0.5,-11.417784406,-2.35,  0006369P0003854
-0.431816707,-11.705161651,-2.35,-0.318885307,-12.103192797,     0006369P0003855
-2.35,-0.22182726,-12.365913612,-2.35,-0.2,-12.495,-2.35,-0.2,   0006369P0003856
0.,1.,4.390361202E-16,-1.,0.;                                    0006369P0003857
126,6,3,1,0,1,0,0.,0.,0.,0.,0.25,0.5,0.75,1.,1.,1.,1.,1.,1.,1.,  0006371P0003858
1.,1.,1.,1.,-12.495,-2.35,-0.2,-12.592216811,-2.35,-0.2,         0006371P0003859
-12.788376539,-2.35,-0.212197535,-13.084846175,-2.35,            0006371P0003860
-0.267036579,-13.392390859,-2.35,-0.359724234,-13.608944332,     0006371P0003861
-2.35,-0.44879155,-13.719744871,-2.35,-0.5,0.,1.,                0006371P0003862
-9.060878393E-16,-1.,0.;                                         0006371P0003863
110,-13.719744871,-2.35,-0.5,-13.719744871,-2.35,-6.;            0006373P0003864
110,-13.719744871,-2.35,-6.,-11.270255129,-2.35,-6.;             0006375P0003865
144,6379,1,0,6387;                                               0006377P0003866
120,6383,6385,2.617993878,3.665191429;                           0006379P0003867
124,1.,0.,0.,-12.495,0.,-1.,0.,0.,0.,0.,-1.,-0.35;               0006381P0003868
110,0.,0.,1.,0.,0.,0.;                                           0006383P0003869
110,2.349999832,0.,-0.150000168,2.65,0.,0.15;                    0006385P0003870
142,0,6379,6389,6399,3;                                          0006387P0003871
102,4,6391,6393,6395,6397;                                       0006389P0003872
126,24,3,1,0,1,0,0.,0.,0.,0.,4.545454545E-02,9.090909091E-02,    0006391P0003873
0.136363636,0.181818182,0.227272727,0.272727273,0.318181818,     0006391P0003874
0.363636364,0.409090909,0.454545455,0.5,0.545454545,0.590909091, 0006391P0003875
0.636363636,0.681818182,0.727272727,0.772727273,0.818181818,     0006391P0003876
0.863636364,0.909090909,0.954545455,1.,1.,1.,1.,1.,1.,1.,1.,1.,  0006391P0003877
1.,1.,1.,1.,1.,1.,1.,1.,1.,1.,1.,1.,1.,1.,1.,1.,1.,1.,1.,1.,     0006391P0003878
5.602547124E-07,2.617993878,0.,-1.914308488E-15,2.625484354,0.,  0006391P0003879
1.336732795E-03,2.640501415,0.,7.368299498E-03,2.663101477,0.,   0006391P0003880
1.744191818E-02,2.685742245,0.,3.156380425E-02,2.70838963,0.,    0006391P0003881
4.973416656E-02,2.731009771,0.,7.194550293E-02,2.753568748,0.,   0006391P0003882
9.818609874E-02,2.776034692,0.,0.128428121,2.798371098,0.,       0006391P0003883
0.162692672,2.820574856,0.,0.201033808,2.84265803,0.,            0006391P0003884
0.243507329,2.864628603,0.,0.29017807,2.886494956,0.,0.34111844, 0006391P0003885
2.908264785,0.,0.396405804,2.929944136,0.,0.456133122,           0006391P0003886
2.951541601,0.,0.520364056,2.973050434,0.,0.589081516,           0006391P0003887
2.994434415,0.,0.662274001,3.015663938,0.,0.739920157,           0006391P0003888
3.036709576,0.,0.821993048,3.057544064,0.,0.908460016,           0006391P0003889
3.078141684,0.,0.96900716,3.091700179,0.,1.,3.09843215,0.,0.,1., 0006391P0003890
-0.,-0.,1.;                                                      0006391P0003891
110,1.,3.09843215,0.,1.,3.184753157,0.;                          0006393P0003892
126,24,3,1,0,1,0,0.,0.,0.,0.,4.545454545E-02,9.090909091E-02,    0006395P0003893
0.136363636,0.181818182,0.227272727,0.272727273,0.318181818,     0006395P0003894
0.363636364,0.409090909,0.454545455,0.5,0.545454545,0.590909091, 0006395P0003895
0.636363636,0.681818182,0.727272727,0.772727273,0.818181818,     0006395P0003896
0.863636364,0.909090909,0.954545455,1.,1.,1.,1.,1.,1.,1.,1.,1.,  0006395P0003897
1.,1.,1.,1.,1.,1.,1.,1.,1.,1.,1.,1.,1.,1.,1.,1.,1.,1.,1.,1.,1.,  0006395P0003898
3.184753157,0.,0.968964249,3.191494505,0.,0.908360267,           0006395P0003899
3.205063985,0.,0.821881242,3.225658002,0.,0.739855053,           0006395P0003900
3.246471926,0.,0.662302348,3.267483544,0.,0.589237289,           0006395P0003901
3.288669974,0.,0.5206779,3.310004521,0.,0.456596162,3.331470531, 0006395P0003902
0.,0.396923655,3.353062487,0.,0.341602695,3.374772568,0.,        0006395P0003903
0.290575097,3.396593639,0.,0.243785345,3.418518466,0.,           0006395P0003904
0.201179681,3.4405399,0.,0.162718845,3.462657334,0.,0.128368313, 0006395P0003905
3.484870388,0.,9.809793464E-02,3.507179162,0.,7.188324197E-02,   0006395P0003906
3.529582874,0.,4.970117169E-02,3.552084596,0.,3.154975145E-02,   0006395P0003907
3.574669473,0.,1.743910718E-02,3.597304218,0.,7.369690479E-03,   0006395P0003908
3.619958888,0.,1.337734284E-03,3.642602297,0.,8.061812639E-08,   0006395P0003909
3.657669834,0.,5.60254713E-07,3.665191429,0.,0.,1.,-0.,-0.,1.;   0006395P0003910
110,5.602596638E-07,3.665191429,0.,5.602596632E-07,2.617993878,  0006397P0003911
0.;                                                              0006397P0003912
102,4,6401,6403,6407,6409;                                       0006399P0003913
126,5,3,1,0,1,0,0.,0.,0.,0.,0.333333333,0.666666667,1.,1.,1.,1., 0006401P0003914
1.,1.,1.,1.,1.,1.,-14.530159699,1.175,-0.2,-14.594702893,        0006401P0003915
1.063207909,-0.2,-14.726063301,0.835685008,-0.22182726,          0006401P0003916
-14.925078874,0.490979925,-0.318885307,-15.068767496,0.24210393, 0006401P0003917
-0.431816707,-15.142532135,0.114339828,-0.5,0.,1.,0.866025404,   0006401P0003918
-0.5,1.961789E-11;                                               0006401P0003919
100,0.,0.,0.,2.640133135,-0.228466694,2.65,-6.661338148E-16;     0006403P0003920
124,-0.99906873,4.314710499E-02,-0.,-12.495,-4.314710499E-02,    0006405P0003921
-0.99906873,0.,0.,-0.,0.,1.,-0.5;                                0006405P0003922
126,6,3,1,0,1,0,0.,0.,0.,0.,0.25,0.5,0.75,1.,1.,1.,1.,1.,1.,1.,  0006407P0003923
1.,1.,1.,1.,-15.142532135,-0.114339828,-0.5,-15.087131865,       0006407P0003924
-0.21029591,-0.44879155,-14.978855129,-0.397836719,-0.359724234, 0006407P0003925
-14.825082786,-0.664178228,-0.267036579,-14.676847968,           0006407P0003926
-0.920928464,-0.212197535,-14.578768105,-1.090807772,-0.2,       0006407P0003927
-14.530159699,-1.175,-0.2,0.,1.,0.866025404,0.5,1.566444656E-11; 0006407P0003928
100,0.,0.,0.,1.175,-2.035159699,2.35,-8.881784197E-16;           0006409P0003929
124,-0.866025404,0.5,0.,-12.495,0.5,0.866025404,0.,0.,0.,0.,-1., 0006411P0003930
-0.2;                                                            0006411P0003931
144,6415,1,0,6423;                                               0006413P0003932
120,6419,6421,0.523598776,1.570796327;                           0006415P0003933
124,1.,0.,0.,-12.495,0.,-1.,0.,0.,0.,0.,-1.,-0.35;               0006417P0003934
110,0.,0.,1.,0.,0.,0.;                                           0006419P0003935
110,2.349999832,0.,-0.150000168,2.65,0.,0.15;                    0006421P0003936
142,0,6415,6425,6435,3;                                          0006423P0003937
102,4,6427,6429,6431,6433;                                       0006425P0003938
110,5.602605094E-07,1.570796327,0.,5.60260508E-07,0.523598776,   0006427P0003939
0.;                                                              0006427P0003940
126,24,3,1,0,1,0,0.,0.,0.,0.,4.545454545E-02,9.090909091E-02,    0006429P0003941
0.136363636,0.181818182,0.227272727,0.272727273,0.318181818,     0006429P0003942
0.363636364,0.409090909,0.454545455,0.5,0.545454545,0.590909091, 0006429P0003943
0.636363636,0.681818182,0.727272727,0.772727273,0.818181818,     0006429P0003944
0.863636364,0.909090909,0.954545455,1.,1.,1.,1.,1.,1.,1.,1.,1.,  0006429P0003945
1.,1.,1.,1.,1.,1.,1.,1.,1.,1.,1.,1.,1.,1.,1.,1.,1.,1.,1.,1.,     0006429P0003946
5.602555543E-07,0.523598776,0.,-3.010439193E-15,0.531089251,0.,  0006429P0003947
1.336732794E-03,0.546106312,0.,7.368299496E-03,0.568706374,0.,   0006429P0003948
1.744191818E-02,0.591347143,0.,3.156380425E-02,0.613994527,0.,   0006429P0003949
4.973416656E-02,0.636614668,0.,7.194550293E-02,0.659173646,0.,   0006429P0003950
9.818609874E-02,0.681639589,0.,0.128428121,0.703975996,0.,       0006429P0003951
0.162692672,0.726179753,0.,0.201033808,0.748262928,0.,           0006429P0003952
0.243507329,0.770233501,0.,0.29017807,0.792099854,0.,0.34111844, 0006429P0003953
0.813869683,0.,0.396405804,0.835549034,0.,0.456133122,           0006429P0003954
0.857146498,0.,0.520364056,0.878655332,0.,0.589081516,           0006429P0003955
0.900039313,0.,0.662274001,0.921268835,0.,0.739920157,           0006429P0003956
0.942314474,0.,0.821993048,0.963148961,0.,0.908460016,           0006429P0003957
0.983746582,0.,0.96900716,0.997305077,0.,1.,1.004037047,0.,0.,   0006429P0003958
1.,-0.,-0.,1.;                                                   0006429P0003959
110,1.,1.004037047,0.,1.,1.090358055,0.;                         0006431P0003960
126,24,3,1,0,1,0,0.,0.,0.,0.,4.545454545E-02,9.090909091E-02,    0006433P0003961
0.136363636,0.181818182,0.227272727,0.272727273,0.318181818,     0006433P0003962
0.363636364,0.409090909,0.454545455,0.5,0.545454545,0.590909091, 0006433P0003963
0.636363636,0.681818182,0.727272727,0.772727273,0.818181818,     0006433P0003964
0.863636364,0.909090909,0.954545455,1.,1.,1.,1.,1.,1.,1.,1.,1.,  0006433P0003965
1.,1.,1.,1.,1.,1.,1.,1.,1.,1.,1.,1.,1.,1.,1.,1.,1.,1.,1.,1.,1.,  0006433P0003966
1.090358055,0.,0.968964249,1.097099403,0.,0.908360267,           0006433P0003967
1.110668882,0.,0.821881242,1.1312629,0.,0.739855053,1.152076824, 0006433P0003968
0.,0.662302348,1.173088442,0.,0.589237289,1.194274871,0.,        0006433P0003969
0.5206779,1.215609418,0.,0.456596162,1.237075428,0.,0.396923655, 0006433P0003970
1.258667385,0.,0.341602695,1.280377465,0.,0.290575097,           0006433P0003971
1.302198536,0.,0.243785345,1.324123363,0.,0.201179681,           0006433P0003972
1.346144798,0.,0.162718845,1.368262231,0.,0.128368313,           0006433P0003973
1.390475285,0.,9.809793464E-02,1.412784059,0.,7.188324198E-02,   0006433P0003974
1.435187772,0.,4.970117169E-02,1.457689493,0.,3.154975145E-02,   0006433P0003975
1.480274371,0.,1.743910718E-02,1.502909116,0.,7.36969048E-03,    0006433P0003976
1.525563786,0.,1.337734286E-03,1.548207195,0.,8.062241551E-08,   0006433P0003977
1.563274732,0.,5.602605094E-07,1.570796327,0.,0.,1.,-0.,-0.,1.;  0006433P0003978
102,4,6437,6441,6443,6447;                                       0006435P0003979
100,0.,0.,0.,2.35,0.,1.175,2.035159699;                          0006437P0003980
124,0.,1.,0.,-12.495,1.,0.,0.,0.,0.,0.,-1.,-0.2;                 0006439P0003981
126,5,3,1,0,1,0,0.,0.,0.,0.,0.333333333,0.666666667,1.,1.,1.,1., 0006441P0003982
1.,1.,1.,1.,1.,1.,-10.459840301,1.175,-0.2,-10.524383495,        0006441P0003983
1.286792091,-0.2,-10.655743903,1.514314992,-0.22182726,          0006441P0003984
-10.854759476,1.859020075,-0.318885307,-10.998448098,2.10789607, 0006441P0003985
-0.431816707,-11.072212737,2.235660172,-0.5,0.,1.,-0.866025404,  0006441P0003986
-0.5,2.729750981E-11;                                            0006441P0003987
100,0.,0.,0.,2.640133135,-0.228466694,2.65,0.;                   0006443P0003988
124,0.462167876,-0.886792453,-0.,-12.495,0.886792453,            0006445P0003989
0.462167876,0.,0.,0.,0.,1.,-0.5;                                 0006445P0003990
126,6,3,1,0,1,0,0.,0.,0.,0.,0.25,0.5,0.75,1.,1.,1.,1.,1.,1.,1.,  0006447P0003991
1.,1.,1.,1.,-11.270255129,2.35,-0.5,-11.381055668,2.35,          0006447P0003992
-0.44879155,-11.597609141,2.35,-0.359724234,-11.905153825,2.35,  0006447P0003993
-0.267036579,-12.201623461,2.35,-0.212197535,-12.397783189,2.35, 0006447P0003994
-0.2,-12.495,2.35,-0.2,0.,1.,-4.530439196E-16,-1.,0.;            0006447P0003995
144,6451,1,0,6459;                                               0006449P0003996
120,6455,6457,1.570796327,2.617993878;                           0006451P0003997
124,1.,0.,0.,-12.495,0.,-1.,0.,0.,0.,0.,-1.,-0.35;               0006453P0003998
110,0.,0.,1.,0.,0.,0.;                                           0006455P0003999
110,2.349999832,0.,-0.150000168,2.65,0.,0.15;                    0006457P0004000
142,0,6451,6461,6471,3;                                          0006459P0004001
102,4,6463,6465,6467,6469;                                       0006461P0004002
110,1.,2.051234599,0.,1.,2.137555606,0.;                         0006463P0004003
126,24,3,1,0,1,0,0.,0.,0.,0.,4.545454545E-02,9.090909091E-02,    0006465P0004004
0.136363636,0.181818182,0.227272727,0.272727273,0.318181818,     0006465P0004005
0.363636364,0.409090909,0.454545455,0.5,0.545454545,0.590909091, 0006465P0004006
0.636363636,0.681818182,0.727272727,0.772727273,0.818181818,     0006465P0004007
0.863636364,0.909090909,0.954545455,1.,1.,1.,1.,1.,1.,1.,1.,1.,  0006465P0004008
1.,1.,1.,1.,1.,1.,1.,1.,1.,1.,1.,1.,1.,1.,1.,1.,1.,1.,1.,1.,1.,  0006465P0004009
2.137555606,0.,0.968964249,2.144296954,0.,0.908360267,           0006465P0004010
2.157866433,0.,0.821881242,2.178460451,0.,0.739855053,           0006465P0004011
2.199274375,0.,0.662302348,2.220285993,0.,0.589237289,           0006465P0004012
2.241472422,0.,0.5206779,2.262806969,0.,0.456596162,2.28427298,  0006465P0004013
0.,0.396923655,2.305864936,0.,0.341602695,2.327575016,0.,        0006465P0004014
0.290575097,2.349396087,0.,0.243785345,2.371320914,0.,           0006465P0004015
0.201179681,2.393342349,0.,0.162718845,2.415459782,0.,           0006465P0004016
0.128368313,2.437672837,0.,9.809793464E-02,2.45998161,0.,        0006465P0004017
7.188324197E-02,2.482385323,0.,4.970117168E-02,2.504887044,0.,   0006465P0004018
3.154975144E-02,2.527471922,0.,1.743910717E-02,2.550106667,0.,   0006465P0004019
7.369690474E-03,2.572761337,0.,1.337734279E-03,2.595404746,0.,   0006465P0004020
8.061419028E-08,2.610472283,0.,5.602511652E-07,2.617993878,0.,   0006465P0004021
0.,1.,-0.,-0.,1.;                                                0006465P0004022
110,5.60256116E-07,2.617993878,0.,5.60256117E-07,1.570796327,0.; 0006467P0004023
126,24,3,1,0,1,0,0.,0.,0.,0.,4.545454545E-02,9.090909091E-02,    0006469P0004024
0.136363636,0.181818182,0.227272727,0.272727273,0.318181818,     0006469P0004025
0.363636364,0.409090909,0.454545455,0.5,0.545454545,0.590909091, 0006469P0004026
0.636363636,0.681818182,0.727272727,0.772727273,0.818181818,     0006469P0004027
0.863636364,0.909090909,0.954545455,1.,1.,1.,1.,1.,1.,1.,1.,1.,  0006469P0004028
1.,1.,1.,1.,1.,1.,1.,1.,1.,1.,1.,1.,1.,1.,1.,1.,1.,1.,1.,1.,     0006469P0004029
5.602561163E-07,1.570796327,0.,-2.462373841E-15,1.578286803,0.,  0006469P0004030
1.336732793E-03,1.593303864,0.,7.368299494E-03,1.615903926,0.,   0006469P0004031
1.744191817E-02,1.638544694,0.,3.156380425E-02,1.661192079,0.,   0006469P0004032
4.973416655E-02,1.68381222,0.,7.194550292E-02,1.706371197,0.,    0006469P0004033
9.818609874E-02,1.72883714,0.,0.128428121,1.751173547,0.,        0006469P0004034
0.162692672,1.773377305,0.,0.201033808,1.795460479,0.,           0006469P0004035
0.243507329,1.817431052,0.,0.29017807,1.839297405,0.,0.34111844, 0006469P0004036
1.861067234,0.,0.396405804,1.882746585,0.,0.456133122,           0006469P0004037
1.90434405,0.,0.520364056,1.925852883,0.,0.589081516,            0006469P0004038
1.947236864,0.,0.662274001,1.968466387,0.,0.739920157,           0006469P0004039
1.989512025,0.,0.821993048,2.010346513,0.,0.908460016,           0006469P0004040
2.030944133,0.,0.96900716,2.044502628,0.,1.,2.051234599,0.,0.,   0006469P0004041
1.,-0.,-0.,1.;                                                   0006469P0004042
102,4,6473,6477,6479,6483;                                       0006471P0004043
100,0.,0.,0.,2.640133135,-0.228466694,2.65,0.;                   0006473P0004044
124,-0.536900854,-0.843645348,-0.,-12.495,0.843645348,           0006475P0004045
-0.536900854,0.,0.,0.,-0.,1.,-0.5;                               0006475P0004046
126,6,3,1,0,1,0,0.,0.,0.,0.,0.25,0.5,0.75,1.,1.,1.,1.,1.,1.,1.,  0006477P0004047
1.,1.,1.,1.,-13.917787263,2.235660172,-0.5,-13.973187533,        0006477P0004048
2.13970409,-0.44879155,-14.081464269,1.952163281,-0.359724234,   0006477P0004049
-14.235236611,1.685821772,-0.267036579,-14.383471429,            0006477P0004050
1.429071536,-0.212197535,-14.481551293,1.259192228,-0.2,         0006477P0004051
-14.530159699,1.175,-0.2,0.,1.,-0.866025404,0.5,1.516428608E-11; 0006477P0004052
100,0.,0.,0.,2.35,8.881784197E-16,1.175,2.035159699;             0006479P0004053
124,-0.866025404,0.5,0.,-12.495,0.5,0.866025404,0.,0.,0.,0.,-1., 0006481P0004054
-0.2;                                                            0006481P0004055
126,5,3,1,0,1,0,0.,0.,0.,0.,0.333333333,0.666666667,1.,1.,1.,1., 0006483P0004056
1.,1.,1.,1.,1.,1.,-12.495,2.35,-0.2,-12.624086388,2.35,-0.2,     0006483P0004057
-12.886807203,2.35,-0.22182726,-13.284838349,2.35,-0.318885307,  0006483P0004058
-13.572215594,2.35,-0.431816707,-13.719744871,2.35,-0.5,0.,1.,   0006483P0004059
8.780722405E-16,-1.,0.;                                          0006483P0004060
144,6487,1,0,6495;                                               0006485P0004061
120,6491,6493,3.665191429,4.71238898;                            0006487P0004062
124,1.,0.,0.,-12.495,0.,-1.,0.,0.,0.,0.,-1.,-0.35;               0006489P0004063
110,0.,0.,1.,0.,0.,0.;                                           0006491P0004064
110,2.349999832,0.,-0.150000168,2.65,0.,0.15;                    0006493P0004065
142,0,6487,6497,6507,3;                                          0006495P0004066
102,4,6499,6501,6503,6505;                                       0006497P0004067
110,1.,4.145629701,0.,1.,4.231950709,0.;                         0006499P0004068
126,24,3,1,0,1,0,0.,0.,0.,0.,4.545454545E-02,9.090909091E-02,    0006501P0004069
0.136363636,0.181818182,0.227272727,0.272727273,0.318181818,     0006501P0004070
0.363636364,0.409090909,0.454545455,0.5,0.545454545,0.590909091, 0006501P0004071
0.636363636,0.681818182,0.727272727,0.772727273,0.818181818,     0006501P0004072
0.863636364,0.909090909,0.954545455,1.,1.,1.,1.,1.,1.,1.,1.,1.,  0006501P0004073
1.,1.,1.,1.,1.,1.,1.,1.,1.,1.,1.,1.,1.,1.,1.,1.,1.,1.,1.,1.,1.,  0006501P0004074
4.231950709,0.,0.968964249,4.238692056,0.,0.908360267,           0006501P0004075
4.252261536,0.,0.821881242,4.272855553,0.,0.739855053,           0006501P0004076
4.293669477,0.,0.662302348,4.314681096,0.,0.589237289,           0006501P0004077
4.335867525,0.,0.5206779,4.357202072,0.,0.456596162,4.378668082, 0006501P0004078
0.,0.396923655,4.400260038,0.,0.341602695,4.421970119,0.,        0006501P0004079
0.290575097,4.44379119,0.,0.243785345,4.465716017,0.,            0006501P0004080
0.201179681,4.487737451,0.,0.162718845,4.509854885,0.,           0006501P0004081
0.128368313,4.532067939,0.,9.809793464E-02,4.554376713,0.,       0006501P0004082
7.188324198E-02,4.576780426,0.,4.970117169E-02,4.599282147,0.,   0006501P0004083
3.154975145E-02,4.621867024,0.,1.743910718E-02,4.644501769,0.,   0006501P0004084
7.36969048E-03,4.66715644,0.,1.337734286E-03,4.689799848,0.,     0006501P0004085
8.062241362E-08,4.704867386,0.,5.602605075E-07,4.71238898,0.,0., 0006501P0004086
1.,-0.,-0.,1.;                                                   0006501P0004087
110,5.602605082E-07,4.71238898,0.,5.602605061E-07,3.665191429,   0006503P0004088
0.;                                                              0006503P0004089
126,24,3,1,0,1,0,0.,0.,0.,0.,4.545454545E-02,9.090909091E-02,    0006505P0004090
0.136363636,0.181818182,0.227272727,0.272727273,0.318181818,     0006505P0004091
0.363636364,0.409090909,0.454545455,0.5,0.545454545,0.590909091, 0006505P0004092
0.636363636,0.681818182,0.727272727,0.772727273,0.818181818,     0006505P0004093
0.863636364,0.909090909,0.954545455,1.,1.,1.,1.,1.,1.,1.,1.,1.,  0006505P0004094
1.,1.,1.,1.,1.,1.,1.,1.,1.,1.,1.,1.,1.,1.,1.,1.,1.,1.,1.,1.,     0006505P0004095
5.602555553E-07,3.665191429,0.,-1.366243136E-15,3.672681905,0.,  0006505P0004096
1.336732794E-03,3.687698966,0.,7.368299496E-03,3.710299028,0.,   0006505P0004097
1.744191818E-02,3.732939796,0.,3.156380425E-02,3.755587181,0.,   0006505P0004098
4.973416656E-02,3.778207322,0.,7.194550293E-02,3.800766299,0.,   0006505P0004099
9.818609874E-02,3.823232243,0.,0.128428121,3.845568649,0.,       0006505P0004100
0.162692672,3.867772407,0.,0.201033808,3.889855581,0.,           0006505P0004101
0.243507329,3.911826154,0.,0.29017807,3.933692507,0.,0.34111844, 0006505P0004102
3.955462337,0.,0.396405804,3.977141688,0.,0.456133122,           0006505P0004103
3.998739152,0.,0.520364056,4.020247985,0.,0.589081516,           0006505P0004104
4.041631967,0.,0.662274001,4.062861489,0.,0.739920157,           0006505P0004105
4.083907127,0.,0.821993048,4.104741615,0.,0.908460016,           0006505P0004106
4.125339235,0.,0.96900716,4.13889773,0.,1.,4.145629701,0.,0.,1., 0006505P0004107
-0.,-0.,1.;                                                      0006505P0004108
102,4,6509,6513,6515,6519;                                       0006507P0004109
100,0.,0.,0.,2.65,0.,2.640133135,0.228466694;                    0006509P0004110
124,-0.536900854,0.843645348,0.,-12.495,-0.843645348,            0006511P0004111
-0.536900854,0.,0.,0.,0.,1.,-0.5;                                0006511P0004112
126,6,3,1,0,1,0,0.,0.,0.,0.,0.25,0.5,0.75,1.,1.,1.,1.,1.,1.,1.,  0006513P0004113
1.,1.,1.,1.,-13.719744871,-2.35,-0.5,-13.608944332,-2.35,        0006513P0004114
-0.44879155,-13.392390859,-2.35,-0.359724234,-13.084846175,      0006513P0004115
-2.35,-0.267036579,-12.788376539,-2.35,-0.212197535,             0006513P0004116
-12.592216811,-2.35,-0.2,-12.495,-2.35,-0.2,0.,1.,               0006513P0004117
4.530439196E-16,1.,0.;                                           0006513P0004118
100,0.,0.,0.,1.175,-2.035159699,2.35,-8.881784197E-16;           0006515P0004119
124,-0.866025404,-0.5,0.,-12.495,-0.5,0.866025404,0.,0.,0.,0.,   0006517P0004120
-1.,-0.2;                                                        0006517P0004121
126,5,3,1,0,1,0,0.,0.,0.,0.,0.333333333,0.666666667,1.,1.,1.,1., 0006519P0004122
1.,1.,1.,1.,1.,1.,-14.530159699,-1.175,-0.2,-14.465616505,       0006519P0004123
-1.286792091,-0.2,-14.334256097,-1.514314992,-0.22182726,        0006519P0004124
-14.135240524,-1.859020075,-0.318885307,-13.991551902,           0006519P0004125
-2.10789607,-0.431816707,-13.917787263,-2.235660172,-0.5,0.,1.,  0006519P0004126
0.866025404,0.5,2.736775559E-11;                                 0006519P0004127
144,6523,1,0,6531;                                               0006521P0004128
120,6527,6529,4.71238898,5.759586532;                            0006523P0004129
124,1.,0.,0.,-12.495,0.,-1.,0.,0.,0.,0.,-1.,-0.35;               0006525P0004130
110,0.,0.,1.,0.,0.,0.;                                           0006527P0004131
110,2.349999832,0.,-0.150000168,2.65,0.,0.15;                    0006529P0004132
142,0,6523,6533,6543,3;                                          0006531P0004133
102,4,6535,6537,6539,6541;                                       0006533P0004134
110,1.,5.192827252,0.,1.,5.27914826,0.;                          0006535P0004135
126,24,3,1,0,1,0,0.,0.,0.,0.,4.545454545E-02,9.090909091E-02,    0006537P0004136
0.136363636,0.181818182,0.227272727,0.272727273,0.318181818,     0006537P0004137
0.363636364,0.409090909,0.454545455,0.5,0.545454545,0.590909091, 0006537P0004138
0.636363636,0.681818182,0.727272727,0.772727273,0.818181818,     0006537P0004139
0.863636364,0.909090909,0.954545455,1.,1.,1.,1.,1.,1.,1.,1.,1.,  0006537P0004140
1.,1.,1.,1.,1.,1.,1.,1.,1.,1.,1.,1.,1.,1.,1.,1.,1.,1.,1.,1.,1.,  0006537P0004141
5.27914826,0.,0.968964249,5.285889607,0.,0.908360267,            0006537P0004142
5.299459087,0.,0.821881242,5.320053104,0.,0.739855053,           0006537P0004143
5.340867028,0.,0.662302348,5.361878647,0.,0.589237289,           0006537P0004144
5.383065076,0.,0.5206779,5.404399623,0.,0.456596162,5.425865633, 0006537P0004145
0.,0.396923655,5.447457589,0.,0.341602695,5.46916767,0.,         0006537P0004146
0.290575097,5.490988741,0.,0.243785345,5.512913568,0.,           0006537P0004147
0.201179681,5.534935002,0.,0.162718845,5.557052436,0.,           0006537P0004148
0.128368313,5.57926549,0.,9.809793464E-02,5.601574264,0.,        0006537P0004149
7.188324197E-02,5.623977977,0.,4.970117168E-02,5.646479698,0.,   0006537P0004150
3.154975144E-02,5.669064576,0.,1.743910717E-02,5.691699321,0.,   0006537P0004151
7.369690474E-03,5.714353991,0.,1.337734279E-03,5.736997399,0.,   0006537P0004152
8.061418872E-08,5.752064937,0.,5.602511649E-07,5.759586532,0.,   0006537P0004153
0.,1.,-0.,-0.,1.;                                                0006537P0004154
110,5.60256118E-07,5.759586532,0.,5.602561182E-07,4.71238898,0.; 0006539P0004155
126,24,3,1,0,1,0,0.,0.,0.,0.,4.545454545E-02,9.090909091E-02,    0006541P0004156
0.136363636,0.181818182,0.227272727,0.272727273,0.318181818,     0006541P0004157
0.363636364,0.409090909,0.454545455,0.5,0.545454545,0.590909091, 0006541P0004158
0.636363636,0.681818182,0.727272727,0.772727273,0.818181818,     0006541P0004159
0.863636364,0.909090909,0.954545455,1.,1.,1.,1.,1.,1.,1.,1.,1.,  0006541P0004160
1.,1.,1.,1.,1.,1.,1.,1.,1.,1.,1.,1.,1.,1.,1.,1.,1.,1.,1.,1.,     0006541P0004161
5.602561182E-07,4.71238898,0.,-8.18177784E-16,4.719879456,0.,    0006541P0004162
1.336732793E-03,4.734896517,0.,7.368299494E-03,4.757496579,0.,   0006541P0004163
1.744191817E-02,4.780137348,0.,3.156380425E-02,4.802784732,0.,   0006541P0004164
4.973416655E-02,4.825404873,0.,7.194550292E-02,4.847963851,0.,   0006541P0004165
9.818609874E-02,4.870429794,0.,0.128428121,4.892766201,0.,       0006541P0004166
0.162692672,4.914969958,0.,0.201033808,4.937053133,0.,           0006541P0004167
0.243507329,4.959023706,0.,0.29017807,4.980890059,0.,0.34111844, 0006541P0004168
5.002659888,0.,0.396405804,5.024339239,0.,0.456133122,           0006541P0004169
5.045936703,0.,0.520364056,5.067445537,0.,0.589081516,           0006541P0004170
5.088829518,0.,0.662274001,5.11005904,0.,0.739920157,            0006541P0004171
5.131104679,0.,0.821993048,5.151939166,0.,0.908460016,           0006541P0004172
5.172536786,0.,0.96900716,5.186095281,0.,1.,5.192827252,0.,0.,   0006541P0004173
1.,-0.,-0.,1.;                                                   0006541P0004174
102,4,6545,6549,6551,6555;                                       0006543P0004175
100,0.,0.,0.,2.65,-1.776356839E-15,2.640133135,0.228466694;      0006545P0004176
124,0.462167876,0.886792453,0.,-12.495,-0.886792453,0.462167876, 0006547P0004177
0.,0.,0.,0.,1.,-0.5;                                             0006547P0004178
126,6,3,1,0,1,0,0.,0.,0.,0.,0.25,0.5,0.75,1.,1.,1.,1.,1.,1.,1.,  0006549P0004179
1.,1.,1.,1.,-11.072212737,-2.235660172,-0.5,-11.016812467,       0006549P0004180
-2.13970409,-0.44879155,-10.908535731,-1.952163281,-0.359724234, 0006549P0004181
-10.754763389,-1.685821772,-0.267036579,-10.606528571,           0006549P0004182
-1.429071536,-0.212197535,-10.508448707,-1.259192228,-0.2,       0006549P0004183
-10.459840301,-1.175,-0.2,0.,1.,0.866025404,-0.5,                0006549P0004184
1.514978867E-11;                                                 0006549P0004185
100,0.,0.,0.,1.175,-2.035159699,2.35,0.;                         0006551P0004186
124,0.,-1.,0.,-12.495,-1.,0.,0.,0.,0.,0.,-1.,-0.2;               0006553P0004187
126,5,3,1,0,1,0,0.,0.,0.,0.,0.333333333,0.666666667,1.,1.,1.,1., 0006555P0004188
1.,1.,1.,1.,1.,1.,-12.495,-2.35,-0.2,-12.365913612,-2.35,-0.2,   0006555P0004189
-12.103192797,-2.35,-0.22182726,-11.705161651,-2.35,             0006555P0004190
-0.318885307,-11.417784406,-2.35,-0.431816707,-11.270255129,     0006555P0004191
-2.35,-0.5,0.,1.,-8.780722405E-16,1.,0.;                         0006555P0004192
144,6559,1,0,6567;                                               0006557P0004193
120,6563,6565,5.759586532,6.283185307;                           0006559P0004194
124,1.,0.,0.,-12.495,0.,-1.,0.,0.,0.,0.,-1.,-0.35;               0006561P0004195
110,0.,0.,1.,0.,0.,0.;                                           0006563P0004196
110,2.349999832,0.,-0.150000168,2.65,0.,0.15;                    0006565P0004197
142,0,6559,6569,6579,3;                                          0006567P0004198
102,4,6571,6573,6575,6577;                                       0006569P0004199
110,1.,6.240024803,0.,1.,6.283185307,0.;                         0006571P0004200
110,1.,6.283185307,0.,5.602596657E-07,6.283185307,0.;            0006573P0004201
110,5.602596657E-07,6.283185307,0.,5.602596654E-07,5.759586532,  0006575P0004202
0.;                                                              0006575P0004203
126,24,3,1,0,1,0,0.,0.,0.,0.,4.545454545E-02,9.090909091E-02,    0006577P0004204
0.136363636,0.181818182,0.227272727,0.272727273,0.318181818,     0006577P0004205
0.363636364,0.409090909,0.454545455,0.5,0.545454545,0.590909091, 0006577P0004206
0.636363636,0.681818182,0.727272727,0.772727273,0.818181818,     0006577P0004207
0.863636364,0.909090909,0.954545455,1.,1.,1.,1.,1.,1.,1.,1.,1.,  0006577P0004208
1.,1.,1.,1.,1.,1.,1.,1.,1.,1.,1.,1.,1.,1.,1.,1.,1.,1.,1.,1.,     0006577P0004209
5.602547124E-07,5.759586532,0.,-2.701124318E-16,5.767077007,0.,  0006577P0004210
1.336732795E-03,5.782094068,0.,7.368299498E-03,5.80469413,0.,    0006577P0004211
1.744191818E-02,5.827334899,0.,3.156380425E-02,5.849982283,0.,   0006577P0004212
4.973416656E-02,5.872602424,0.,7.194550293E-02,5.895161402,0.,   0006577P0004213
9.818609874E-02,5.917627345,0.,0.128428121,5.939963752,0.,       0006577P0004214
0.162692672,5.962167509,0.,0.201033808,5.984250684,0.,           0006577P0004215
0.243507329,6.006221257,0.,0.29017807,6.02808761,0.,0.34111844,  0006577P0004216
6.049857439,0.,0.396405804,6.07153679,0.,0.456133122,            0006577P0004217
6.093134254,0.,0.520364056,6.114643088,0.,0.589081516,           0006577P0004218
6.136027069,0.,0.662274001,6.157256591,0.,0.739920157,           0006577P0004219
6.17830223,0.,0.821993048,6.199136717,0.,0.908460016,            0006577P0004220
6.219734338,0.,0.96900716,6.233292833,0.,1.,6.240024803,0.,0.,   0006577P0004221
1.,-0.,-0.,1.;                                                   0006577P0004222
102,4,6581,6585,6587,6591;                                       0006579P0004223
100,0.,0.,0.,2.65,1.110223025E-16,2.647532135,0.114339828;       0006581P0004224
124,0.99906873,4.314710499E-02,0.,-12.495,-4.314710499E-02,      0006583P0004225
0.99906873,0.,0.,0.,0.,1.,-0.5;                                  0006583P0004226
110,-9.845,0.,-0.5,-10.145,0.,-0.2;                              0006585P0004227
100,0.,0.,0.,2.035159699,-1.175,2.35,-8.881784197E-16;           0006587P0004228
124,0.866025404,-0.5,0.,-12.495,-0.5,-0.866025404,0.,0.,0.,0.,   0006589P0004229
-1.,-0.2;                                                        0006589P0004230
126,5,3,1,0,1,0,0.,0.,0.,0.,0.333333333,0.666666667,1.,1.,1.,1., 0006591P0004231
1.,1.,1.,1.,1.,1.,-10.459840301,-1.175,-0.2,-10.395297107,       0006591P0004232
-1.063207909,-0.2,-10.263936699,-0.835685008,-0.22182726,        0006591P0004233
-10.064921126,-0.490979925,-0.318885307,-9.921232504,            0006591P0004234
-0.24210393,-0.431816707,-9.847467865,-0.114339828,-0.5,0.,1.,   0006591P0004235
-0.866025404,0.5,3.595178981E-11;                                0006591P0004236
144,6595,1,1,6597,6629;                                          0006593P0004237
108,-0.,-0.,1.,-0.2,0,-12.495,0.,-0.2,0.;                        0006595P0004238
142,0,6595,0,6599,2;                                             0006597P0004239
102,7,6601,6605,6609,6613,6617,6621,6625;                        0006599P0004240
100,0.,0.,0.,2.35,8.881784197E-16,1.175,2.035159699;             0006601P0004241
124,-0.866025404,0.5,0.,-12.495,-0.5,-0.866025404,0.,0.,0.,0.,   0006603P0004242
1.,-0.2;                                                         0006603P0004243
100,0.,0.,0.,2.35,0.,1.175,2.035159699;                          0006605P0004244
124,0.,1.,0.,-12.495,-1.,0.,0.,0.,0.,0.,1.,-0.2;                 0006607P0004245
100,0.,0.,0.,2.35,0.,2.035159699,1.175;                          0006609P0004246
124,0.866025404,0.5,0.,-12.495,-0.5,0.866025404,0.,0.,0.,0.,1.,  0006611P0004247
-0.2;                                                            0006611P0004248
100,0.,0.,0.,2.035159699,-1.175,2.35,-8.881784197E-16;           0006613P0004249
124,0.866025404,-0.5,-0.,-12.495,0.5,0.866025404,0.,0.,0.,0.,1., 0006615P0004250
-0.2;                                                            0006615P0004251
100,0.,0.,0.,1.175,-2.035159699,2.35,0.;                         0006617P0004252
124,0.,-1.,-0.,-12.495,1.,0.,0.,0.,0.,0.,1.,-0.2;                0006619P0004253
100,0.,0.,0.,1.175,-2.035159699,2.35,-8.881784197E-16;           0006621P0004254
124,-0.866025404,-0.5,-0.,-12.495,0.5,-0.866025404,0.,0.,0.,-0., 0006623P0004255
1.,-0.2;                                                         0006623P0004256
100,0.,0.,0.,2.35,-8.881784197E-16,1.175,2.035159699;            0006625P0004257
124,-0.866025404,-0.5,0.,-12.495,0.5,-0.866025404,0.,0.,0.,0.,   0006627P0004258
1.,-0.2;                                                         0006627P0004259
142,0,6595,0,6631,2;                                             0006629P0004260
102,2,6633,6637;                                                 0006631P0004261
100,0.,0.,0.,-1.1303,1.384218277E-16,1.1303,-2.768436554E-16;    0006633P0004262
124,-1.,0.,0.,-12.495,0.,1.,0.,0.,0.,0.,-1.,-0.2;                0006635P0004263
100,0.,0.,0.,1.1303,0.,-1.1303,1.384218277E-16;                  0006637P0004264
124,-1.,0.,0.,-12.495,0.,1.,0.,0.,0.,0.,-1.,-0.2;                0006639P0004265
144,6643,1,0,6651;                                               0006641P0004266
120,6647,6649,3.141592654,6.283185307;                           0006643P0004267
124,1.,0.,0.,-12.495,0.,1.,0.,0.,0.,0.,-1.,-13.85;               0006645P0004268
110,0.,0.,1.,0.,0.,0.;                                           0006647P0004269
110,1.1303,0.,-13.65,1.1303,0.,-10.15;                           0006649P0004270
142,0,6643,6653,6663,3;                                          0006651P0004271
102,4,6655,6657,6659,6661;                                       0006653P0004272
110,1.,3.141592654,0.,1.,6.283185307,0.;                         0006655P0004273
110,1.,6.283185307,0.,2.220446049E-16,6.283185307,0.;            0006657P0004274
110,4.930380658E-32,6.283185307,0.,-1.993067713E-16,3.141592654, 0006659P0004275
0.;                                                              0006659P0004276
110,0.,3.141592654,0.,1.,3.141592654,0.;                         0006661P0004277
102,4,6665,6669,6671,6675;                                       0006663P0004278
100,0.,0.,0.,1.1303,0.,-1.1303,1.384218277E-16;                  0006665P0004279
124,-1.,0.,0.,-12.495,0.,1.,0.,0.,0.,0.,-1.,-3.7;                0006667P0004280
110,-11.3647,0.,-3.7,-11.3647,0.,-0.2;                           0006669P0004281
100,0.,0.,0.,-1.1303,1.384218277E-16,1.1303,-2.768436554E-16;    0006671P0004282
124,-1.,0.,-0.,-12.495,0.,-1.,0.,0.,0.,-0.,1.,-0.2;              0006673P0004283
110,-13.6253,0.,-0.2,-13.6253,0.,-3.7;                           0006675P0004284
144,6679,1,0,6687;                                               0006677P0004285
120,6683,6685,0.,3.141592654;                                    0006679P0004286
124,1.,0.,0.,-12.495,0.,1.,0.,0.,0.,0.,-1.,-13.85;               0006681P0004287
110,0.,0.,1.,0.,0.,0.;                                           0006683P0004288
110,1.1303,0.,-13.65,1.1303,0.,-10.15;                           0006685P0004289
142,0,6679,6689,6699,3;                                          0006687P0004290
102,4,6691,6693,6695,6697;                                       0006689P0004291
110,-1.993067713E-16,3.141592654,0.,-3.986135426E-16,            0006691P0004292
8.881784197E-16,0.;                                              0006691P0004293
110,-1.110223025E-16,1.887379142E-15,0.,1.,2.664535259E-15,0.;   0006693P0004294
110,1.,1.776356839E-15,0.,1.,3.141592654,0.;                     0006695P0004295
110,1.,3.141592654,0.,0.,3.141592654,0.;                         0006697P0004296
102,4,6701,6705,6707,6711;                                       0006699P0004297
100,0.,0.,0.,1.1303,0.,-1.1303,1.384218277E-16;                  0006701P0004298
124,-1.,0.,0.,-12.495,0.,-1.,0.,0.,0.,0.,1.,-0.2;                0006703P0004299
110,-11.3647,0.,-0.2,-11.3647,0.,-3.7;                           0006705P0004300
100,0.,0.,0.,-1.1303,1.384218277E-16,1.1303,-2.768436554E-16;    0006707P0004301
124,-1.,0.,0.,-12.495,0.,1.,0.,0.,0.,0.,-1.,-3.7;                0006709P0004302
110,-13.6253,0.,-3.7,-13.6253,0.,-0.2;                           0006711P0004303
144,6715,1,0,6723;                                               0006713P0004304
120,6719,6721,0.,3.141592654;                                    0006715P0004305
124,-1.,0.,0.,-12.495,0.,1.,0.,0.,0.,0.,1.,-4.014002063;         0006717P0004306
110,0.,0.,1.,0.,0.,0.;                                           0006719P0004307
110,3.541611449E-14,0.,-0.338576947,1.1303,0.,0.314002063;       0006721P0004308
142,0,6715,6725,6733,3;                                          0006723P0004309
102,3,6727,6729,6731;                                            0006725P0004310
110,1.,1.776356839E-15,0.,1.,3.141592654,0.;                     0006727P0004311
126,24,3,0,0,1,0,0.,0.,0.,0.,5.932536448E-02,0.118650729,        0006729P0004312
0.177976093,0.237301458,0.296626822,0.355952187,0.415277551,     0006729P0004313
0.474602916,0.53392828,0.593253645,0.652579009,0.711904374,      0006729P0004314
0.771229738,0.830555103,0.889880467,0.949205832,1.008531196,     0006729P0004315
1.067856561,1.127181925,1.18650729,1.245832654,1.305158019,      0006729P0004316
1.305158019,1.305158019,1.305158019,1.,1.,1.,1.,1.,1.,1.,1.,1.,  0006729P0004317
1.,1.,1.,1.,1.,1.,1.,1.,1.,1.,1.,1.,1.,1.,1.,1.,1.,3.141592654,  0006729P0004318
0.,0.984848485,3.141592654,0.,0.954545455,3.141592654,0.,        0006729P0004319
0.909090909,3.141592654,0.,0.863636364,3.141592654,0.,           0006729P0004320
0.818181818,3.141592654,0.,0.772727273,3.141592654,0.,           0006729P0004321
0.727272727,3.141592654,0.,0.681818182,3.141592654,0.,           0006729P0004322
0.636363636,3.141592654,0.,0.590909091,3.141592654,0.,           0006729P0004323
0.545454545,3.141592654,0.,0.5,3.141592654,0.,0.454545455,       0006729P0004324
3.141592654,0.,0.409090909,3.141592654,0.,0.363636364,           0006729P0004325
3.141592654,0.,0.318181818,3.141592654,0.,0.272727273,           0006729P0004326
3.141592654,0.,0.227272727,3.141592654,0.,0.181818182,           0006729P0004327
3.141592654,0.,0.136363636,3.141592654,0.,9.090909091E-02,       0006729P0004328
3.141592654,0.,4.545454545E-02,3.141592654,0.,1.515151515E-02,   0006729P0004329
3.141592654,0.,-4.494102544E-16,3.141592654,0.,0.,1.305158019,   0006729P0004330
0.,0.,1.;                                                        0006729P0004331
110,-1.068949031E-15,1.776356839E-15,0.,1.,2.066160136E-15,0.;   0006731P0004332
102,3,6735,6739,6741;                                            0006733P0004333
100,0.,0.,0.,1.1303,0.,-1.1303,1.384218277E-16;                  0006735P0004334
124,-1.,0.,0.,-12.495,0.,-1.,0.,0.,0.,0.,1.,-3.7;                0006737P0004335
110,-11.3647,0.,-3.7,-12.495,0.,-4.352579009;                    0006739P0004336
110,-12.495,0.,-4.352579009,-13.6253,0.,-3.7;                    0006741P0004337
144,6745,1,0,6753;                                               0006743P0004338
120,6749,6751,3.141592654,6.283185307;                           0006745P0004339
124,-1.,0.,0.,-12.495,0.,1.,0.,0.,0.,0.,1.,-4.014002063;         0006747P0004340
110,0.,0.,1.,0.,0.,0.;                                           0006749P0004341
110,3.541611449E-14,0.,-0.338576947,1.1303,0.,0.314002063;       0006751P0004342
142,0,6745,6755,6763,3;                                          0006753P0004343
102,3,6757,6759,6761;                                            0006755P0004344
126,24,3,0,0,1,0,0.,0.,0.,0.,5.932536448E-02,0.118650729,        0006757P0004345
0.177976093,0.237301458,0.296626822,0.355952187,0.415277551,     0006757P0004346
0.474602916,0.53392828,0.593253645,0.652579009,0.711904374,      0006757P0004347
0.771229738,0.830555103,0.889880467,0.949205832,1.008531196,     0006757P0004348
1.067856561,1.127181925,1.18650729,1.245832654,1.305158019,      0006757P0004349
1.305158019,1.305158019,1.305158019,1.,1.,1.,1.,1.,1.,1.,1.,1.,  0006757P0004350
1.,1.,1.,1.,1.,1.,1.,1.,1.,1.,1.,1.,1.,1.,1.,1.,                 0006757P0004351
-4.494102544E-16,3.141592654,0.,1.515151515E-02,3.141592654,0.,  0006757P0004352
4.545454545E-02,3.141592654,0.,9.090909091E-02,3.141592654,0.,   0006757P0004353
0.136363636,3.141592654,0.,0.181818182,3.141592654,0.,           0006757P0004354
0.227272727,3.141592654,0.,0.272727273,3.141592654,0.,           0006757P0004355
0.318181818,3.141592654,0.,0.363636364,3.141592654,0.,           0006757P0004356
0.409090909,3.141592654,0.,0.454545455,3.141592654,0.,0.5,       0006757P0004357
3.141592654,0.,0.545454545,3.141592654,0.,0.590909091,           0006757P0004358
3.141592654,0.,0.636363636,3.141592654,0.,0.681818182,           0006757P0004359
3.141592654,0.,0.727272727,3.141592654,0.,0.772727273,           0006757P0004360
3.141592654,0.,0.818181818,3.141592654,0.,0.863636364,           0006757P0004361
3.141592654,0.,0.909090909,3.141592654,0.,0.954545455,           0006757P0004362
3.141592654,0.,0.984848485,3.141592654,0.,1.,3.141592654,0.,0.,  0006757P0004363
1.305158019,0.,0.,1.;                                            0006757P0004364
110,1.,3.141592654,0.,1.,6.283185307,0.;                         0006759P0004365
110,1.,6.283185307,0.,0.,6.283185307,0.;                         0006761P0004366
102,3,6765,6767,6771;                                            0006763P0004367
110,-12.495,0.,-4.352579009,-11.3647,0.,-3.7;                    0006765P0004368
100,0.,0.,0.,-1.1303,1.384218277E-16,1.1303,-2.768436554E-16;    0006767P0004369
124,-1.,0.,-0.,-12.495,0.,-1.,0.,0.,0.,-0.,1.,-3.7;              0006769P0004370
110,-13.6253,0.,-3.7,-12.495,0.,-4.352579009;                    0006771P0004371
144,6775,1,0,6783;                                               0006773P0004372
120,6779,6781,0.,0.523598776;                                    0006775P0004373
124,1.,0.,0.,-12.495,0.,-1.,0.,0.,0.,0.,-1.,-0.35;               0006777P0004374
110,0.,0.,1.,0.,0.,0.;                                           0006779P0004375
110,2.349999856,0.,-0.150000144,2.65,0.,0.15;                    0006781P0004376
142,0,6775,6785,6795,3;                                          0006783P0004377
102,4,6787,6789,6791,6793;                                       0006785P0004378
110,4.796415789E-07,0.523598776,0.,4.796415793E-07,              0006787P0004379
1.33226763E-15,0.;                                               0006787P0004380
110,4.796415793E-07,1.776356839E-15,0.,1.,1.870562387E-15,0.;    0006789P0004381
110,1.,1.61676228E-15,0.,1.,4.316050385E-02,0.;                  0006791P0004382
126,24,3,1,0,1,0,0.,0.,0.,0.,4.545454545E-02,9.090909091E-02,    0006793P0004383
0.136363636,0.181818182,0.227272727,0.272727273,0.318181818,     0006793P0004384
0.363636364,0.409090909,0.454545455,0.5,0.545454545,0.590909091, 0006793P0004385
0.636363636,0.681818182,0.727272727,0.772727273,0.818181818,     0006793P0004386
0.863636364,0.909090909,0.954545455,1.,1.,1.,1.,1.,1.,1.,1.,1.,  0006793P0004387
1.,1.,1.,1.,1.,1.,1.,1.,1.,1.,1.,1.,1.,1.,1.,1.,1.,1.,1.,1.,1.,  0006793P0004388
4.316050385E-02,0.,0.968964247,4.990185145E-02,0.,0.90836026,    0006793P0004389
6.347133094E-02,0.,0.821881228,8.406534837E-02,0.,0.739855032,   0006793P0004390
0.104879272,0.,0.66230232,0.125890891,0.,0.589237256,0.14707732, 0006793P0004391
0.,0.520677861,0.168411867,0.,0.456596119,0.189877877,0.,        0006793P0004392
0.396923606,0.211469833,0.,0.341602642,0.233179914,0.,           0006793P0004393
0.29057504,0.255000985,0.,0.243785284,0.276925812,0.,            0006793P0004394
0.201179617,0.298947246,0.,0.162718777,0.32106468,0.,            0006793P0004395
0.128368243,0.343277734,0.,9.809786193E-02,0.365586508,0.,       0006793P0004396
7.188316715E-02,0.387990221,0.,4.970109507E-02,0.410491942,0.,   0006793P0004397
3.154967337E-02,0.43307682,0.,1.743902796E-02,0.455711565,0.,    0006793P0004398
7.369610455E-03,0.478366235,0.,1.337653773E-03,0.501009643,0.,   0006793P0004399
-3.018296212E-15,0.516077181,0.,4.796366258E-07,0.523598776,0.,  0006793P0004400
0.,1.,-0.,-0.,1.;                                                0006793P0004401
102,4,6797,6801,6803,6807;                                       0006795P0004402
100,0.,0.,0.,2.35,0.,2.035159699,1.175;                          0006797P0004403
124,0.866025404,0.5,0.,-12.495,0.5,-0.866025404,0.,0.,0.,0.,-1., 0006799P0004404
-0.2;                                                            0006799P0004405
110,-10.145,0.,-0.2,-9.845,0.,-0.5;                              0006801P0004406
100,0.,0.,0.,2.647532135,-0.114339828,2.65,-6.661338148E-16;     0006803P0004407
124,0.99906873,-4.314710499E-02,-0.,-12.495,4.314710499E-02,     0006805P0004408
0.99906873,0.,0.,0.,0.,1.,-0.5;                                  0006805P0004409
126,6,3,1,0,1,0,0.,0.,0.,0.,0.25,0.5,0.75,1.,1.,1.,1.,1.,1.,1.,  0006807P0004410
1.,1.,1.,1.,-9.847467865,0.114339828,-0.5,-9.902868135,          0006807P0004411
0.21029591,-0.44879155,-10.011144871,0.397836719,-0.359724234,   0006807P0004412
-10.164917214,0.664178228,-0.267036579,-10.313152032,            0006807P0004413
0.920928464,-0.212197535,-10.411231895,1.090807772,-0.2,         0006807P0004414
-10.459840301,1.175,-0.2,0.,1.,-0.866025404,-0.5,                0006807P0004415
1.433068527E-11;                                                 0006807P0004416
144,6811,1,0,6813;                                               0006809P0004417
108,0.866025404,0.5,0.,-8.47098742,0,-9.781453735,0.,-0.2,0.;    0006811P0004418
142,0,6811,0,6815,2;                                             0006813P0004419
102,5,6817,6819,6821,6823,6825;                                  0006815P0004420
110,-11.072212737,2.235660172,-6.,-11.072212737,2.235660172,     0006817P0004421
-0.5;                                                            0006817P0004422
126,5,3,1,0,1,0,0.,0.,0.,0.,0.333333333,0.666666667,1.,1.,1.,1., 0006819P0004423
1.,1.,1.,1.,1.,1.,-11.072212737,2.235660172,-0.5,-10.998448098,  0006819P0004424
2.10789607,-0.431816707,-10.854759476,1.859020075,-0.318885307,  0006819P0004425
-10.655743903,1.514314992,-0.22182726,-10.524383495,1.286792091, 0006819P0004426
-0.2,-10.459840301,1.175,-0.2,0.,1.,-0.866025404,-0.5,           0006819P0004427
2.729750981E-11;                                                 0006819P0004428
126,6,3,1,0,1,0,0.,0.,0.,0.,0.25,0.5,0.75,1.,1.,1.,1.,1.,1.,1.,  0006821P0004429
1.,1.,1.,1.,-10.459840301,1.175,-0.2,-10.411231895,1.090807772,  0006821P0004430
-0.2,-10.313152032,0.920928464,-0.212197535,-10.164917214,       0006821P0004431
0.664178228,-0.267036579,-10.011144871,0.397836719,-0.359724234, 0006821P0004432
-9.902868135,0.21029591,-0.44879155,-9.847467865,0.114339828,    0006821P0004433
-0.5,0.,1.,-0.866025404,-0.5,1.432887309E-11;                    0006821P0004434
110,-9.847467865,0.114339828,-0.5,-9.847467865,0.114339828,-6.;  0006823P0004435
110,-9.847467865,0.114339828,-6.,-11.072212737,2.235660172,-6.;  0006825P0004436
144,6829,1,0,6831;                                               0006827P0004437
108,-0.866025404,-0.5,0.,13.17098742,0,-15.208546265,0.,-0.2,0.; 0006829P0004438
142,0,6829,0,6833,2;                                             0006831P0004439
102,5,6835,6837,6839,6841,6843;                                  0006833P0004440
110,-13.917787263,-2.235660172,-6.,-13.917787263,-2.235660172,   0006835P0004441
-0.5;                                                            0006835P0004442
126,5,3,1,0,1,0,0.,0.,0.,0.,0.333333333,0.666666667,1.,1.,1.,1., 0006837P0004443
1.,1.,1.,1.,1.,1.,-13.917787263,-2.235660172,-0.5,-13.991551902, 0006837P0004444
-2.10789607,-0.431816707,-14.135240524,-1.859020075,             0006837P0004445
-0.318885307,-14.334256097,-1.514314992,-0.22182726,             0006837P0004446
-14.465616505,-1.286792091,-0.2,-14.530159699,-1.175,-0.2,0.,1., 0006837P0004447
0.866025404,0.5,2.736775559E-11;                                 0006837P0004448
126,6,3,1,0,1,0,0.,0.,0.,0.,0.25,0.5,0.75,1.,1.,1.,1.,1.,1.,1.,  0006839P0004449
1.,1.,1.,1.,-14.530159699,-1.175,-0.2,-14.578768105,             0006839P0004450
-1.090807772,-0.2,-14.676847968,-0.920928464,-0.212197535,       0006839P0004451
-14.825082786,-0.664178228,-0.267036579,-14.978855129,           0006839P0004452
-0.397836719,-0.359724234,-15.087131865,-0.21029591,-0.44879155, 0006839P0004453
-15.142532135,-0.114339828,-0.5,0.,1.,0.866025404,0.5,           0006839P0004454
1.566625874E-11;                                                 0006839P0004455
110,-15.142532135,-0.114339828,-0.5,-15.142532135,-0.114339828,  0006841P0004456
-6.;                                                             0006841P0004457
110,-15.142532135,-0.114339828,-6.,-13.917787263,-2.235660172,   0006843P0004458
-6.;                                                             0006843P0004459
144,6847,1,0,6849;                                               0006845P0004460
108,-0.866025404,0.5,0.,13.17098742,0,-13.851773133,2.35,-0.2,   0006847P0004461
0.;                                                              0006847P0004462
142,0,6847,0,6851,2;                                             0006849P0004463
102,5,6853,6855,6857,6859,6861;                                  0006851P0004464
110,-15.142532135,0.114339828,-6.,-15.142532135,0.114339828,     0006853P0004465
-0.5;                                                            0006853P0004466
126,5,3,1,0,1,0,0.,0.,0.,0.,0.333333333,0.666666667,1.,1.,1.,1., 0006855P0004467
1.,1.,1.,1.,1.,1.,-15.142532135,0.114339828,-0.5,-15.068767496,  0006855P0004468
0.24210393,-0.431816707,-14.925078874,0.490979925,-0.318885307,  0006855P0004469
-14.726063301,0.835685008,-0.22182726,-14.594702893,1.063207909, 0006855P0004470
-0.2,-14.530159699,1.175,-0.2,0.,1.,0.866025404,-0.5,            0006855P0004471
1.961964614E-11;                                                 0006855P0004472
126,6,3,1,0,1,0,0.,0.,0.,0.,0.25,0.5,0.75,1.,1.,1.,1.,1.,1.,1.,  0006857P0004473
1.,1.,1.,1.,-14.530159699,1.175,-0.2,-14.481551293,1.259192228,  0006857P0004474
-0.2,-14.383471429,1.429071536,-0.212197535,-14.235236611,       0006857P0004475
1.685821772,-0.267036579,-14.081464269,1.952163281,-0.359724234, 0006857P0004476
-13.973187533,2.13970409,-0.44879155,-13.917787263,2.235660172,  0006857P0004477
-0.5,0.,1.,-0.866025404,0.5,1.516428608E-11;                     0006857P0004478
110,-13.917787263,2.235660172,-0.5,-13.917787263,2.235660172,    0006859P0004479
-6.;                                                             0006859P0004480
110,-13.917787263,2.235660172,-6.,-15.142532135,0.114339828,-6.; 0006861P0004481
144,6865,1,0,6867;                                               0006863P0004482
108,0.,1.,0.,2.35,0,-11.138226867,2.35,-0.2,0.;                  0006865P0004483
142,0,6865,0,6869,2;                                             0006867P0004484
102,5,6871,6873,6875,6877,6879;                                  0006869P0004485
110,-13.719744871,2.35,-6.,-13.719744871,2.35,-0.5;              0006871P0004486
126,5,3,1,0,1,0,0.,0.,0.,0.,0.333333333,0.666666667,1.,1.,1.,1., 0006873P0004487
1.,1.,1.,1.,1.,1.,-13.719744871,2.35,-0.5,-13.572215594,2.35,    0006873P0004488
-0.431816707,-13.284838349,2.35,-0.318885307,-12.886807203,2.35, 0006873P0004489
-0.22182726,-12.624086388,2.35,-0.2,-12.495,2.35,-0.2,0.,1.,     0006873P0004490
-4.390361202E-16,1.,0.;                                          0006873P0004491
126,6,3,1,0,1,0,0.,0.,0.,0.,0.25,0.5,0.75,1.,1.,1.,1.,1.,1.,1.,  0006875P0004492
1.,1.,1.,1.,-12.495,2.35,-0.2,-12.397783189,2.35,-0.2,           0006875P0004493
-12.201623461,2.35,-0.212197535,-11.905153825,2.35,-0.267036579, 0006875P0004494
-11.597609141,2.35,-0.359724234,-11.381055668,2.35,-0.44879155,  0006875P0004495
-11.270255129,2.35,-0.5,0.,1.,9.060878393E-16,1.,0.;             0006875P0004496
110,-11.270255129,2.35,-0.5,-11.270255129,2.35,-6.;              0006877P0004497
110,-11.270255129,2.35,-6.,-13.719744871,2.35,-6.;               0006879P0004498
144,6883,1,0,6885;                                               0006881P0004499
108,0.866025404,-0.5,0.,-8.47098742,0,-11.138226867,-2.35,-0.2,  0006883P0004500
0.;                                                              0006883P0004501
142,0,6883,0,6887,2;                                             0006885P0004502
102,5,6889,6891,6893,6895,6897;                                  0006887P0004503
110,-9.847467865,-0.114339828,-6.,-9.847467865,-0.114339828,     0006889P0004504
-0.5;                                                            0006889P0004505
126,5,3,1,0,1,0,0.,0.,0.,0.,0.333333333,0.666666667,1.,1.,1.,1., 0006891P0004506
1.,1.,1.,1.,1.,1.,-9.847467865,-0.114339828,-0.5,-9.921232504,   0006891P0004507
-0.24210393,-0.431816707,-10.064921126,-0.490979925,             0006891P0004508
-0.318885307,-10.263936699,-0.835685008,-0.22182726,             0006891P0004509
-10.395297107,-1.063207909,-0.2,-10.459840301,-1.175,-0.2,0.,1., 0006891P0004510
-0.866025404,0.5,3.595178981E-11;                                0006891P0004511
126,6,3,1,0,1,0,0.,0.,0.,0.,0.25,0.5,0.75,1.,1.,1.,1.,1.,1.,1.,  0006893P0004512
1.,1.,1.,1.,-10.459840301,-1.175,-0.2,-10.508448707,             0006893P0004513
-1.259192228,-0.2,-10.606528571,-1.429071536,-0.212197535,       0006893P0004514
-10.754763389,-1.685821772,-0.267036579,-10.908535731,           0006893P0004515
-1.952163281,-0.359724234,-11.016812467,-2.13970409,-0.44879155, 0006893P0004516
-11.072212737,-2.235660172,-0.5,0.,1.,0.866025404,-0.5,          0006893P0004517
1.514978867E-11;                                                 0006893P0004518
110,-11.072212737,-2.235660172,-0.5,-11.072212737,-2.235660172,  0006895P0004519
-6.;                                                             0006895P0004520
110,-11.072212737,-2.235660172,-6.,-9.847467865,-0.114339828,    0006897P0004521
-6.;                                                             0006897P0004522
406,1,11HC-2301843-2;                                            0006899P0004523
S      1G      4D   6900P   4523                                        T0000001
